0 27.6034
1 84.0817
2 71.5843
3 47.8692
4 42.0408
5 47.2906
6 70.8764
7 83.944
8 57.94
9 53.7511
10 53.9442
11 79.0997
12 140.215
13 568.828
14 568.828
15 53.4252
16 53.6826
17 54.9166
18 69.2083
19 53.5107
20 56.0538
21 50.958
22 53.3219
23 49.7597
24 37.5459
25 53.6843
26 53.8735
27 71.1318
28 70.7478
29 42.6889
30 45.2693
31 44.3989
32 56.4716
33 56.4249
34 48.5003
35 44.0425
36 83.9213
37 200.121
38 98.1373
39 60.7774
40 73.971
41 75.6036
42 103.648
43 39.0702
44 39.1849
45 46.4844
46 66.8842
47 81.7551
48 71.3659
49 46.5055
50 26.948
51 27.2456
52 31.2461
53 33.2579
54 25.3746
55 29.1037
56 35.5242
57 41.1093
58 62.7115
59 62.637
60 42.6221
61 43.5806
62 44.0797
63 70.6205
64 109.605
65 114.757
66 52.4235
67 26.0883
68 23.369
69 20.5743
70 22.604
71 22.3675
72 20.3807
73 18.4862
74 17.6614
75 19.0115
76 22.8764
77 6666.67
78 46.3445
79 41.3151
80 49.8156
81 49.8112
82 57.8977
83 58.0854
84 134.808
85 122.671
86 63.0134
87 51.9365
88 22.5888
89 24.3124
90 27.1019
91 28.2176
92 32.2456
93 32.2621
94 36.7347
95 37.7443
96 34.482
97 17.8294
98 24.5173
99 26.3643
100 25.1764
101 23.1378
102 26.7008
103 27.5938
104 27.0686
105 36.6014
106 40.8496
107 40.8487
108 58.4486
109 78.6164
110 74.9547
111 57.1337
112 36.5656
113 20.9956
114 21.1416
115 20.7523
116 25.9067
117 24.1135
118 21.2215
119 18.5141
120 17.4034
121 17.279
122 16.4783
123 18.5392
124 28.5451
125 33.4373
126 34.0136
127 33.2876
128 28.0243
129 32.3586
130 223.214
131 165.707
132 38.4762
133 30.6157
134 25.3613
135 27.5565
136 33.491
137 34.27
138 43.8373
139 55.0055
140 42.888
141 39.9646
142 40.0962
143 36.4314
144 37.1952
145 41.0169
146 40.2488
147 31.2946
148 26.2063
149 27.027
150 26.9683
151 27.4123
152 20.6974
153 17.4557
154 24.3396
155 31.7662
156 31.1553
157 34.103
158 38.0807
159 38.0788
160 33.8328
161 21.7728
162 16.5073
163 16.5728
164 16.1635
165 14.8498
166 14.9871
167 16.6483
168 18.3968
169 19.1939
170 19.9826
171 26.9153
172 29.2566
173 33.5451
174 41.632
175 35.9528
176 25.6542
177 25.6451
178 26.738
179 29.8503
180 27.2549
181 23.7078
182 20.4079
183 17.6125
184 20.4356
185 24.5216
186 27.1002
187 27.0521
188 22.7955
189 43.3746
190 43.4346
191 35.8657
192 28.8655
193 22.6246
194 124.069
195 115.005
196 63.3636
197 27.0004
198 24.6305
199 22.6683
200 19.082
201 15.884
202 17.0665
203 17.5302
204 17.5377
205 17.2687
206 19.9267
207 23.3447
208 26.8377
209 26.925
210 36.185
211 40.6504
212 33.8107
213 26.8026
214 33.1345
215 32.8814
216 26.8675
217 21.4605
218 23.4294
219 24.2836
220 23.6876
221 22.2029
222 19.3371
223 17.8565
224 17.7984
225 21.5243
226 25.6041
227 30.0377
228 33.6927
229 32.9597
230 31.7872
231 27.0464
232 22.6883
233 18.7128
234 15.1199
235 13.1886
236 13.5387
237 13.5796
238 14.2269
239 15.8637
240 17.5896
241 18.0897
242 17.7526
243 15.3582
244 19.1571
245 18.9507
246 17.2745
247 15.6759
248 15.361
249 15.9696
250 20.7848
251 23.2126
252 21.2871
253 23.7407
254 26.7674
255 26.9833
256 26.2002
257 22.05
258 18.114
259 21.843
260 24.2812
261 27.3373
262 24.4371
263 20.9132
264 17.6636
265 14.6882
266 15.6191
267 91.5751
268 63.8737
269 38.9307
270 21.0268
271 21.1416
272 24.7292
273 27.7162
274 24.6338
275 17.3564
276 20.8193
277 21.8436
278 21.8325
279 20.3759
280 21.2861
281 21.3675
282 20.9759
283 25.0802
284 39.5494
285 47.4834
286 38.0478
287 23.3314
288 20.1535
289 20.1694
290 20.6065
291 21.097
292 20.1452
293 22.9098
294 30.7767
295 27.7337
296 24.2246
297 20.9528
298 17.9183
299 15.121
300 12.561
301 11.4787
302 12.5114
303 13.5886
304 14.4514
305 14.4592
306 13.7034
307 13.4743
308 14.0056
309 14.5815
310 14.4969
311 17.689
312 19.7847
313 23.1803
314 22.0529
315 19.595
316 17.2823
317 15.1148
318 16.3863
319 15.8625
320 15.4321
321 17.5972
322 18.7899
323 20.8091
324 23.4412
325 21.781
326 20.8103
327 21.3766
328 21.3675
329 20.5022
330 18.2267
331 16.2127
332 16.118
333 15.4101
334 14.0105
335 12.8266
336 13.8359
337 14.0174
338 15.0256
339 17.1912
340 19.5025
341 21.9595
342 24.2954
343 22.0462
344 76.4526
345 72.3021
346 51.3531
347 33.9789
348 20.1797
349 19.3573
350 19.2863
351 17.9946
352 15.4555
353 14.0239
354 15.0535
355 15.5533
356 16.0756
357 21.9501
358 112.122
359 125
360 40.4304
361 20.5359
362 22.9976
363 29.1889
364 30.2297
365 24.9003
366 19.5283
367 20.4907
368 21.2134
369 24.6982
370 24.8755
371 22.6945
372 20.1045
373 18.4485
374 19.5777
375 20.6082
376 13.493
377 14.234
378 14.5679
379 14.5688
380 17.1253
381 20.3004
382 19.707
383 17.1203
384 14.7156
385 12.4928
386 12.1667
387 12.4279
388 14.1827
389 15.3369
390 15.6838
391 15.6809
392 15.2078
393 13.9251
394 14.225
395 16.4602
396 18.8584
397 20.9205
398 19.872
399 16.7785
400 16.503
401 15.029
402 16.1371
403 16.6934
404 18.311
405 18.9777
406 18.997
407 18.6859
408 17.4414
409 15.2461
410 12.0998
411 11.4422
412 12.334
413 13.2594
414 14.2181
415 14.8213
416 16.4957
417 18.2597
418 20.1133
419 22.0167
420 23.115
421 22.0124
422 19.8724
423 17.8419
424 15.9207
425 68.4932
426 63.1593
427 46.4248
428 32.2609
429 20.6676
430 18.5102
431 18.5117
432 17.9067
433 15.998
434 13.5256
435 15.2422
436 17.7746
437 777.428
438 688.515
439 18.3083
440 18.3057
441 17.6181
442 19.4983
443 21.8204
444 26.0094
445 29.2227
446 25.7669
447 20.3191
448 19.1791
449 20.333
450 22.3414
451 22.2583
452 19.8324
453 17.2974
454 15.7978
455 15.7565
456 17.1576
457 18.6185
458 19.5297
459 18.3891
460 15.7431
461 13.3025
462 12.9864
463 13.1268
464 13.1258
465 12.9372
466 12.567
467 12.6839
468 12.6797
469 13.9483
470 15.0138
471 15.3563
472 15.3558
473 14.9676
474 13.8562
475 15.0824
476 16.9101
477 18.8423
478 19.2012
479 14.8532
480 15.9071
481 16.3292
482 15.7952
483 15.9591
484 15.8384
485 16.0415
486 17.5015
487 18.1193
488 18.1422
489 17.8883
490 16.813
491 14.8955
492 12.1357
493 11.9942
494 12.9925
495 14.0095
496 13.9182
497 13.5544
498 14.9566
499 16.4279
500 17.9839
501 19.5939
502 22.1093
503 21.388
504 19.4878
505 17.676
506 15.9526
507 64.3501
508 61.2414
509 46.1486
510 33.1876
511 22.3583
512 18.1995
513 18.2815
514 18.049
515 16.7167
516 14.4921
517 14.727
518 15.6213
519 2380.71
520 17.8686
521 18.5117
522 18.5117
523 17.8785
524 19.6827
525 22.0393
526 26.5929
527 29.6209
528 25.9202
529 20.3876
530 18.9897
531 18.9651
532 18.2218
533 21.2613
534 21.6637
535 20.5102
536 18.1669
537 15.9657
538 14.5385
539 15.8066
540 17.1276
541 18.5017
542 18.7829
543 16.2693
544 13.8155
545 12.7747
546 12.7779
547 12.6705
548 12.2712
549 11.8635
550 12.1956
551 13.2139
552 14.6501
553 15.3244
554 15.3799
555 15.2332
556 14.3765
557 12.7544
558 12.3785
559 13.4631
560 14.0959
561 15.6777
562 17.3435
563 17.9986
564 15.625
565 15.9185
566 15.5588
567 14.7277
568 15.1653
569 16.2272
570 17.6961
571 18.244
572 18.2482
573 17.8709
574 16.5768
575 14.3616
576 12.3761
577 13.3897
578 14.0805
579 13.0299
580 12.7096
581 12.8667
582 12.5457
583 13.1327
584 14.59
585 15.8039
586 17.2321
587 18.7221
588 19.3199
589 62.8931
590 55.6765
591 41.7848
592 29.8834
593 19.9721
594 18.5562
595 18.5666
596 18.1222
597 16.5054
598 14.4627
599 15.8555
600 16.5635
601 17.3488
602 352.113
603 134.937
604 19.4887
605 19.8367
606 22.3186
607 26.5828
608 31.2695
609 28.1108
610 22.1863
611 19.6539
612 19.6541
613 19.1194
614 17.4708
615 14.7079
616 15.2935
617 18.7899
618 22.2025
619 22.033
620 19.8454
621 17.7721
622 15.8821
623 17.1511
624 18.2682
625 11.9059
626 12.0087
627 12.1153
628 13.3229
629 15.0857
630 16.1394
631 15.15
632 12.9701
633 12.811
634 14.4447
635 15.4982
636 15.674
637 15.6009
638 14.7529
639 12.954
640 12.1314
641 14.1347
642 14.4092
643 13.7285
644 12.7898
645 13.7914
646 14.5815
647 14.5701
648 13.4057
649 14.8999
650 16.5125
651 17.1409
652 14.7988
653 16.3171
654 18.381
655 19.1639
656 19.1718
657 18.6658
658 16.8868
659 14.064
660 12.4463
661 12.7632
662 13.3333
663 12.2607
664 10.7533
665 11.5843
666 13.4989
667 13.4609
668 12.7818
669 63.3714
670 56.1975
671 42.0883
672 30.015
673 19.9777
674 19.2896
675 19.2901
676 18.6854
677 18.2925
678 18.3959
679 17.2579
680 17.7467
681 18.3825
682 21.1169
683 31.2353
684 88.187
685 106.157
686 40.8068
687 34.3171
688 31.2901
689 24.791
690 20.6753
691 20.7469
692 20.4734
693 19.0215
694 17.0358
695 17.0198
696 16.5601
697 15.4655
698 14.1053
699 15.348
700 16.0462
701 15.9012
702 15.1667
703 21.9587
704 21.2992
705 19.3622
706 17.5176
707 15.7652
708 14.1052
709 12.5375
710 11.0621
711 11.3983
712 11.6342
713 11.8411
714 13.2838
715 14.8095
716 16.0897
717 16.2285
718 15.993
719 14.4243
720 15.4847
721 15.6797
722 16.4096
723 15.2735
724 14.018
725 12.8164
726 12.7292
727 13.4735
728 13.4048
729 13.3548
730 12.5108
731 12.5574
732 14.0527
733 15.0102
734 17.7431
735 17.4242
736 16.7422
737 20.1812
738 20.9907
739 20.9223
740 19.0123
741 16.3305
742 13.8526
743 11.5784
744 11.1866
745 12.0202
746 66.0502
747 62.9465
748 47.0635
749 33.4857
750 22.2132
751 20.5159
752 20.517
753 19.8206
754 17.6185
755 17.7119
756 18.9708
757 19.2086
758 19.1471
759 22.3647
760 25.1936
761 25.2015
762 27.6057
763 39.3082
764 36.2826
765 52.9661
766 52.9661
767 29.8923
768 22.2928
769 21.2632
770 18.7561
771 15.0522
772 15.8635
773 17.7463
774 18.7128
775 18.8537
776 18.7628
777 17.8964
778 16.1137
779 14.8749
780 16.0593
781 17.289
782 17.8317
783 13.5018
784 14.2581
785 15.5999
786 17.0021
787 18.4646
788 22.0061
789 21.7329
790 19.825
791 18.0047
792 16.272
793 14.627
794 15.931
795 17.0299
796 17.0263
797 15.1356
798 18.9967
799 19.992
800 18.3309
801 16.5887
802 14.9334
803 13.365
804 12.893
805 14.2005
806 14.7275
807 13.3086
808 12.2459
809 13.0735
810 15.1168
811 16.4753
812 17.1492
813 17.2295
814 17.1384
815 16.4429
816 18.2274
817 19.7863
818 24.0384
819 23.2004
820 71.2251
821 62.0071
822 44.5189
823 29.9214
824 22.2565
825 22.3713
826 21.9575
827 19.7286
828 19.5743
829 20.9889
830 21.1506
831 20.9469
832 22.4756
833 26.2249
834 30.2632
835 47.4355
836 46.1526
837 37.1969
838 29.2064
839 24.0266
840 24.4499
841 24.3491
842 25.4454
843 32.4356
844 32.5098
845 23.5133
846 15.9023
847 17.1396
848 18.018
849 17.4703
850 17.3727
851 20.4228
852 21.6614
853 21.692
854 21.0884
855 18.7039
856 14.9974
857 14.0527
858 12.8237
859 12.4162
860 12.0068
861 11.7609
862 12.3215
863 13.2704
864 13.6649
865 13.1793
866 13.2426
867 13.5143
868 14.7581
869 16.0566
870 17.5752
871 19.2441
872 27.027
873 25.3019
874 22.4127
875 19.6987
876 17.4503
877 15.6563
878 13.9595
879 13.2779
880 15.0221
881 16.5893
882 16.196
883 13.6949
884 14.9501
885 17.6041
886 19.25
887 19.8877
888 19.8965
889 19.5172
890 79.8722
891 56.3921
892 36.9885
893 24.9174
894 25.0375
895 24.3689
896 23.0415
897 22.9013
898 23.6295
899 23.6156
900 23.477
901 27.9396
902 32.7902
903 36.432
904 37.1741
905 40.3226
906 37.3701
907 28.5498
908 27.0865
909 27.3373
910 26.9032
911 24.0296
912 18.4658
913 14.0292
914 13.9682
915 15.0858
916 17.5707
917 20.873
918 22.4517
919 19.9778
920 15.8497
921 16.8346
922 18.1575
923 20.4748
924 21.0349
925 25.2599
926 26.2329
927 24.9264
928 21.3474
929 18.0457
930 15.0212
931 14.5516
932 16.4682
933 17.1468
934 15.3657
935 15.3523
936 14.3496
937 12.9354
938 13.9273
939 15.0609
940 16.239
941 16.8691
942 31.803
943 32.7439
944 29.5862
945 24.3285
946 19.5847
947 15.355
948 13.4622
949 14.6874
950 16.5035
951 7.84906
952 18.9825
953 19.3723
954 94.3396
955 84.9725
956 54.5447
957 30.8338
958 28.9855
959 28.2156
960 23.9641
961 26.6371
962 26.8817
963 26.3648
964 30.9035
965 37.2147
966 41.841
967 25.634
968 27.9156
969 31.4523
970 31.5457
971 29.8711
972 30.0463
973 31.3479
974 31.1598
975 27.3137
976 20.8671
977 18.5085
978 16.3827
979 15.9138
980 14.5663
981 15.8904
982 17.2722
983 17.4277
984 17.9986
985 17.2997
986 18.1327
987 18.5481
988 21.1919
989 22.31
990 22.3514
991 21.9023
992 19.9688
993 19.6078
994 18.6889
995 27.027
996 26.7346
997 23.5922
998 20.6463
999 17.8967
1000 15.5618
1001 15.2581
1002 13.7848
1003 12.9289
1004 13.9152
1005 14.7406
1006 21.2545
1007 31.8909
1008 35.9297
1009 35.9712
1010 33.312
1011 24.0895
1012 16.3136
1013 16.9235
1014 121.951
1015 83.8641
1016 41.787
1017 35.2112
1018 32.6676
1019 30.1411
1020 31.0559
1021 30.7655
1022 36.6476
1023 45.5673
1024 49.505
1025 23.1372
1026 20.0326
1027 23.8358
1028 25.4489
1029 25.5102
1030 24.8551
1031 27.6802
1032 35.4546
1033 37.3134
1034 34.1885
1035 20.6632
1036 20.7468
1037 18.9509
1038 16.6421
1039 14.4967
1040 15.8452
1041 17.2536
1042 18.5874
1043 18.1755
1044 20.6473
1045 21.1864
1046 21.8971
1047 21.9298
1048 20.159
1049 25.7763
1050 28.3749
1051 28.5714
1052 27.9354
1053 24.4666
1054 19.3798
1055 21.9298
1056 20.9805
1057 18.8519
1058 16.8372
1059 16.629
1060 18.9537
1061 21.4304
1062 24.0592
1063 24.6305
1064 25.6923
1065 27.1196
1066 38.8353
1067 40
1068 178.571
1069 110.241
1070 45.8716
1071 43.0147
1072 36.9724
1073 37.3134
1074 40.8588
1075 54.1999
1076 61.6522
1077 24.5077
1078 26.7072
1079 26.738
1080 25.4017
1081 21.1139
1082 32.6797
1083 31.7043
1084 27.0487
1085 27.4301
1086 33.5155
1087 40.21
1088 40.9695
1089 26.0336
1090 22.8425
1091 19.86
1092 17.086
1093 15.899
1094 17.3576
1095 18.8801
1096 19.9888
1097 17.1485
1098 17.1821
1099 16.8862
1100 18.5509
1101 18.5874
1102 21.8577
1103 28.6629
1104 28.7356
1105 40.3915
1106 40.6503
1107 34.9361
1108 25.0134
1109 18.3154
1110 18.1159
1111 19.1061
1112 20.9205
1113 19.2674
1114 16.1652
1115 15.8383
1116 384.615
1117 275.376
1118 66.5979
1119 45.5533
1120 45.8715
1121 59.3356
1122 81.9672
1123 27.1658
1124 22.792
1125 24.1546
1126 26.455
1127 24.5991
1128 34.3342
1129 38.167
1130 38.1679
1131 34.5
1132 23.4059
1133 26.858
1134 31.4465
1135 29.8546
1136 21.2261
1137 23.8474
1138 26.2548
1139 29.0698
1140 23.882
1141 30.2497
1142 30.303
1143 26.803
1144 21.8512
1145 17.4046
1146 17.0648
1147 17.4056
1148 19.7101
1149 22.1579
1150 24.5098
1151 30.9607
1152 34.965
1153 32.8558
1154 28.6082
1155 42.0168
1156 37.0294
1157 29.417
1158 185.185
1159 1644.52
1160 79.0035
1161 60.9756
1162 104.207
1163 121.951
1164 26.9783
1165 26.0416
1166 23.7048
1167 20.4918
1168 20.1947
1169 18.4473
1170 23.8291
1171 32.771
1172 37.8788
1173 63.2908
1174 63.29
1175 42.5754
1176 25.3079
1177 22.5137
1178 21.6941
1179 19.6754
1180 21.7907
1181 23.8095
1182 23.9234
1183 21.1522
1184 17.9279
1185 16.7755
1186 18.4948
1187 19.9755
1188 24.3586
1189 29.1761
1190 34.428
1191 52.4584
1192 58.8229
1193 51.6773
1194 120.756
1195 250
1196 160
1197 250
1198 31.7053
1199 29.51
1200 35.7143
1201 33.9509
1202 32.5947
1203 35.2112
1204 34.992
1205 28.8428
1206 23.2558
1207 23.5296
1208 26.0417
1209 31.7206
1210 39.0837
1211 45.8508
1212 68.4932
1213 51.9579
1214 34.496
1215 26.3902
1216 26.5957
1217 25.9556
1218 22.7341
1219 25.8481
1220 29.048
1221 31.25
1222 30.2563
1223 44.8761
1224 88.2993
1225 5000
1226 76.5306
1227 36.9345
1228 29.6406
1229 23.1482
1230 21.6276
1231 22.5225
1232 22.8259
1233 25.1256
1234 25.0714
1235 31.6526
1236 37.0369
1237 36.7927
1238 68.4932
1239 56.3965
1240 35.7264
1241 30.8642
1242 30.2561
1243 31.0558
1244 37.8151
1245 46.2963
1246 67.1928
1247 217.391
1248 118.764
1249 216.07
1250 54.1061
1251 76.5306
1252 156.25
1253 76.7963
1254 54.5635
1255 43.3716
1256 43.8595
1257 59.4502
1258 102.094
1259 250
1260 94.686
1261 48.0767
1262 113.636
1263 103.541
1264 60.1052
1265 59.7301
1266 103.048
1267 113.533
1268 41.8329
1269 39.205
1270 109.488
1271 700.071
1272 185.185
1273 357.143
1274 135.132
1275 142.857
1276 56.1798
1277 63.6286
1278 94.3396
1279 71.0654
1280 50.505
1281 50.0358
1282 73.8734
1283 94.3396
1284 78.125
1285 68.6646
1286 50.1929
1287 53.7632
1288 52.2824
1289 61.7284
1290 63.9234
1291 69.3237
1292 49.8675
1293 43.8596
1294 35.3385
1295 30.8641
1296 30.6922
1297 37.2067
1298 49.7632
1299 52.6316
1300 34.2465
1301 78.3704
1302 135.135
1303 67.8022
1304 36.936
1305 45.7903
1306 45.8714
1307 39.8878
1308 31.4465
1309 28.6834
1310 30.3174
1311 40.2165
1312 40.3226
1313 27.027
1314 26.7032
1315 30.1803
1316 34.7218
1317 34.9626
1318 33.3331
1319 30.9205
1320 26.2631
1321 22.67
1322 19.759
1323 22.1239
1324 22.7392
1325 25.8522
1326 67.5445
1327 113.636
1328 67.2405
1329 30.9092
1330 36.6547
1331 37.037
1332 35.4562
1333 27.8238
1334 27.4725
1335 24.3101
1336 23.1566
1337 23.3645
1338 24.8756
1339 23.5403
1340 20.363
1341 19.4433
1342 19.2993
1343 19.305
1344 18.9129
1345 21.8129
1346 25.2729
1347 28.9876
1348 29.4118
1349 23.2558
1350 23.4631
1351 24.5096
1352 26.0058
1353 26.0417
1354 21.0986
1355 20.2406
1356 38.0866
1357 61.5269
1358 87.7193
1359 24.127
1360 25.2449
1361 28.8395
1362 29.4118
1363 29.119
1364 26.0779
1365 19.7355
1366 18.892
1367 18.9394
1368 17.8992
1369 19.108
1370 20.5409
1371 22.7271
1372 22.6881
1373 34.7222
1374 32.586
1375 27.5421
1376 22.9221
1377 18.7259
1378 21.2658
1379 22.4215
1380 18.5302
1381 18.0955
1382 18.3823
1383 18.3643
1384 17.6525
1385 16.0504
1386 18.2706
1387 19.0114
1388 19.0051
1389 17.9915
1390 19.5108
1391 28.9384
1392 40.2181
1393 50.505
1394 49.843
1395 23.1475
1396 21.1058
1397 23.595
1398 24.2718
1399 24.2513
1400 23.0616
1401 20.0416
1402 17.1233
1403 16.3421
1404 15.4057
1405 17.0138
1406 18.7498
1407 19.305
1408 16.3929
1409 15.9236
1410 20.1142
1411 29.8333
1412 29.9401
1413 24.7885
1414 20.1229
1415 21.2766
1416 20.0782
1417 17.2386
1418 18.8274
1419 19.5312
1420 19.6078
1421 18.6592
1422 17.1304
1423 15.667
1424 15.3846
1425 18.4494
1426 18.7969
1427 17.8643
1428 15.9852
1429 18.8473
1430 24.7152
1431 31.3772
1432 35.2113
1433 34.6509
1434 22.0393
1435 17.3242
1436 19.0917
1437 19.8413
1438 20.4262
1439 20.4918
1440 20.2443
1441 18.945
1442 16.5323
1443 16.5739
1444 17.9211
1445 17.902
1446 17.0178
1447 17.8571
1448 17.2295
1449 15.745
1450 17.5906
1451 22.3321
1452 26.0417
1453 24.4395
1454 19.4663
1455 15.0582
1456 15.4358
1457 17.0519
1458 18.2482
1459 16.4974
1460 12.5628
1461 12.5609
1462 13.7234
1463 14.6411
1464 15.0602
1465 15.0591
1466 14.5576
1467 14.769
1468 14.98
1469 16.2495
1470 17.1821
1471 17.9878
1472 21.892
1473 26.1491
1474 27.1739
1475 26.3868
1476 19.5125
1477 15.3374
1478 15.9742
1479 16.9492
1480 16.2567
1481 17.4362
1482 17.8561
1483 17.8571
1484 17.5092
1485 16.4025
1486 14.7352
1487 13.6743
1488 13.5135
1489 13.5126
1490 15.4013
1491 15.9236
1492 16.7558
1493 19.7187
1494 22.6244
1495 22.089
1496 17.087
1497 16.2115
1498 17.6335
1499 17.7936
1500 17.5127
1501 17.7936
1502 16.6665
1503 17.1821
1504 16.4663
1505 15.3071
1506 14.1901
1507 13.2928
1508 13.369
1509 15.7572
1510 16.129
1511 15.1335
1512 13.8461
1513 12.616
1514 14.1133
1515 16.6311
1516 19.3555
1517 21.9701
1518 22.2222
1519 21.3796
1520 16.8217
1521 12.5483
1522 13.7845
1523 15.0787
1524 16.431
1525 16.7224
1526 14.536
1527 15.4533
1528 15.8162
1529 15.8228
1530 15.62
1531 14.8686
1532 14.6627
1533 14.0363
1534 15.6261
1535 16.2851
1536 18.359
1537 19.685
1538 17.6675
1539 14.0286
1540 12.3299
1541 12.2549
1542 12.2525
1543 12.8537
1544 13.2457
1545 13.2626
1546 13.1148
1547 12.8004
1548 13.9484
1549 15.1457
1550 16.0256
1551 14.3831
1552 11.9575
1553 12.6867
1554 13.369
1555 12.987
1556 13.6089
1557 13.624
1558 13.1599
1559 13.2626
1560 14.9381
1561 16.8902
1562 18.7462
1563 18.9394
1564 18.3949
1565 15.3152
1566 15.2905
1567 14.9988
1568 14.0468
1569 13.624
1570 13.5501
1571 13.1412
1572 12.5154
1573 13.6636
1574 14.8621
1575 15.2439
1576 14.245
1577 14.2444
1578 15.728
1579 17.2851
1580 17.301
1581 12.8289
1582 12.7551
1583 12.7444
1584 13.2999
1585 13.369
1586 12.9713
1587 12.4984
1588 12.5
1589 12.3711
1590 12.6263
1591 13.472
1592 13.5867
1593 12.9583
1594 13.9254
1595 14.9272
1596 15.9639
1597 15.9744
1598 15.7233
1599 15.3227
1600 14.3439
1601 13.3973
1602 12.4831
1603 12.1178
1604 12.2084
1605 13.1958
1606 14.6377
1607 16.1544
1608 16.835
1609 16.7612
1610 14.9682
1611 11.0842
1612 11.6428
1613 11.9943
1614 12.0773
1615 12.0698
1616 11.8679
1617 11.3908
1618 12.4391
1619 13.5399
1620 14.6874
1621 15.2905
1622 14.5528
1623 15.2439
1624 13.9113
1625 14.923
1626 15.2439
1627 12.9752
1628 13.0548
1629 13.2626
1630 13.089
1631 13.0881
1632 12.5863
1633 14.8367
1634 14.8178
1635 13.8203
1636 12.8575
1637 11.9295
1638 11.7371
1639 11.3307
1640 11.5099
1641 12.0242
1642 13.2325
1643 13.369
1644 11.8983
1645 12.1066
1646 12.5291
1647 12.5313
1648 12.215
1649 12.3264
1650 13.389
1651 14.4955
1652 14.6199
1653 15.1515
1654 15.072
1655 13.3456
1656 11.6468
1657 11.3636
1658 11.4943
1659 12.315
1660 13.2106
1661 13.587
1662 13.49
1663 13.6612
1664 12.5974
1665 14.1807
1666 14.2045
1667 13.4827
1668 14.1243
1669 13.5402
1670 12.7272
1671 12.9716
1672 13.0208
1673 12.7709
1674 12.1521
1675 11.7648
1676 12.0164
1677 13.0013
1678 14.0251
1679 14.245
1680 11.5385
1681 12.5628
1682 12.444
1683 11.8053
1684 12.0482
1685 11.2613
1686 11.246
1687 10.989
1688 11.4504
1689 11.7367
1690 11.7371
1691 11.7925
1692 11.7882
1693 11.8203
1694 11.8046
1695 12.4655
1696 13.3993
1697 13.9665
1698 13.891
1699 13.8477
1700 14.7354
1701 14.9254
1702 14.881
1703 14.4321
1704 13.7256
1705 13.7363
1706 11.8832
1707 11.1073
1708 11.3366
1709 11.3379
1710 11.2613
1711 11.2611
1712 11.9357
1713 12.1359
1714 12.086
1715 11.6894
1716 10.8041
1717 10.5914
1718 10.9646
1719 11.4022
1720 11.5207
1721 11.517
1722 11.3142
1723 11.1045
1724 10.989
1725 10.9493
1726 11.2676
1727 11.9876
1728 12.9607
1729 13.2979
1730 12.8873
1731 13.767
1732 14.4092
1733 12.7668
1734 12.7877
1735 12.8205
1736 12.6402
1737 12.3762
1738 12.1556
1739 12.9324
1740 13.5791
1741 13.5869
1742 12.8047
1743 11.9427
1744 11.1107
1745 10.8607
1746 11.1607
1747 10.9959
1748 11.0619
1749 11.0581
1750 11.6925
1751 12.7955
1752 12.9199
1753 11.4987
1754 10.8019
1755 10.8595
1756 12.2832
1757 12.3153
1758 13.2416
1759 13.9665
1760 13.0305
1761 13.3132
1762 13.9665
1763 12.559
1764 10.7378
1765 10.7301
1766 11.4945
1767 11.7371
1768 11.9613
1769 12.0925
1770 12.8018
1771 12.9534
1772 12.6547
1773 13.9665
1774 13.8659
1775 12.9629
1776 13.4771
1777 13.0151
1778 12.2629
1779 11.925
1780 12.3456
1781 12.7843
1782 12.8205
1783 12.1815
1784 11.2624
1785 11.2456
1786 12.232
1787 13.2599
1788 13.587
1789 11.9417
1790 10.4894
1791 11.7018
1792 12.3457
1793 11.7702
1794 11.3242
1795 10.2329
1796 10.3925
1797 10.395
1798 10.342
1799 11.1973
1800 11.6663
1801 11.7647
1802 11.7478
1803 11.4401
1804 11.32
1805 10.9852
1806 11.3282
1807 12.081
1808 12.8579
1809 13.6591
1810 14.4092
1811 14.4509
1812 14.4509
1813 13.606
1814 13.1963
1815 13.4048
1816 11.4219
1817 11.4514
1818 11.7371
1819 10.8225
1820 10.7256
1821 10.3164
1822 10.2653
1823 10.9398
1824 11.2509
1825 11.9048
1826 11.5467
1827 10.6756
1828 10.2458
1829 10.6538
1830 10.9312
1831 11.0132
1832 11.0123
1833 11.0375
1834 11.0602
1835 11.1111
1836 11.0921
1837 11.1023
1838 11.8527
1839 12.87
1840 13.089
1841 12.696
1842 13.5258
1843 14.0449
1844 12.8205
1845 12.7741
1846 12.6903
1847 12.2377
1848 11.9556
1849 11.5298
1850 12.2147
1851 12.8205
1852 12.6582
1853 12.6431
1854 11.899
1855 11.0925
1856 10.3143
1857 10.6613
1858 10.8696
1859 10.5919
1860 11.4679
1861 11.2806
1862 12.3397
1863 12.7877
1864 11.8408
1865 10.5222
1866 10.8617
1867 11.3636
1868 11.3015
1869 10.8278
1870 10.8333
1871 11.6388
1872 12.4731
1873 13.3364
1874 13.6986
1875 10.9665
1876 11.236
1877 11.236
1878 11.5682
1879 11.7449
1880 12.1241
1881 12.1359
1882 12.5561
1883 12.5628
1884 13.7149
1885 14.0055
1886 13.4763
1887 12.5986
1888 13.2275
1889 12.6314
1890 11.9056
1891 11.2013
1892 10.9488
1893 11.1111
1894 11.1031
1895 11.7741
1896 11.9617
1897 11.722
1898 12.4652
1899 13.4048
1900 13.1786
1901 12.3021
1902 13.2101
1903 13.4048
1904 12.002
1905 11.0042
1906 11.3379
1907 10.1991
1908 10.4309
1909 10.724
1910 10.7296
1911 11.1344
1912 11.7634
1913 11.9617
1914 11.9612
1915 11.7236
1916 11.2233
1917 11.0114
1918 11.0524
1919 11.685
1920 12.4317
1921 13.2016
1922 13.9945
1923 14.245
1924 14.2857
1925 13.9486
1926 13.1234
1927 13.1234
1928 11.5485
1929 10.7988
1930 10.2797
1931 10.4745
1932 10.4822
1933 10.4045
1934 11.0489
1935 12.0192
1936 11.6631
1937 10.7963
1938 10.3876
1939 10.5478
1940 10.5485
1941 11.152
1942 11.5473
1943 11.4319
1944 10.6158
1945 10.8648
1946 10.917
1947 11.3038
1948 11.8765
1949 11.4155
1950 12.0528
1951 13.0785
1952 13.089
1953 12.0796
1954 12.8796
1955 13.7053
1956 13.9665
1957 13.089
1958 12.9067
1959 12.7362
1960 12.0095
1961 11.7868
1962 11.2904
1963 12.7356
1964 12.7877
1965 12.0508
1966 12.1359
1967 12.1167
1968 11.4075
1969 10.6156
1970 10.2786
1971 10.7991
1972 11.6279
1973 11.9564
1974 12.8535
1975 12.5361
1976 11.5741
1977 11.5741
1978 11.1915
1979 11.1717
1980 11.3121
1981 11.3122
1982 11.1837
1983 11.1023
1984 11.9187
1985 12.764
1986 13.6383
1987 13.7363
1988 10.147
1989 10.2459
1990 11.2388
1991 11.7096
1992 11.709
1993 12.1931
1994 12.4688
1995 12.6904
1996 12.5313
1997 14.4008
1998 14.4508
1999 13.6636
2000 12.7679
2001 13.2275
2002 12.6263
2003 11.8945
2004 11.1846
2005 10.4965
2006 10.7346
2007 10.7991
2008 10.7687
2009 10.5813
2010 10.8807
2011 10.9427
2012 11.5778
2013 12.5313
2014 12.8163
2015 13.4771
2016 12.5426
2017 10.3185
2018 10.6948
2019 11.3314
2020 11.3379
2021 10.7528
2022 10.846
2023 10.8156
2024 11.4232
2025 12.1854
2026 12.4378
2027 12.4378
2028 12.1752
2029 12.4069
2030 12.0035
2031 11.183
2032 11.9212
2033 12.683
2034 13.4684
2035 14.2774
2036 14.2856
2037 14.3266
2038 14.0689
2039 13.2266
2040 12.4104
2041 13.2878
2042 13.2979
2043 12.285
2044 11.5704
2045 10.7991
2046 10.7634
2047 10.5499
2048 10.1438
2049 10.0514
2050 10.1215
2051 10.1106
2052 9.90148
2053 11.5235
2054 12.1951
2055 11.6308
2056 10.8478
2057 10.8319
2058 10.9626
2059 10.9649
2060 11.2914
2061 12.2385
2062 13.1234
2063 12.6747
2064 11.599
2065 11.9332
2066 12.7173
2067 13.5541
2068 14.1643
2069 13.6035
2070 13.624
2071 13.1521
2072 12.4492
2073 12.0192
2074 11.9904
2075 11.5214
2076 12.8535
2077 12.7005
2078 11.9491
2079 11.4844
2080 11.6009
2081 12.1704
2082 12.3153
2083 12.5495
2084 13.1579
2085 12.3582
2086 10.8341
2087 10.7527
2088 10.7273
2089 10.5467
2090 10.8001
2091 11.4387
2092 11.7695
2093 11.8203
2094 11.7912
2095 11.5035
2096 12.2557
2097 13.1375
2098 13.9665
2099 13.4721
2100 11.0103
2101 11.0132
2102 11.7972
2103 12.987
2104 12.8514
2105 11.5342
2106 12.6134
2107 13.089
2108 13.0855
2109 14.5327
2110 15.0602
2111 14.3468
2112 13.397
2113 13.4771
2114 13.0825
2115 12.3108
2116 11.5626
2117 10.8379
2118 10.3328
2119 11.6809
2120 12.8866
2121 12.6523
2122 11.5131
2123 11.2505
2124 12.1652
2125 13.1157
2126 13.8122
2127 12.8432
2128 11.3526
2129 11.4416
2130 11.0716
2131 11.3567
2132 11.4943
2133 11.1111
2134 12.5917
2135 12.7877
2136 11.9571
2137 12.7462
2138 12.9534
2139 12.9447
2140 12.5485
2141 11.5916
2142 11.0309
2143 11.7917
2144 12.5779
2145 13.3894
2146 14.2263
2147 14.577
2148 14.1567
2149 14.5773
2150 14.2162
2151 13.6612
2152 13.4226
2153 11.6528
2154 11.0381
2155 12.3261
2156 12.6263
2157 11.8897
2158 11.2154
2159 10.8227
2160 10.5759
2161 10.7759
2162 12.5628
2163 12.3368
2164 11.5982
2165 11.3531
2166 12.5313
2167 12.5
2168 12.4355
2169 12.6805
2170 13.5501
2171 12.9611
2172 11.9208
2173 12.9455
2174 13.5501
2175 12.6191
2176 12.6096
2177 13.4823
2178 14.3842
2179 14.5773
2180 14.3215
2181 14.3266
2182 13.6527
2183 12.5906
2184 11.9904
2185 11.8037
2186 11.1369
2187 13.089
2188 12.9274
2189 12.1345
2190 13.3886
2191 13.4048
2192 12.1469
2193 11.2993
2194 11.0688
2195 11.3895
2196 11.3889
2197 11.0194
2198 10.8095
2199 10.5053
2200 11.0408
2201 11.9062
2202 12.4015
2203 12.5313
2204 12.5258
2205 12.4178
2206 13.3621
2207 14.3411
2208 14.4509
2209 13.0635
2210 11.7314
2211 11.7617
2212 12.2849
2213 12.285
2214 11.7965
2215 11.5978
2216 11.7173
2217 13.3304
2218 13.8504
2219 15.9106
2220 16.0253
2221 15.0462
2222 14.0089
2223 14.0056
2224 13.3266
2225 12.5017
2226 11.7031
2227 10.9308
2228 10.2451
2229 10.6045
2230 10.7395
2231 11.6984
2232 12.6983
2233 13.7391
2234 14.2857
2235 13.063
2236 13.2979
2237 12.365
2238 12.0555
2239 11.7167
2240 11.3731
2241 11.8203
2242 11.3327
2243 10.8124
2244 11.3734
2245 13.2626
2246 13.5585
2247 13.8122
2248 13.8001
2249 13.298
2250 12.1579
2251 11.8165
2252 13.1926
2253 13.5153
2254 14.4074
2255 15.151
2256 15.1057
2257 14.2014
2258 15.015
2259 14.6238
2260 13.6682
2261 12.8865
2262 12.6752
2263 12.051
2264 12.1359
2265 12.1296
2266 11.9362
2267 11.473
2268 10.7399
2269 10.5902
2270 10.7213
2271 10.7296
2272 10.9732
2273 11.2822
2274 11.3379
2275 11.3629
2276 11.6166
2277 12.8791
2278 14.0845
2279 13.8935
2280 12.0555
2281 12.8697
2282 13.3568
2283 13.369
2284 14.0974
2285 15.0867
2286 15.1976
2287 14.9075
2288 15.3846
2289 15.1922
2290 13.9939
2291 12.8331
2292 13.9665
2293 13.8386
2294 12.5926
2295 13.5501
2296 13.9511
2297 13.9665
2298 12.4329
2299 11.1839
2300 11.2613
2301 11.2548
2302 11.4943
2303 11.2086
2304 10.9739
2305 10.7527
2306 10.7995
2307 12.4666
2308 13.8889
2309 13.4372
2310 13.4409
2311 13.5857
2312 14.6554
2313 15.1057
2314 12.1421
2315 10.3888
2316 11.8331
2317 12.7237
2318 12.7877
2319 12.5592
2320 13.1596
2321 14.0449
2322 13.3155
2323 12.5628
2324 13.2252
2325 17.3611
2326 17.3592
2327 16.1499
2328 14.9842
2329 14.7059
2330 13.9519
2331 13.9665
2332 13.3244
2333 12.2879
2334 11.66
2335 12.7652
2336 13.9203
2337 15.015
2338 14.6757
2339 13.5421
2340 12.6019
2341 12.6281
2342 13.9276
2343 13.8396
2344 13.8889
2345 13.3326
2346 12.5576
2347 12.3153
2348 11.2853
2349 11.4568
2350 13.5391
2351 14.6883
2352 14.9254
2353 14.8811
2354 14.1137
2355 12.7218
2356 13.0459
2357 14.0017
2358 14.9912
2359 16.0146
2360 16.0256
2361 15.2092
2362 14.2186
2363 15.5763
2364 14.9319
2365 13.888
2366 12.882
2367 13.0027
2368 13.0208
2369 12.9458
2370 12.5607
2371 11.8485
2372 11.5084
2373 11.5207
2374 11.4786
2375 11.5371
2376 12.9789
2377 14.5054
2378 14.8368
2379 13.2964
2380 12.192
2381 12.1951
2382 12.0167
2383 11.5607
2384 12.553
2385 13.5862
2386 14.6602
2387 15.7751
2388 16.129
2389 12.8091
2390 15.8143
2391 16.7785
2392 16.6252
2393 15.2342
2394 14.7493
2395 13.3112
2396 12.1482
2397 13.3572
2398 14.3266
2399 13.5418
2400 12.5918
2401 12.3779
2402 14.7059
2403 14.3606
2404 13.2391
2405 13.0548
2406 14.6831
2407 14.7059
2408 13.345
2409 13.307
2410 14.2022
2411 14.5328
2412 15.2622
2413 16.0256
2414 13.9263
2415 12.6498
2416 12.0892
2417 13.261
2418 13.4409
2419 13.3373
2420 14.8368
2421 14.1676
2422 13.0865
2423 12.9345
2424 14.7929
2425 14.6921
2426 14.8368
2427 18.6567
2428 17.6841
2429 16.3398
2430 15.625
2431 14.667
2432 13.638
2433 13.3552
2434 14.6973
2435 15.9744
2436 15.6214
2437 12.3082
2438 11.0132
2439 11.3469
2440 11.4904
2441 12.8817
2442 13.8076
2443 14.1242
2444 14.1243
2445 13.8255
2446 12.9174
2447 12.9199
2448 12.3615
2449 12.6604
2450 15.0662
2451 16.225
2452 16.3399
2453 16.1296
2454 15.5789
2455 15.9236
2456 14.9781
2457 16.1129
2458 17.2891
2459 17.2414
2460 16.0728
2461 14.9453
2462 16.4474
2463 16.3235
2464 15.1103
2465 14.1738
2466 14.2045
2467 14.1234
2468 13.6565
2469 13.027
2470 14.8481
2471 15.8228
2472 14.8055
2473 12.8724
2474 12.1984
2475 12.3153
2476 12.3152
2477 12.1861
2478 11.8137
2479 11.5754
2480 12.6571
2481 13.5847
2482 14.7922
2483 16.0511
2484 17.2414
2485 16.147
2486 15.8039
2487 15.5763
2488 18.5965
2489 18.6567
2490 17.404
2491 15.7708
2492 14.218
2493 13.1957
2494 15.3892
2495 15.7233
2496 14.7211
2497 15.7233
2498 15.5079
2499 14.4532
2500 13.4357
2501 14.3985
2502 15.7233
2503 15.9236
2504 15.8172
2505 14.7735
2506 16.1843
2507 17.2414
2508 16.0225
2509 15.5874
2510 14.4182
2511 13.7575
2512 14.1243
2513 14.1056
2514 13.9228
2515 13.9665
2516 13.92
2517 13.5618
2518 13.0887
2519 13.1579
2520 13.9394
2521 15.0546
2522 20
2523 20
2524 18.3747
2525 16.8919
2526 16.0896
2527 17.1233
2528 15.682
2529 12.8332
2530 13.0548
2531 13.0415
2532 12.5705
2533 12.8721
2534 12.987
2535 12.9557
2536 14.3234
2537 15.3649
2538 15.5279
2539 15.4398
2540 14.5467
2541 13.7741
2542 14.5422
2543 16.4935
2544 17.4993
2545 18.1818
2546 18.1686
2547 17.0866
2548 15.2767
2549 16.5824
2550 17.9416
2551 18.7899
2552 18.3047
2553 16.9341
2554 15.6168
2555 15.1526
2556 17.4216
2557 17.0648
2558 16.8482
2559 15.4166
2560 14.62
2561 13.2839
2562 12.4332
2563 12.1406
2564 12.6909
2565 12.9587
2566 12.987
2567 15.4097
2568 17.0068
2569 16.1142
2570 14.4012
2571 14.395
2572 15.8416
2573 17.3574
2574 18.797
2575 17.675
2576 16.8525
2577 17.4214
2578 17.6056
2579 20.8083
2580 21.097
2581 19.6314
2582 17.609
2583 15.6964
2584 14.9752
2585 15.2439
2586 16.6113
2587 15.7945
2588 14.4789
2589 13.2205
2590 13.4443
2591 13.5501
2592 14.8711
2593 16.5607
2594 18.3411
2595 18.7266
2596 17.9122
2597 17.9211
2598 17.5425
2599 16.184
2600 15.1057
2601 15.3466
2602 15.4321
2603 15.3929
2604 14.9651
2605 14.066
2606 13.6494
2607 13.9209
2608 14.5231
2609 15.8373
2610 16.7224
2611 18.6902
2612 21.5517
2613 19.7932
2614 17.927
2615 16.1532
2616 14.7384
2617 13.3992
2618 13.6969
2619 13.7363
2620 14.4092
2621 14.4073
2622 13.5954
2623 13.7286
2624 15.7919
2625 18.0972
2626 18.6567
2627 16.9826
2628 14.9687
2629 14.2835
2630 17.4339
2631 20.1368
2632 20.5761
2633 20.3663
2634 18.2375
2635 18.691
2636 20.3824
2637 20.7469
2638 19.6368
2639 17.9874
2640 16.5885
2641 17.3634
2642 18.6567
2643 18.1421
2644 18.5874
2645 17.8249
2646 15.9886
2647 15.8032
2648 18.503
2649 18.5874
2650 18.5185
2651 17.5235
2652 16.1496
2653 14.8319
2654 15.4729
2655 17.2612
2656 19.1474
2657 20.7469
2658 18.4436
2659 16.5968
2660 18.0505
2661 18.0115
2662 18.3876
2663 23.8842
2664 24.3902
2665 22.338
2666 19.7578
2667 17.336
2668 17.0648
2669 17.5626
2670 18.2482
2671 16.7592
2672 15.7461
2673 17.8875
2674 20.1654
2675 20.6612
2676 17.3921
2677 19.5368
2678 20.3212
2679 20.3252
2680 19.7327
2681 17.783
2682 17.301
2683 17.096
2684 16.2414
2685 14.722
2686 14.2431
2687 16.7617
2688 19.4853
2689 20.6612
2690 18.2562
2691 18.6567
2692 18.649
2693 23.6967
2694 23.2004
2695 20.7979
2696 18.5267
2697 16.3868
2698 15.6392
2699 19.0709
2700 20.5761
2701 18.7615
2702 15.9233
2703 15.9742
2704 16.7964
2705 18.6091
2706 19.7628
2707 19.9924
2708 20.5761
2709 18.4055
2710 22.6217
2711 23.8095
2712 23.73
2713 21.199
2714 22.7908
2715 23.2558
2716 22.0785
2717 20.0066
2718 19.8684
2719 20
2720 19.8656
2721 20.2429
2722 19.3951
2723 17.355
2724 15.4283
2725 14.7929
2726 14.7838
2727 14.4665
2728 14.0507
2729 16.1624
2730 18.4219
2731 20.8291
2732 23.1481
2733 21.9763
2734 16.9619
2735 19.5259
2736 19.6078
2737 18.5424
2738 17.2382
2739 20.7273
2740 29.0694
2741 27.1298
2742 23.6104
2743 20.3354
2744 19.4551
2745 19.6143
2746 21.8576
2747 23.1481
2748 19.4011
2749 14.6628
2750 18.8459
2751 22.1905
2752 23.5508
2753 23.5849
2754 22.9104
2755 20.282
2756 17.3589
2757 21.1679
2758 23.2558
2759 21.0734
2760 17.0312
2761 15.6871
2762 16.7917
2763 18.839
2764 21.0039
2765 21.2765
2766 23.1481
2767 26.455
2768 25.4843
2769 22.3795
2770 23.0476
2771 23.1481
2772 23.1481
2773 21.5792
2774 19.4335
2775 19.305
2776 17.4732
2777 19.7793
2778 22.3143
2779 23.0414
2780 19.1453
2781 25.368
2782 28.7316
2783 28.7356
2784 25.7916
2785 26.455
2786 25.3807
2787 23.2283
2788 23.2558
2789 22.7078
2790 20.5743
2791 18.8538
2792 22.3214
2793 20.9565
2794 18.3559
2795 15.9275
2796 17.0504
2797 20.0923
2798 23.3837
2799 26.5957
2800 25.3444
2801 18.412
2802 21.5221
2803 21.7391
2804 20.9186
2805 18.1862
2806 17.98
2807 19.5711
2808 37.0362
2809 34.8019
2810 29.5371
2811 26.5957
2812 21.2246
2813 23.1698
2814 23.2558
2815 22.5188
2816 23.0415
2817 26.9701
2818 28.5714
2819 28.5707
2820 26.8678
2821 21.8934
2822 21.2766
2823 26.5957
2824 26.2198
2825 26.5957
2826 24.2197
2827 21.406
2828 21.3005
2829 24.2373
2830 24.8756
2831 24.6692
2832 27.6243
2833 30.1205
2834 27.4641
2835 23.3094
2836 19.4951
2837 21.6726
2838 22.9358
2839 22.9228
2840 21.1403
2841 22.5823
2842 25.3867
2843 26.5941
2844 31.3584
2845 36.2319
2846 36.1862
2847 29.9887
2848 28.9016
2849 27.3358
2850 23.7724
2851 18.8151
2852 18.7707
2853 21.8455
2854 24.0888
2855 24.8756
2856 24.0567
2857 29.0615
2858 31.25
2859 23.4722
2860 22.7087
2861 24.3902
2862 24.375
2863 22.072
2864 21.2766
2865 27.4387
2866 31.25
2867 27.4195
2868 46.72
2869 43.2036
2870 34.9949
2871 31.4465
2872 31.25
2873 29.1603
2874 31.9297
2875 35.8988
2876 35.9712
2877 33.753
2878 25.5348
2879 18.7266
2880 18.7129
2881 17.6625
2882 16.863
2883 19.1344
2884 22.9187
2885 27.0443
2886 30.1203
2887 29.4603
2888 33.557
2889 30.0923
2890 35.2113
2891 31.2656
2892 25.2104
2893 20.0373
2894 20.1613
2895 22.7701
2896 25
2897 28.4975
2898 34.6877
2899 48.9067
2900 49.0193
2901 39.1852
2902 30.656
2903 25.3355
2904 23.5849
2905 23.5764
2906 29.2429
2907 38.0738
2908 38.1679
2909 27.7027
2910 27.3142
2911 27.9329
2912 38.1679
2913 36.3507
2914 38.1679
2915 34.9649
2916 32.3469
2917 26.4254
2918 24.1381
2919 47.5978
2920 60.241
2921 46.4788
2922 35.5653
2923 46.9567
2924 47.6189
2925 44.1195
2926 28.9658
2927 25.2799
2928 24.2087
2929 24.3902
2930 23.8288
2931 23.2567
2932 29.4424
2933 36.3567
2934 38.4615
2935 43.1034
2936 39.7891
2937 32.0832
2938 42.3729
2939 37.9158
2940 47.6185
2941 47.4863
2942 39.8136
2943 49.0196
2944 71.7995
2945 74.6267
2946 56.7901
2947 37.3521
2948 49.0196
2949 48.3218
2950 49.0196
2951 38.5118
2952 34.3851
2953 33.1126
2954 31.323
2955 30.303
2956 28.9856
2957 26.1944
2958 26.3158
2959 25.669
2960 27.3293
2961 35.6263
2962 86.2069
2963 73.6111
2964 42.0298
2965 42.735
2966 37.0814
2967 27.9227
2968 31.7215
2969 32.0512
2970 31.245
2971 41.8775
2972 53.763
2973 60.9756
2974 57.6351
2975 42.3442
2976 41.6667
2977 53.7634
2978 69.4444
2979 68.4559
2980 146.713
2981 156.248
2982 38.2773
2983 38.4615
2984 36.1489
2985 26.5497
2986 24.6591
2987 27.0739
2988 37.0475
2989 42.735
2990 35.4285
2991 49.5045
2992 80.6452
2993 61.3692
2994 59.4351
2995 151.515
2996 93.5374
2997 60.241
2998 56.1069
2999 54.2438
3000 54.3478
3001 85.0232
3002 104.018
3003 101.075
3004 119.048
3005 71.4286
3006 70.2037
3007 185.185
3008 97.9492
3009 50.5351
3010 34.7422
3011 32.2496
3012 53.7362
3013 61.7565
3014 78.125
3015 60.241
3016 81.9658
3017 80.334
3018 119.047
3019 99.3218
3020 102.041
3021 301.042
3022 357.143
3023 51.0637
3024 89.4627
3025 94.3396
3026 65.7895
3027 102.041
3028 95.7629
3029 60.9756
3030 60.6211
3031 89.2857
3032 277.778
3033 239.512
3034 99.7448
3035 76.0978
3036 64.1024
3037 63.4719
3038 104.167
3039 104.167
3040 43.9453
3041 29.4896
3042 31.0558
3043 27.6114
3044 25.3807
3045 25.1229
3046 21.0147
3047 20.6465
3048 25.5526
3049 30.3909
3050 30.4878
3051 25.3807
3052 25.858
3053 29.932
3054 29.9401
3055 26.4259
3056 19.084
3057 19.0114
3058 16.6113
3059 16.7952
3060 17.0648
3061 16.9864
3062 15.9163
3063 15.3305
3064 16.2866
3065 16.2289
3066 17.1153
3067 19.0319
3068 19.0839
3069 19.084
3070 14.9254
3071 14.7729
3072 15.3388
3073 16.9879
3074 18.5088
3075 18.5185
3076 18.1119
3077 19.0114
3078 17.9204
3079 15.5294
3080 16.7668
3081 18.2375
3082 19.0114
3083 16.4171
3084 13.3333
3085 13.2546
3086 14.3107
3087 15.4074
3088 16.0255
3089 14.687
3090 14.2132
3091 13.5381
3092 13.5875
3093 13.6986
3094 13.6088
3095 12.8403
3096 11.8355
3097 12.3772
3098 12.8145
3099 12.8205
3100 12.6892
3101 13.6204
3102 14.4927
3103 14.4427
3104 13.4048
3105 12.6923
3106 12.3429
3107 13.2122
3108 13.8504
3109 13.7695
3110 12.4688
3111 13.1866
3112 13.369
3113 13.0674
3114 14.189
3115 14.7057
3116 13.285
3117 13.3333
3118 12.7877
3119 12.3367
3120 12.1773
3121 13.1399
3122 14.1392
3123 15.1057
3124 15.0767
3125 12.4988
3126 12.3679
3127 12.5313
3128 12.5299
3129 12.3061
3130 12.8205
3131 12.815
3132 12.1562
3133 11.2912
3134 10.6838
3135 11.4416
3136 12.1322
3137 12.1654
3138 11.9228
3139 10.8227
3140 9.61746
3141 9.81523
3142 10.4119
3143 11.0263
3144 11.6582
3145 11.8765
3146 11.1075
3147 10.4922
3148 10.7073
3149 11.2753
3150 11.4154
3151 11.8696
3152 12.8755
3153 13.9116
3154 14.0449
3155 13.4306
3156 10.9391
3157 11.4832
3158 12.3699
3159 13.122
3160 13.1233
3161 12.0916
3162 11.3583
3163 11.1286
3164 11.1607
3165 11.1089
3166 11.1111
3167 13.6384
3168 13.8122
3169 13.1148
3170 12.1291
3171 11.1819
3172 10.2732
3173 9.82385
3174 9.97507
3175 9.98004
3176 10.5011
3177 11.5156
3178 12.4726
3179 12.5
3180 11.6506
3181 10.1194
3182 9.14083
3183 10.0698
3184 10.2249
3185 10.1309
3186 10.0668
3187 10.1215
3188 10.077
3189 9.69759
3190 9.98817
3191 10.7455
3192 11.6485
3193 12.5879
3194 13.4966
3195 13.587
3196 13.2373
3197 11.4127
3198 11.7514
3199 11.7647
3200 11.3379
3201 10.9583
3202 10.358
3203 9.77453
3204 10.904
3205 12.4346
3206 13.043
3207 13.0548
3208 12.7216
3209 11.6523
3210 10.5589
3211 9.51924
3212 8.66526
3213 9.48549
3214 9.97348
3215 10.1215
3216 10.1204
3217 9.92338
3218 9.38553
3219 9.32032
3220 10.2164
3221 11.1537
3222 12.1321
3223 12.7877
3224 12.6953
3225 10.9647
3226 9.21338
3227 8.84202
3228 8.78735
3229 8.76594
3230 9.20248
3231 9.63746
3232 9.86454
3233 10.5681
3234 11.4102
3235 12.2845
3236 13.1912
3237 13.4048
3238 13.0814
3239 11.3524
3240 11.4679
3241 11.2988
3242 11.3062
3243 11.701
3244 11.7924
3245 11.7831
3246 11.551
3247 11.1607
3248 11.1306
3249 10.6487
3250 9.94136
3251 9.66575
3252 9.26934
3253 8.83217
3254 8.86991
3255 8.88099
3256 8.59704
3257 8.24831
3258 8.11688
3259 8.27161
3260 8.27815
3261 8.22627
3262 8.5034
3263 8.42687
3264 8.76953
3265 9.58149
3266 10.4294
3267 11.3132
3268 12.233
3269 12.6582
3270 12.626
3271 11.6389
3272 9.4085
3273 9.50507
3274 9.65164
3275 10.4057
3276 11.1881
3277 11.9989
3278 12.6263
3279 12.6056
3280 10.7799
3281 10.5845
3282 10.2685
3283 9.77485
3284 9.76562
3285 9.76562
3286 11.2811
3287 12.9852
3288 12.987
3289 12.2167
3290 11.3285
3291 10.4738
3292 9.6527
3293 9.9813
3294 10.6949
3295 10.7759
3296 10.6528
3297 9.83267
3298 9.02527
3299 8.91639
3300 9.50858
3301 10.4643
3302 10.4822
3303 9.80471
3304 9.05079
3305 8.96959
3306 8.99281
3307 9.13585
3308 9.46592
3309 9.66926
3310 9.74589
3311 9.74659
3312 10.3385
3313 11.1557
3314 12.0041
3315 12.7282
3316 12.7551
3317 12.3472
3318 10.7005
3319 10.7183
3320 10.7296
3321 10.4179
3322 10.142
3323 9.77515
3324 9.2765
3325 9.98478
3326 11.3865
3327 12.1916
3328 12.4069
3329 12.3993
3330 12.0054
3331 11.0443
3332 9.97783
3333 9.5312
3334 9.1644
3335 8.56946
3336 8.77832
3337 8.88385
3338 8.8968
3339 8.88265
3340 8.77474
3341 9.25926
3342 9.44283
3343 10.2604
3344 11.1119
3345 11.4942
3346 11.3799
3347 10.1179
3348 8.78811
3349 8.47838
3350 8.0458
3351 8.31865
3352 8.70308
3353 8.90782
3354 9.07435
3355 9.17213
3356 9.30131
3357 10.0224
3358 10.7703
3359 11.5452
3360 12.347
3361 13.0548
3362 13.0548
3363 11.6106
3364 11.1857
3365 11.1383
3366 11.1857
3367 11.171
3368 10.9772
3369 10.5584
3370 11.0042
3371 11.0619
3372 10.953
3373 10.3438
3374 9.67449
3375 9.02755
3376 8.5052
3377 8.1204
3378 7.97455
3379 7.98722
3380 7.96922
3381 7.84396
3382 7.59932
3383 7.53547
3384 8.00779
3385 8.30929
3386 8.51402
3387 8.58744
3388 8.60585
3389 8.57248
3390 8.5573
3391 9.27943
3392 10.0308
3393 10.8114
3394 11.6213
3395 12.4068
3396 12.3909
3397 10.2868
3398 10.0126
3399 10.0998
3400 10.101
3401 10.176
3402 10.8778
3403 11.43
3404 11.4416
3405 11.0867
3406 10.1065
3407 9.50508
3408 8.56045
3409 8.99294
3410 10.1678
3411 12.8452
3412 13.2626
3413 12.858
3414 11.9266
3415 11.0302
3416 10.1688
3417 9.55033
3418 10.2311
3419 10.2669
3420 9.95552
3421 9.04365
3422 9.04159
3423 8.96466
3424 8.64512
3425 8.77069
3426 9.03202
3427 9.18319
3428 9.22509
3429 9.22405
3430 9.15378
3431 8.97335
3432 9.03716
3433 9.04156
3434 8.18331
3435 8.18212
3436 8.13119
3437 8.05286
3438 8.70229
3439 9.3769
3440 10.0767
3441 10.8017
3442 11.5518
3443 12.3272
3444 13.0889
3445 13.0879
3446 10.352
3447 10.2972
3448 9.75861
3449 10.4167
3450 11.2629
3451 11.7585
3452 11.9048
3453 11.9031
3454 11.6939
3455 11.134
3456 10.2235
3457 9.0959
3458 8.62069
3459 8.60138
3460 8.68032
3461 8.68055
3462 9.02527
3463 9.22509
3464 9.19377
3465 8.75775
3466 8.32533
3467 7.90387
3468 7.70228
3469 8.01644
3470 8.61051
3471 8.99954
3472 9.17829
3473 9.19118
3474 9.14539
3475 9.0573
3476 9.05797
3477 9.01009
3478 8.84419
3479 8.57507
3480 8.59106
3481 8.5812
3482 8.48678
3483 9.20342
3484 9.83209
3485 10.2915
3486 10.5817
3487 10.8984
3488 11.5948
3489 12.3128
3490 13.0524
3491 13.2273
3492 11.3765
3493 10.7066
3494 10.9364
3495 12.0655
3496 12.1065
3497 11.7077
3498 10.9852
3499 10.2857
3500 9.60916
3501 8.95567
3502 8.59213
3503 8.76464
3504 8.77193
3505 8.70605
3506 8.53247
3507 8.19289
3508 8.43711
3509 8.46023
3510 8.18829
3511 8.31901
3512 8.51274
3513 8.69318
3514 9.11693
3515 9.42116
3516 9.60587
3517 9.67106
3518 9.67118
3519 9.61557
3520 9.44052
3521 9.39183
3522 9.69767
3523 9.74659
3524 9.72194
3525 9.46416
3526 9.39653
3527 10.0272
3528 10.6753
3529 10.917
3530 10.903
3531 10.3951
3532 9.86922
3533 9.12706
3534 11.3413
3535 12.6812
3536 13.0548
3537 13.0461
3538 12.4339
3539 11.4514
3540 10.5093
3541 9.60763
3542 9.11252
3543 8.82963
3544 8.66445
3545 8.66043
3546 8.68056
3547 8.63344
3548 8.77984
3549 9.01014
3550 9.05797
3551 9.23731
3552 9.24214
3553 9.14931
3554 8.78625
3555 8.66179
3556 8.68055
3557 8.5817
3558 8.20108
3559 8.09979
3560 8.66369
3561 9.30547
3562 9.95851
3563 10.2041
3564 10.1994
3565 9.81133
3566 8.79979
3567 8.90487
3568 9.3422
3569 9.95284
3570 10.348
3571 11.0219
3572 11.4467
3573 11.6226
3574 11.6279
3575 11.5475
3576 11.223
3577 10.6495
3578 10.7579
3579 10.846
3580 10.3958
3581 9.81839
3582 9.25746
3583 8.71302
3584 8.37175
3585 8.22368
3586 8.58818
3587 8.97562
3588 9.19876
3589 9.25926
3590 9.25736
3591 9.15027
3592 9.66829
3593 9.67117
3594 9.16004
3595 8.36391
3596 7.60397
3597 7.5421
3598 8.10722
3599 8.55097
3600 9.22019
3601 9.74349
3602 10.1209
3603 10.3523
3604 10.4379
3605 10.4384
3606 10.3761
3607 10.1684
3608 9.8147
3609 9.32569
3610 9.94333
3611 10.5808
3612 11.238
3613 11.915
3614 12.6119
3615 12.9869
3616 14.0845
3617 13.9143
3618 13.1008
3619 12.3118
3620 11.5472
3621 10.8072
3622 10.0917
3623 9.40072
3624 8.9894
3625 8.68953
3626 9.056
3627 9.30344
3628 9.43186
3629 9.4518
3630 9.44073
3631 9.57812
3632 9.49267
3633 10.0022
3634 10.0604
3635 9.929
3636 10.0083
3637 10.2249
3638 9.65812
3639 9.13333
3640 8.69565
3641 8.51646
3642 8.00199
3643 8.32686
3644 8.94369
3645 9.58256
3646 10.2435
3647 10.9264
3648 11.6314
3649 11.8203
3650 11.4072
3651 9.48675
3652 10.2567
3653 12.0589
3654 13.0795
3655 13.3333
3656 13.3171
3657 12.7669
3658 11.7007
3659 10.6657
3660 9.67871
3661 9.39849
3662 9.34453
3663 9.08868
3664 8.62249
3665 8.9194
3666 9.37166
3667 9.61102
3668 9.65251
3669 9.63667
3670 9.4481
3671 9.56301
3672 9.57854
3673 9.40471
3674 8.74567
3675 9.30733
3676 9.98728
3677 10.2459
3678 10.2449
3679 9.92413
3680 9.20747
3681 9.65125
3682 10.1055
3683 10.1215
3684 10.3832
3685 11.0955
3686 11.5664
3687 11.7958
3688 11.8203
3689 11.7825
3690 11.5267
3691 11.0295
3692 10.2908
3693 10.101
3694 9.72853
3695 9.65155
3696 9.67118
3697 9.64327
3698 9.89211
3699 10
3700 9.99949
3701 9.86308
3702 9.48514
3703 8.86567
3704 8.68298
3705 9.02627
3706 9.07441
3707 9.03798
3708 8.83281
3709 9.49339
3710 9.99679
3711 10.343
3712 10.532
3713 10.5708
3714 10.5634
3715 10.4365
3716 10.1524
3717 9.71112
3718 9.35073
3719 8.9267
3720 8.92857
3721 8.89866
3722 9.36423
3723 10.0331
3724 10.7251
3725 11.4402
3726 11.6009
3727 10.8423
3728 8.94093
3729 9.27363
3730 9.80284
3731 10.0603
3732 10.3682
3733 10.7101
3734 10.7527
3735 10.708
3736 10.3618
3737 9.69005
3738 9.37067
3739 9.83553
3740 10.3805
3741 10.661
3742 10.5924
3743 9.82131
3744 10.381
3745 10.7296
3746 10.7008
3747 10.2572
3748 9.7502
3749 9.24833
3750 9.00629
3751 8.71074
3752 9.00716
3753 9.71362
3754 10.329
3755 10.6021
3756 10.6157
3757 10.522
3758 10.1287
3759 9.97497
3760 9.64913
3761 9.15118
3762 11.4515
3763 13.1596
3764 13.4771
3765 13.3841
3766 12.395
3767 11.3316
3768 10.3158
3769 9.34778
3770 9.48531
3771 9.5057
3772 9.46555
3773 9.57258
3774 10.0052
3775 10.2407
3776 10.2881
3777 10.2782
3778 10.1171
3779 9.75871
3780 9.32836
3781 9.30131
3782 9.13265
3783 8.80952
3784 8.72111
3785 9.01417
3786 9.3633
3787 9.82884
3788 11.3477
3789 12.6442
3790 13.359
3791 13.5135
3792 13.4905
3793 13.0362
3794 12.0003
3795 10.4642
3796 11.1608
3797 11.4155
3798 11.3978
3799 11.5473
3800 11.4689
3801 10.304
3802 9.67118
3803 9.72514
3804 9.86193
3805 9.85769
3806 9.61605
3807 10.5079
3808 11.2388
3809 11.6854
3810 11.8476
3811 11.8483
3812 11.7229
3813 11.3136
3814 10.6201
3815 10.5598
3816 10.681
3817 10.6838
3818 10.6214
3819 10.3822
3820 10.253
3821 10.5275
3822 10.5485
3823 10.4822
3824 10.1181
3825 9.43635
3826 10.0438
3827 10.101
3828 9.54447
3829 9.20809
3830 8.97666
3831 9.29123
3832 9.73437
3833 9.9737
3834 10.0699
3835 10.5343
3836 10.6838
3837 10.6836
3838 10.5146
3839 10.0305
3840 9.80718
3841 9.84251
3842 10.4182
3843 11.4607
3844 11.4943
3845 11.2145
3846 11.4943
3847 11.279
3848 11.3518
3849 12.1172
3850 12.3153
3851 12.3045
3852 11.8961
3853 10.989
3854 10.8895
3855 10.5532
3856 9.97913
3857 9.84195
3858 9.84252
3859 9.83606
3860 10.278
3861 10.4562
3862 10.4602
3863 10.3685
3864 10.0166
3865 9.97848
3866 10.02
3867 10.0152
3868 9.90456
3869 10.001
3870 10.3295
3871 10.4999
3872 10.7581
3873 11.1139
3874 11.2578
3875 11.2613
3876 11.1882
3877 10.9064
3878 10.4127
3879 9.89841
3880 9.71545
3881 10.5494
3882 11.2182
3883 11.3379
3884 11.705
3885 11.9014
3886 11.9048
3887 11.7921
3888 11.379
3889 10.6853
3890 10.3073
3891 11.1557
3892 12.0375
3893 12.7302
3894 13.1382
3895 13.4048
3896 13.3426
3897 12.8792
3898 13.7798
3899 14.711
3900 15.1976
3901 13.3844
3902 12.7915
3903 11.6503
3904 10.4508
3905 10.6995
3906 11.2884
3907 11.6434
3908 11.7647
3909 11.7647
3910 11.6498
3911 11.301
3912 10.7184
3913 10.5358
3914 11.0055
3915 11.2358
3916 11.2613
3917 11.2252
3918 10.9741
3919 10.4834
3920 9.86915
3921 9.67437
3922 9.38923
3923 9.24039
3924 9.6714
3925 9.92873
3926 10.2299
3927 10.5256
3928 10.7408
3929 11.4015
3930 11.7551
3931 11.8203
3932 11.8006
3933 11.5372
3934 10.9667
3935 10.9823
3936 11.866
3937 12.218
3938 12.2249
3939 12.0338
3940 11.3172
3941 10.7989
3942 12.0917
3943 13.7776
3944 14.7974
3945 15.1512
3946 15.1515
3947 14.8325
3948 13.8476
3949 12.1966
3950 10.7991
3951 10.7988
3952 10.521
3953 11.0179
3954 11.2605
3955 11.2867
3956 11.2473
3957 10.9786
3958 10.6896
3959 11.5691
3960 12.1844
3961 12.5355
3962 12.6263
3963 12.6219
3964 12.4419
3965 12.1314
3966 12.3092
3967 12.3153
3968 12.2346
3969 11.9021
3970 11.3124
3971 11.0375
3972 10.5764
3973 11.1206
3974 11.3378
3975 10.8951
3976 10.6632
3977 10.8148
3978 10.8225
3979 11.2596
3980 12.0015
3981 12.0773
3982 12.2094
3983 13.0472
3984 14.1898
3985 16.311
3986 17.2499
3987 17.301
3988 16.998
3989 15.5604
3990 15.4321
3991 14.5256
3992 13.5477
3993 12.6039
3994 11.8494
3995 11.4513
3996 11.6055
3997 11.8765
3998 12.189
3999 12.6062
4000 12.6582
4001 12.6038
4002 12.1819
4003 10.6219
4004 10.8225
4005 10.807
4006 10.3591
4007 11.0619
4008 10.9962
4009 11.1987
4010 12.3369
4011 12.9431
4012 13.4872
4013 13.9199
4014 14.1619
4015 14.1643
4016 14.1074
4017 15.4631
4018 16.129
4019 16.0523
4020 14.1654
4021 13.1047
4022 15.4623
4023 19.5311
4024 19.3939
4025 17.4263
4026 15.564
4027 14.3105
4028 15.483
4029 16.0771
4030 16.0713
4031 17.1821
4032 17.1417
4033 7.67491
4034 15.3648
4035 13.9139
4036 14.5128
4037 14.7897
4038 13.1117
4039 17.3506
4040 19.1609
4041 18.7266
4042 21.8772
4043 22.3214
4044 21.2169
4045 19.2714
4046 17.4195
4047 15.6612
4048 13.9963
4049 8.44594
4050 14.032
4051 14.0449
4052 8.41102
4053 13.535
4054 14.7116
4055 15.4669
4056 16.0256
4057 10.3267
4058 15.1087
4059 14.1473
4060 9.57887
4061 14.4316
4062 14.6627
4063 14.6174
4064 14.6628
4065 14.4885
4066 14.1277
4067 15.7597
4068 17.4808
4069 18.4501
4070 18.642
4071 19.157
4072 17.8496
4073 9.54783
4074 15.1805
4075 14.925
4076 13.5501
4077 13.3441
4078 12.3964
4079 15.0457
4080 15.4321
4081 15.4287
4082 15.9447
4083 16.3763
4084 16.3934
4085 16.2272
4086 15.4975
4087 14.187
4088 12.296
4089 11.9965
4090 12.1652
4091 12.0264
4092 13.8325
4093 17.3356
4094 18.4502
4095 16.7814
4096 13.681
4097 11.6009
4098 18.2586
4099 18.3823
4100 17.9456
4101 16.7224
4102 16.6416
4103 15.7755
4104 18.6646
4105 9.54284
4106 21.4591
4107 9.0041
4108 17.1821
4109 16.9155
4110 16.9878
4111 17.477
4112 17.4825
4113 17.174
4114 16.0785
4115 15.5163
4116 16.2866
4117 17.1232
4118 16.8918
4119 15.8276
4120 14.5413
4121 15.9364
4122 16.9015
4123 17.1821
4124 17.1789
4125 16.7687
4126 14.1863
4127 18.3786
4128 18.3824
4129 13.9146
4130 16.3143
4131 18.9749
4132 21.7565
4133 21.9298
4134 20.9661
4135 19.2947
4136 15.9875
4137 20.8856
4138 24.1871
4139 25.3806
4140 24.0957
4141 20.1203
4142 15.2439
4143 17.8595
4144 12.0681
4145 11.9386
4146 19.9539
4147 20.2429
4148 19.1931
4149 14.5664
4150 13.7741
4151 14.7344
4152 15.7636
4153 16.1732
4154 16.1812
4155 16.6663
4156 16.6667
4157 15.9821
4158 8.21537
4159 16.9725
4160 18.2482
4161 18.0201
4162 16.7312
4163 9.29519
4164 23.1168
4165 26.6958
4166 18.3082
4167 24.2718
4168 23.6124
4169 21.2379
4170 29.5855
4171 15.7729
4172 24.3436
4173 20.7157
4174 15.6979
4175 25.641
4176 24.3338
4177 16.9767
4178 20.4918
4179 19.8497
4180 21.3625
4181 23.1171
4182 14.1281
4183 23.1879
4184 20.6611
4185 20.4921
4186 18.3898
4187 22.4936
4188 24.8077
4189 25.1256
4190 24.8809
4191 28.8077
4192 18.3046
4193 39.9998
4194 35.5637
4195 17.9807
4196 21.7659
4197 22.4215
4198 22.8677
4199 24.8806
4200 25
4201 24.4084
4202 23.9938
4203 30.6624
4204 31.0558
4205 27.0398
4206 23.1481
4207 21.3404
4208 22.9357
4209 23.4519
4210 24.5098
4211 23.3932
4212 19.9069
4213 21.7719
4214 24.6409
4215 40.5715
4216 15.2656
4217 18.7266
4218 40.1194
4219 22.2973
4220 26.5908
4221 27.3224
4222 26.9187
4223 30.1879
4224 37.5471
4225 37.8788
4226 35.2501
4227 15.1822
4228 28.2867
4229 31.574
4230 33.1126
4231 32.8781
4232 9.87017
4233 38.4593
4234 38.4613
4235 17.5207
4236 25.8978
4237 33.9556
4238 40.5713
4239 40.9835
4240 48.4914
4241 59.5235
4242 59.4958
4243 9.27644
4244 40.1652
4245 40.3226
4246 37.8788
4247 47.2024
4248 24.5427
4249 45.0033
4250 33.4753
4251 37.8755
4252 38.5915
4253 49.5045
4254 47.9563
4255 43.2741
4256 52.7941
4257 64.9351
4258 64.3975
4259 76.5901
4260 96.8038
4261 54.0019
4262 90.9091
4263 90.5752
4264 94.3375
4265 100
4266 75.7575
4267 54.3478
4268 83.3333
4269 49.7425
4270 50
4271 44.2401
4272 46.7289
4273 46.0439
4274 32.6586
4275 35.4609
4276 35.2994
4277 31.1799
4278 35.5393
4279 35.7143
4280 10.6952
4281 30.3018
4282 35.9706
4283 32.7282
4284 28.2485
4285 27.027
4286 13.2087
4287 25.6486
4288 28.4954
4289 28.5714
4290 26.9944
4291 29.0698
4292 29.0396
4293 11.0951
4294 22.2907
4295 24.8722
4296 22.2811
4297 23.0415
4298 22.9848
4299 14.3485
4300 22.4215
4301 9.80968
4302 21.7233
4303 22.831
4304 15.1057
4305 31.4345
4306 31.4465
4307 25.4472
4308 20.8744
4309 23.8115
4310 24.2718
4311 24.0354
4312 21.5461
4313 19.2495
4314 17.4642
4315 18.0345
4316 18.1159
4317 17.9721
4318 17.2309
4319 21.8975
4320 16.6666
4321 25
4322 24.35
4323 27.6215
4324 27.6242
4325 23.3559
4326 25.4667
4327 26.738
4328 26.4327
4329 22.5145
4330 21.0578
4331 21.6046
4332 22.0264
4333 21.2323
4334 16.6113
4335 20.5761
4336 20.5629
4337 19.7364
4338 18.0172
4339 20.6713
4340 21.785
4341 11.8765
4342 10.0868
4343 21.35
4344 19.4723
4345 22.5225
4346 22.231
4347 10.2459
4348 20
4349 19.3044
4350 12.6904
4351 18.5046
4352 17.6678
4353 18.7792
4354 18.8679
4355 19.1323
4356 19.9203
4357 20.8886
4358 23.4299
4359 24.3147
4360 26.0417
4361 24.1014
4362 22.3214
4363 14.7035
4364 21.8372
4365 19.1443
4366 16.7594
4367 17.0068
4368 16.9882
4369 21.0275
4370 21.7391
4371 19.8199
4372 21.855
4373 23.1481
4374 23.1481
4375 22.3415
4376 22.9357
4377 25.2523
4378 24.7765
4379 21.9054
4380 24.4407
4381 18.7984
4382 24.4268
4383 21.8638
4384 19.305
4385 20.7325
4386 20.7467
4387 19.7628
4388 19.7348
4389 19.3107
4390 22.1069
4391 22.6244
4392 22.4004
4393 21.1864
4394 21.097
4395 23.5947
4396 27.4437
4397 27.4722
4398 20.0439
4399 24.6215
4400 25.1256
4401 24.4297
4402 20.7211
4403 18.3013
4404 17.0648
4405 16.9807
4406 17.4165
4407 19.3343
4408 20.6808
4409 20.8333
4410 20.6368
4411 20.2809
4412 24.585
4413 11.7518
4414 26.1567
4415 23.3059
4416 20.6173
4417 28.7356
4418 27.5874
4419 23.4464
4420 23.4741
4421 21.4073
4422 18.5366
4423 19.2714
4424 21.5591
4425 22.1239
4426 22.0894
4427 17.7936
4428 25.4273
4429 26.0417
4430 25.8165
4431 23.0392
4432 22.3051
4433 24.0663
4434 13.5426
4435 23.6882
4436 21.8642
4437 21.9298
4438 21.4592
4439 21.28
4440 20.6611
4441 20.6597
4442 21.5745
4443 22.35
4444 22.831
4445 23.8246
4446 28.2689
4447 31.2491
4448 13.1926
4449 30.3796
4450 25.77
4451 26.3158
4452 25.6362
4453 25.7732
4454 26.4667
4455 27.027
4456 25.8054
4457 25.1172
4458 19.0108
4459 28.5162
4460 28.9017
4461 30.5806
4462 30.6748
4463 29.3864
4464 24.0327
4465 27.6243
4466 27.6243
4467 25.2525
4468 24.7773
4469 23.9548
4470 24.5098
4471 24.3912
4472 14.2857
4473 29.7767
4474 30.303
4475 21.9298
4476 30.9932
4477 24.1545
4478 37.037
4479 33.5027
4480 29.752
4481 29.7619
4482 25.3807
4483 27.9955
4484 31.6455
4485 36.3844
4486 36.4956
4487 31.1798
4488 37.1263
4489 37.594
4490 36.2371
4491 29.003
4492 34.4825
4493 33.0546
4494 27.3265
4495 27.7777
4496 28.5714
4497 28.5623
4498 37.4407
4499 48.5419
4500 46.5047
4501 28.6913
4502 47.1696
4503 40.088
4504 35.1888
4505 35.2113
4506 32.3743
4507 37.2574
4508 38.7597
4509 38.0944
4510 48.4677
4511 48.5436
4512 41.3541
4513 45.043
4514 38.9081
4515 31.0349
4516 33.9741
4517 44.4355
4518 47.6188
4519 45.8832
4520 64.9351
4521 59.2913
4522 41.3577
4523 43.1033
4524 41.9748
4525 49.4414
4526 50.0603
4527 68.4904
4528 67.011
4529 53.4536
4530 45.6573
4531 46.2962
4532 45.226
4533 47.619
4534 56.6207
4535 96.1451
4536 90.0563
4537 116.279
4538 106.864
4539 147.058
4540 81.0095
4541 52.507
4542 53.3305
4543 68.4925
4544 67.5499
4545 64.9351
4546 58.2797
4547 11.512
4548 3.98923
4549 4.00272
4550 4.0032
4551 4.05319
4552 4.05844
4553 4.04609
4554 3.97704
4555 3.89654
4556 3.86885
4557 3.93781
4558 4.00738
4559 4.07756
4560 4.14835
4561 4.20521
4562 4.19102
4563 4.20153
4564 4.1841
4565 4.18393
4566 4.15281
4567 4.17014
4568 4.1886
4569 4.22654
4570 4.19111
4571 4.19072
4572 4.14868
4573 4.17302
4574 4.17362
4575 4.1919
4576 4.2123
4577 4.18831
4578 3.79434
4579 4.1425
4580 4.16793
4581 4.21941
4582 4.21941
4583 4.20155
4584 4.17711
4585 4.17472
4586 4.17014
4587 4.15385
4588 4.09165
4589 4.12201
4590 4.11863
4591 4.13094
4592 4.13907
4593 4.13514
4594 4.09257
4595 4.03532
4596 4.0487
4597 4.05844
4598 4.05298
4599 3.9977
4600 4.04715
4601 4.07937
4602 4.17276
4603 4.25532
4604 4.22857
4605 3.53577
4606 4.19007
4607 2.43309
4608 4.18046
4609 4.14488
4610 4.13565
4611 4.11874
4612 4.0941
4613 4.13336
4614 4.13907
4615 4.13536
4616 4.1001
4617 4.06814
4618 4.06835
4619 4.05015
4620 3.98748
4621 3.95561
4622 4.02135
4623 4.06312
4624 4.08093
4625 4.08163
4626 4.07476
4627 4.04464
4628 3.99054
4629 3.98089
4630 3.98027
4631 3.96097
4632 3.91468
4633 3.84141
4634 3.87553
4635 3.9528
4636 4.03084
4637 4.10964
4638 4.20112
4639 4.24809
4640 4.23879
4641 4.18303
4642 4.20168
4643 4.20018
4644 4.16083
4645 4.10857
4646 4.03814
4647 4.1085
4648 4.14436
4649 4.14938
4650 4.14572
4651 4.11831
4652 4.23395
4653 4.29553
4654 4.22043
4655 4.17734
4656 4.22297
4657 4.21622
4658 4.13634
4659 4.08643
4660 4.09165
4661 4.09044
4662 4.07153
4663 4.13121
4664 4.15628
4665 4.15358
4666 2.62399
4667 4.00861
4668 3.96985
4669 3.98089
4670 3.98087
4671 3.96762
4672 3.93012
4673 3.9333
4674 3.97822
4675 4.00674
4676 4.04648
4677 4.0754
4678 4.14696
4679 4.21915
4680 4.24448
4681 4.26985
4682 4.22267
4683 4.24122
4684 2.23201
4685 4.20765
4686 4.26621
4687 4.20168
4688 4.23965
4689 4.24448
4690 4.24288
4691 4.15319
4692 3.56393
4693 4.30663
4694 4.22756
4695 4.24448
4696 4.24167
4697 4.19864
4698 2.33363
4699 4.30663
4700 4.26257
4701 4.24809
4702 4.23934
4703 4.20904
4704 4.2123
4705 4.21391
4706 4.21585
4707 4.19795
4708 3.54108
4709 2.57591
4710 4.14938
4711 4.13305
4712 4.15385
4713 4.17691
4714 4.17711
4715 4.16166
4716 4.10809
4717 4.0574
4718 4.13421
4719 4.24021
4720 4.29184
4721 4.29184
4722 4.25894
4723 4.25514
4724 4.2337
4725 4.21956
4726 4.21378
4727 4.22297
4728 4.21918
4729 4.17494
4730 4.16667
4731 4.16037
4732 2.56752
4733 4.11023
4734 4.1573
4735 4.17361
4736 4.17362
4737 4.15914
4738 4.11391
4739 4.08491
4740 4.08497
4741 4.06897
4742 4.01718
4743 4.02799
4744 4.03226
4745 4.03171
4746 4.06281
4747 4.09585
4748 4.10834
4749 4.10846
4750 4.1003
4751 4.07171
4752 4.02258
4753 4.08945
4754 4.22255
4755 4.33276
4756 4.31109
4757 4.28816
4758 4.26214
4759 4.19746
4760 4.2094
4761 4.23706
4762 4.23729
4763 4.21857
4764 4.17447
4765 4.11291
4766 4.04686
4767 4.08384
4768 4.19391
4769 4.25532
4770 4.32103
4771 4.32152
4772 4.25074
4773 4.17711
4774 4.16503
4775 4.21331
4776 4.2517
4777 4.2491
4778 4.17831
4779 4.09304
4780 4.08831
4781 4.08825
4782 4.0982
4783 4.11679
4784 4.11862
4785 4.12329
4786 4.17541
4787 4.17711
4788 4.15476
4789 4.0746
4790 3.98945
4791 3.97565
4792 3.99268
4793 4.05946
4794 4.13247
4795 4.20613
4796 4.28044
4797 4.31728
4798 4.32516
4799 4.31029
4800 4.29553
4801 4.29923
4802 3.8782
4803 4.3554
4804 4.32152
4805 4.28369
4806 4.28449
4807 4.29185
4808 4.27327
4809 4.34028
4810 4.33908
4811 4.24692
4812 4.26257
4813 4.31284
4814 4.35528
4815 4.35539
4816 4.31516
4817 4.01762
4818 4.29178
4819 4.29185
4820 4.25172
4821 4.23206
4822 4.24088
4823 4.22234
4824 4.25481
4825 2.55493
4826 4.23666
4827 4.16788
4828 4.14657
4829 4.17709
4830 4.17711
4831 4.14613
4832 4.1559
4833 4.19981
4834 4.29814
4835 4.38982
4836 4.36139
4837 4.329
4838 4.31472
4839 4.30293
4840 4.30215
4841 4.25887
4842 4.25894
4843 4.23515
4844 4.22144
4845 4.25879
4846 4.26257
4847 4.25621
4848 4.21369
4849 4.1876
4850 4.18745
4851 4.15958
4852 4.0864
4853 4.09672
4854 4.16025
4855 4.19757
4856 4.20875
4857 4.20868
4858 4.19358
4859 4.15227
4860 4.10385
4861 4.10509
4862 4.09764
4863 4.06186
4864 3.99652
4865 3.90625
4866 3.97205
4867 4.05369
4868 4.15887
4869 4.30226
4870 4.37063
4871 4.36826
4872 4.301
4873 4.329
4874 4.32891
4875 4.29201
4876 4.24331
4877 4.15721
4878 4.2306
4879 4.27096
4880 4.27716
4881 4.27377
4882 4.23903
4883 4.283
4884 4.42478
4885 4.39816
4886 4.31003
4887 4.34603
4888 4.35161
4889 4.30468
4890 4.21674
4891 4.2123
4892 4.20953
4893 4.18547
4894 4.21138
4895 4.27573
4896 4.27716
4897 4.24447
4898 4.1567
4899 4.08226
4900 4.10113
4901 4.10172
4902 4.09347
4903 4.05928
4904 4.06357
4905 4.10527
4906 4.12923
4907 4.15936
4908 4.1978
4909 4.19815
4910 4.24798
4911 4.32438
4912 4.42478
4913 4.4091
4914 4.38194
4915 4.37445
4916 3.9727
4917 4.40914
4918 4.37803
4919 4.37445
4920 4.3741
4921 4.24637
4922 4.37174
4923 4.4405
4924 4.35689
4925 4.37828
4926 4.37371
4927 4.12157
4928 4.4405
4929 3.5581
4930 4.38504
4931 4.37603
4932 4.32851
4933 4.34405
4934 4.34218
4935 4.34783
4936 4.33549
4937 4.25945
4938 4.27205
4939 4.28082
4940 3.92397
4941 4.27611
4942 4.29916
4943 4.29923
4944 4.28086
4945 4.22122
4946 4.21511
4947 4.32781
4948 4.42796
4949 4.4287
4950 4.4037
4951 4.38982
4952 4.363
4953 4.36254
4954 4.32029
4955 4.34781
4956 4.34783
4957 4.32279
4958 4.29185
4959 3.69328
4960 4.25566
4961 4.20498
4962 4.2675
4963 4.2968
4964 4.29923
4965 4.29289
4966 4.25576
4967 4.20706
4968 4.20875
4969 4.19915
4970 4.15252
4971 4.1489
4972 4.15628
4973 4.15623
4974 4.1783
4975 4.21681
4976 4.2331
4977 4.2337
4978 4.22716
4979 4.19901
4980 4.14863
4981 4.26634
4982 4.41294
4983 4.47227
4984 4.42087
4985 4.41994
4986 4.37918
4987 4.29663
4988 4.35533
4989 4.36681
4990 2.31472
4991 4.32337
4992 4.27837
4993 4.18588
4994 4.18365
4995 4.22372
4996 4.31934
4997 4.39367
4998 2.66099
4999 4.4603
5000 4.38591
5001 4.30293
5002 4.28905
5003 4.33956
5004 4.38212
5005 4.37961
5006 4.30468
5007 4.21415
5008 4.2123
5009 4.21184
5010 4.23861
5011 4.24448
5012 4.24371
5013 4.26189
5014 2.55705
5015 4.30663
5016 4.27105
5017 4.18148
5018 4.09126
5019 4.10488
5020 4.11523
5021 4.16007
5022 4.24015
5023 4.32099
5024 4.40259
5025 3.05998
5026 4.49233
5027 4.45617
5028 4.45622
5029 4.50045
5030 4.46827
5031 4.45236
5032 4.41805
5033 4.4287
5034 4.4283
5035 4.46751
5036 4.47627
5037 4.4268
5038 4.39685
5039 4.47696
5040 4.50045
5041 4.47866
5042 4.4294
5043 4.14806
5044 4.43262
5045 4.42871
5046 4.35414
5047 4.38211
5048 4.38212
5049 4.38039
5050 4.39367
5051 4.39107
5052 4.34641
5053 4.28449
5054 4.302
5055 4.31034
5056 4.30058
5057 4.25391
5058 4.32752
5059 4.44276
5060 4.53309
5061 4.49275
5062 3.25353
5063 4.44404
5064 4.4405
5065 4.43783
5066 4.40116
5067 4.40141
5068 3.427
5069 4.36118
5070 4.39252
5071 4.39367
5072 4.38107
5073 4.32685
5074 4.32152
5075 4.31823
5076 4.27391
5077 4.20995
5078 4.23599
5079 4.29558
5080 4.3272
5081 4.33276
5082 4.33084
5083 4.30652
5084 4.25421
5085 4.22654
5086 4.22639
5087 4.20745
5088 4.15694
5089 4.07486
5090 3.98654
5091 4.1259
5092 4.27702
5093 4.43086
5094 4.51671
5095 4.51568
5096 4.46828
5097 4.46429
5098 4.46425
5099 4.42773
5100 4.37608
5101 4.29923
5102 4.35348
5103 4.39783
5104 4.40529
5105 4.40227
5106 4.36678
5107 4.35979
5108 4.48022
5109 4.57038
5110 4.49508
5111 4.43416
5112 4.49236
5113 4.4857
5114 4.39576
5115 4.34405
5116 4.34036
5117 4.31291
5118 4.27929
5119 4.39429
5120 4.41306
5121 4.40465
5122 4.32356
5123 4.24329
5124 4.22301
5125 4.22654
5126 4.22286
5127 4.19383
5128 4.2026
5129 4.24248
5130 4.26309
5131 3.34721
5132 4.32499
5133 4.329
5134 4.39033
5135 4.47403
5136 4.53309
5137 4.55773
5138 4.54542
5139 4.54132
5140 4.56204
5141 4.51789
5142 4.52489
5143 4.50857
5144 4.50039
5145 4.55815
5146 4.58295
5147 4.49545
5148 4.51264
5149 4.53986
5150 4.59559
5151 4.54959
5152 4.54124
5153 4.51434
5154 4.46634
5155 4.4843
5156 4.47827
5157 4.4843
5158 4.47118
5159 4.39021
5160 4.41073
5161 4.16322
5162 4.40523
5163 4.4175
5164 4.44049
5165 4.4405
5166 4.41851
5167 4.35155
5168 4.42604
5169 3.45133
5170 4.57875
5171 4.57855
5172 4.52899
5173 4.51254
5174 3.24025
5175 4.46671
5176 4.48961
5177 4.49236
5178 4.47892
5179 4.43558
5180 4.43656
5181 4.41195
5182 4.32166
5183 4.39595
5184 4.4345
5185 4.4405
5186 4.43733
5187 4.40444
5188 4.34807
5189 4.35161
5190 4.34438
5191 4.29891
5192 4.27222
5193 4.2873
5194 4.28816
5195 4.3081
5196 4.35096
5197 4.3697
5198 4.37063
5199 4.36433
5200 4.33484
5201 4.31827
5202 4.47415
5203 4.62107
5204 4.60864
5205 4.56621
5206 2.92425
5207 4.47793
5208 4.4763
5209 4.51195
5210 4.51264
5211 4.49355
5212 4.44579
5213 4.3699
5214 3.46981
5215 4.3277
5216 4.40271
5217 4.45511
5218 4.53309
5219 4.60296
5220 4.60405
5221 4.52491
5222 3.61794
5223 4.42655
5224 4.4867
5225 4.52489
5226 4.51948
5227 4.4338
5228 4.3443
5229 4.35161
5230 4.36371
5231 4.37445
5232 4.37443
5233 4.36175
5234 4.42024
5235 4.4484
5236 4.44659
5237 4.38488
5238 4.28798
5239 4.21529
5240 2.79741
5241 2.34794
5242 4.37444
5243 4.46021
5244 4.54681
5245 4.60828
5246 4.32172
5247 4.62957
5248 3.35345
5249 4.63306
5250 4.61018
5251 4.56621
5252 4.58716
5253 4.14938
5254 4.48621
5255 4.62535
5256 4.6081
5257 4.59853
5258 4.65952
5259 4.65983
5260 4.60089
5261 4.59982
5262 4.58295
5263 4.58295
5264 4.531
5265 4.53278
5266 4.5372
5267 4.51301
5268 4.5372
5269 4.53695
5270 4.50201
5271 4.43146
5272 4.43354
5273 4.45236
5274 4.44872
5275 4.39616
5276 4.51895
5277 4.64343
5278 4.69484
5279 4.6338
5280 4.62535
5281 4.58259
5282 4.58716
5283 4.57086
5284 4.54959
5285 4.54422
5286 3.53607
5287 4.52576
5288 4.54133
5289 4.54059
5290 4.50925
5291 4.46764
5292 4.46828
5293 4.44818
5294 4.38313
5295 4.34178
5296 4.40735
5297 4.45671
5298 4.47598
5299 4.47628
5300 4.46517
5301 4.42429
5302 4.36913
5303 4.37063
5304 4.36225
5305 4.32142
5306 4.24664
5307 4.13861
5308 4.27844
5309 4.44203
5310 3.12282
5311 4.66853
5312 2.47802
5313 4.58869
5314 4.61681
5315 4.61093
5316 4.57701
5317 4.50354
5318 4.43627
5319 4.5176
5320 4.55511
5321 4.55788
5322 4.5488
5323 4.49868
5324 4.45144
5325 4.57844
5326 2.43611
5327 4.68563
5328 4.58573
5329 4.63983
5330 4.64252
5331 4.57985
5332 4.4843
5333 4.47263
5334 4.45056
5335 4.38436
5336 4.50981
5337 4.55788
5338 4.5575
5339 4.4934
5340 4.39367
5341 4.36421
5342 4.37063
5343 4.36849
5344 4.34081
5345 4.35673
5346 4.38948
5347 4.40136
5348 4.40141
5349 4.47025
5350 4.51812
5351 4.60794
5352 4.53255
5353 4.69921
5354 4.68147
5355 2.65072
5356 4.7156
5357 4.70367
5358 4.66776
5359 4.6729
5360 4.66352
5361 4.73934
5362 4.71241
5363 4.67709
5364 4.76644
5365 2.45575
5366 4.71253
5367 4.68165
5368 4.65461
5369 4.65549
5370 4.65518
5371 4.64253
5372 4.64205
5373 4.5933
5374 4.4603
5375 4.58295
5376 4.58212
5377 4.54545
5378 3.0805
5379 4.59137
5380 4.58375
5381 4.53275
5382 4.60049
5383 4.72489
5384 3.46083
5385 4.73535
5386 4.69043
5387 4.67289
5388 4.6729
5389 4.60503
5390 4.64194
5391 4.64253
5392 4.62015
5393 4.59559
5394 3.99864
5395 4.5542
5396 4.47724
5397 4.5499
5398 4.58419
5399 4.58716
5400 4.58009
5401 4.53761
5402 4.50017
5403 4.50045
5404 4.48271
5405 3.77555
5406 4.40249
5407 4.42241
5408 3.66542
5409 4.46015
5410 4.49933
5411 4.51263
5412 4.51264
5413 4.50005
5414 4.46159
5415 4.60849
5416 3.12169
5417 4.78927
5418 4.7259
5419 3.00957
5420 4.65116
5421 4.62253
5422 4.66302
5423 4.66418
5424 4.64567
5425 4.59983
5426 4.517
5427 4.38325
5428 4.45557
5429 4.53825
5430 4.58462
5431 4.64109
5432 4.69484
5433 4.77099
5434 4.75992
5435 4.65611
5436 4.59514
5437 4.55269
5438 4.67156
5439 4.68165
5440 4.64802
5441 4.5445
5442 4.49178
5443 4.5094
5444 4.5208
5445 4.52076
5446 4.50664
5447 4.49631
5448 4.58332
5449 4.59137
5450 4.57476
5451 4.48273
5452 4.3798
5453 4.413
5454 4.50334
5455 4.59459
5456 4.68675
5457 4.77983
5458 4.78464
5459 4.793
5460 4.84966
5461 3.62984
5462 4.76644
5463 4.75737
5464 4.78
5465 4.76593
5466 4.74668
5467 4.70366
5468 4.80154
5469 4.54845
5470 4.81039
5471 4.77229
5472 4.66624
5473 4.74383
5474 4.73636
5475 4.64237
5476 4.70367
5477 4.70336
5478 4.68779
5479 4.69925
5480 4.69415
5481 4.63685
5482 4.56998
5483 4.62096
5484 4.62535
5485 4.44444
5486 4.67849
5487 4.81312
5488 4.87329
5489 4.80129
5490 4.06087
5491 4.74269
5492 4.74834
5493 4.73237
5494 4.71698
5495 4.71081
5496 4.62446
5497 4.68057
5498 4.69925
5499 2.84562
5500 4.66788
5501 4.63342
5502 4.63392
5503 4.61129
5504 4.54855
5505 4.51942
5506 4.55294
5507 4.60721
5508 4.62912
5509 4.62963
5510 4.61866
5511 4.57583
5512 4.09836
5513 4.52489
5514 4.51266
5515 4.46451
5516 4.37983
5517 4.36193
5518 4.53886
5519 4.71932
5520 4.84021
5521 4.84027
5522 4.77774
5523 4.77491
5524 4.77555
5525 3.78111
5526 4.69402
5527 4.56224
5528 4.64764
5529 4.70491
5530 4.71698
5531 4.71508
5532 4.67816
5533 4.61964
5534 4.59566
5535 4.73062
5536 3.61269
5537 4.86478
5538 4.75763
5539 4.80838
5540 4.81232
5541 4.74632
5542 4.63942
5543 4.62535
5544 4.60219
5545 4.52534
5546 4.67543
5547 4.72144
5548 4.72002
5549 3.71598
5550 4.53648
5551 4.51744
5552 4.5208
5553 4.51528
5554 4.49477
5555 4.53521
5556 4.55287
5557 3.57668
5558 4.67731
5559 2.74598
5560 4.86839
5561 4.87805
5562 4.89235
5563 4.93097
5564 4.87805
5565 4.87498
5566 4.85903
5567 4.83428
5568 4.83091
5569 4.91159
5570 4.91159
5571 4.96524
5572 4.9113
5573 4.90196
5574 4.85909
5575 4.83092
5576 4.51264
5577 4.82553
5578 4.81696
5579 4.80663
5580 4.73346
5581 4.72668
5582 4.75285
5583 4.74596
5584 4.52489
5585 4.75578
5586 4.2738
5587 4.74277
5588 4.73735
5589 3.67963
5590 4.93583
5591 4.60828
5592 4.86855
5593 4.86261
5594 4.86381
5595 4.80309
5596 4.80968
5597 4.81232
5598 4.79589
5599 4.77095
5600 4.06819
5601 4.73315
5602 4.62093
5603 4.69154
5604 4.73639
5605 4.74383
5606 4.74069
5607 4.70444
5608 3.61594
5609 4.66853
5610 4.65485
5611 4.59492
5612 4.62535
5613 3.79259
5614 4.58256
5615 3.79618
5616 4.64589
5617 4.66748
5618 4.66853
5619 4.66119
5620 4.67628
5621 4.86146
5622 4.98008
5623 4.90701
5624 4.89712
5625 4.87343
5626 4.77374
5627 4.81695
5628 4.83092
5629 4.82901
5630 4.78475
5631 4.7268
5632 4.60245
5633 4.54145
5634 4.65331
5635 4.72597
5636 4.75945
5637 4.7619
5638 4.86267
5639 4.93087
5640 4.94071
5641 4.86223
5642 4.7619
5643 4.73834
5644 2.91939
5645 4.84966
5646 4.84028
5647 4.73707
5648 4.65276
5649 4.6739
5650 4.67727
5651 4.67372
5652 4.64588
5653 4.6282
5654 4.74428
5655 4.7619
5656 4.75188
5657 4.65977
5658 4.67769
5659 4.77575
5660 4.87483
5661 4.87786
5662 4.98008
5663 5.06073
5664 5.01502
5665 4.96427
5666 4.97509
5667 4.96032
5668 4.9309
5669 4.9456
5670 4.9221
5671 2.6013
5672 5.0454
5673 4.97367
5674 4.64684
5675 4.97328
5676 4.92611
5677 4.95043
5678 4.95036
5679 4.95045
5680 4.89055
5681 4.87363
5682 4.40566
5683 4.88759
5684 4.87756
5685 2.64371
5686 4.80268
5687 4.80307
5688 4.82004
5689 4.96609
5690 5.0813
5691 5.00499
5692 4.995
5693 4.7081
5694 4.93097
5695 4.92631
5696 4.91159
5697 4.91043
5698 4.83683
5699 4.83889
5700 4.87275
5701 4.87329
5702 4.85402
5703 4.80964
5704 4.81232
5705 4.79624
5706 2.95515
5707 4.71279
5708 4.69123
5709 4.76014
5710 4.79436
5711 4.79846
5712 4.79389
5713 4.75872
5714 4.69728
5715 4.69925
5716 4.69011
5717 4.64836
5718 4.62124
5719 4.69484
5720 4.74771
5721 4.94634
5722 5.03525
5723 5.03525
5724 4.9225
5725 4.9554
5726 4.95462
5727 4.93145
5728 4.9554
5729 4.85437
5730 4.827
5731 4.87687
5732 4.88281
5733 4.87607
5734 4.8246
5735 4.76377
5736 4.66043
5737 4.80251
5738 4.94672
5739 5.0813
5740 5.01193
5741 2.93427
5742 4.995
5743 4.9891
5744 4.87927
5745 4.79846
5746 4.7934
5747 4.73907
5748 4.75595
5749 4.88179
5750 4.89237
5751 4.86558
5752 4.75323
5753 4.66427
5754 4.67727
5755 4.67667
5756 4.69771
5757 4.79852
5758 4.9004
5759 5.00334
5760 5.08647
5761 5.13865
5762 5.14932
5763 5.10204
5764 5.09944
5765 5.10709
5766 5.07485
5767 5.0556
5768 5.01504
5769 4.1919
5770 5.07595
5771 5.11771
5772 5.09466
5773 5.03989
5774 5.03082
5775 5.04541
5776 5.03523
5777 5.02172
5778 5.04538
5779 5.0505
5780 4.93167
5781 5.02509
5782 4.98402
5783 4.90654
5784 4.9358
5785 4.93583
5786 4.91051
5787 5.03993
5788 5.13683
5789 5.14403
5790 5.05561
5791 5.05012
5792 5.06073
5793 5.02894
5794 4.98562
5795 5
5796 4.64684
5797 4.96641
5798 4.97018
5799 4.94862
5800 4.84455
5801 4.83914
5802 4.65549
5803 4.92611
5804 4.92611
5805 4.90427
5806 4.84868
5807 4.74383
5808 4.84729
5809 4.79498
5810 4.69173
5811 4.69924
5812 4.73559
5813 4.74832
5814 4.796
5815 4.83253
5816 4.84027
5817 4.83909
5818 4.88745
5819 5.09235
5820 3.42936
5821 5.08647
5822 5.09165
5823 5.04897
5824 4.92689
5825 4.76188
5826 2.6439
5827 5.01016
5828 4.97087
5829 4.89237
5830 4.8714
5831 4.71579
5832 4.8316
5833 4.90464
5834 2.64865
5835 4.93583
5836 4.95164
5837 5.05561
5838 5.1254
5839 5.1282
5840 5.03231
5841 4.94071
5842 4.90421
5843 5.00027
5844 3.96362
5845 5.0189
5846 4.90317
5847 4.84301
5848 4.84496
5849 4.83883
5850 4.80463
5851 4.74043
5852 4.81723
5853 4.92604
5854 4.95418
5855 5.06152
5856 5.17002
5857 4.71647
5858 5.30223
5859 5.2521
5860 2.99528
5861 5.1921
5862 5.17531
5863 5.18669
5864 5.15995
5865 4.32248
5866 5.27425
5867 5.25663
5868 5.17114
5869 5.20291
5870 5.15464
5871 5.1224
5872 5.12816
5873 5.15464
5874 2.7737
5875 5.12295
5876 5.12295
5877 5.1282
5878 5.12294
5879 5.14933
5880 5.12716
5881 5.06272
5882 3.78653
5883 5.13297
5884 5.30786
5885 5.25184
5886 5.21921
5887 5.19467
5888 5.12821
5889 5.12814
5890 5.12767
5891 5.1282
5892 5.07902
5893 5.00015
5894 3.88079
5895 5.06586
5896 5.0595
5897 5.01581
5898 5.02513
5899 5.01731
5900 4.95043
5901 4.89237
5902 4.87781
5903 4.91076
5904 4.964
5905 4.98008
5906 4.97999
5907 4.95872
5908 3.16925
5909 4.89716
5910 4.89197
5911 2.52663
5912 4.85909
5913 4.85909
5914 4.94336
5915 5.16202
5916 3.93682
5917 5.24984
5918 5.12577
5919 5.15464
5920 5.15464
5921 3.29351
5922 5.01042
5923 5.09038
5924 5.14933
5925 5.07201
5926 4.79386
5927 5.06579
5928 5.01542
5929 4.93343
5930 4.88552
5931 4.82522
5932 4.97671
5933 5.13054
5934 5.28541
5935 5.22312
5936 5.09965
5937 5.17598
5938 5.17598
5939 5.07637
5940 4.98504
5941 4.98173
5942 4.92751
5943 4.89621
5944 5.05957
5945 5.0813
5946 5.06297
5947 4.94597
5948 5.0331
5949 5.14432
5950 5.25677
5951 2.7426
5952 5.41696
5953 5.35191
5954 5.36476
5955 5.29278
5956 5.25762
5957 5.31915
5958 5.27425
5959 5.30798
5960 5.4407
5961 4.21859
5962 5.35854
5963 5.30223
5964 5.26965
5965 5.27983
5966 5.25752
5967 5.20833
5968 5.22386
5969 5.27426
5970 5.19211
5971 5.21539
5972 5.29661
5973 5.26309
5974 4.89758
5975 5.3077
5976 5.3135
5977 5.23189
5978 5.36927
5979 5.38793
5980 5.29539
5981 5.27371
5982 5.291
5983 3.00793
5984 5.17022
5985 5.1975
5986 5.19685
5987 5.17946
5988 5.18672
5989 5.17038
5990 5.07049
5991 5.00037
5992 5.08643
5993 5.12558
5994 5.1282
5995 5.11782
5996 3.86367
5997 5.07099
5998 5.06565
5999 5.01427
6000 4.96524
6001 4.06795
6002 4.89972
6003 4.92306
6004 4.95708
6005 5.00968
6006 5.02993
6007 5.03018
6008 5.09091
6009 5.35521
6010 5.42299
6011 5.31784
6012 5.31915
6013 5.25421
6014 5.11976
6015 5.20045
6016 5.21376
6017 5.20802
6018 5.17715
6019 5.19211
6020 5.0438
6021 5.08647
6022 5.07619
6023 5.0973
6024 5.13207
6025 5.13347
6026 5.12014
6027 5.08493
6028 2.6736
6029 5.25762
6030 5.33617
6031 5.28478
6032 5.15652
6033 2.79462
6034 5.13771
6035 5.2356
6036 5.23503
6037 5.1341
6038 5.03018
6039 5.05774
6040 5.17401
6041 5.29159
6042 5.4105
6043 5.58634
6044 5.56154
6045 5.53695
6046 5.42467
6047 5.46444
6048 5.44979
6049 5.41535
6050 5.44662
6051 5.44069
6052 5.54324
6053 5.49588
6054 5.44355
6055 5.45851
6056 5.4149
6057 5.42885
6058 5.36481
6059 5.36995
6060 5.37057
6061 5.38212
6062 5.36559
6063 5.36207
6064 5.37634
6065 5.26103
6066 5.38599
6067 2.57874
6068 5.38788
6069 5.4054
6070 5.56793
6071 5.48989
6072 5.47046
6073 5.42654
6074 5.34188
6075 3.96928
6076 4.93454
6077 5.36481
6078 5.30344
6079 5.18281
6080 5.25427
6081 5.2521
6082 5.26591
6083 5.24388
6084 3.44402
6085 5.24234
6086 5.169
6087 5.09684
6088 5.09251
6089 2.58531
6090 5.14977
6091 5.18002
6092 5.18135
6093 5.17035
6094 5.12076
6095 5.11247
6096 5.10682
6097 4.89714
6098 5.0813
6099 5.0813
6100 5.15952
6101 5.4013
6102 5.48847
6103 5.4758
6104 5.3415
6105 5.38629
6106 5.38793
6107 5.34895
6108 5.19899
6109 5.09445
6110 4.88281
6111 5.26794
6112 5.35906
6113 2.62504
6114 5.22026
6115 5.12236
6116 3.64699
6117 5.1282
6118 5.11171
6119 5.07877
6120 5.24128
6121 3.97579
6122 5.50661
6123 5.38581
6124 5.34366
6125 5.39374
6126 5.3552
6127 5.22166
6128 5.18672
6129 2.73224
6130 5.36286
6131 5.48656
6132 5.5991
6133 5.7471
6134 5.6942
6135 5.66882
6136 5.64142
6137 5.50977
6138 5.5634
6139 5.59907
6140 3.61744
6141 5.73394
6142 5.67581
6143 5.65611
6144 5.56759
6145 3.38358
6146 5.56793
6147 5.56786
6148 5.53097
6149 5.5371
6150 5.42299
6151 5.52476
6152 5.53388
6153 5.56173
6154 5.50919
6155 5.43149
6156 5.51868
6157 5.5617
6158 5.48217
6159 5.52015
6160 5.66893
6161 5.66754
6162 5.63
6163 2.71444
6164 5.55555
6165 5.49216
6166 5.44662
6167 5.50661
6168 5.20232
6169 5.00294
6170 5.4407
6171 5.40117
6172 5.26615
6173 5.35906
6174 5.30966
6175 5.33855
6176 5.34188
6177 5.33177
6178 5.31147
6179 5.3135
6180 5.30786
6181 5.22645
6182 5.24659
6183 5.17773
6184 5.15996
6185 5.15993
6186 5.14116
6187 2.77103
6188 5.23374
6189 5.2356
6190 5.34651
6191 5.68828
6192 5.68828
6193 4.94886
6194 5.56749
6195 5.46695
6196 5.33664
6197 5.42576
6198 5.45256
6199 5.45249
6200 5.40739
6201 5.27885
6202 5.30056
6203 5.4054
6204 5.40143
6205 5.30322
6206 5.34505
6207 5.34759
6208 5.33553
6209 5.27464
6210 5.17106
6211 2.65559
6212 5.48543
6213 5.52459
6214 5.09684
6215 5.47887
6216 5.39755
6217 5.52808
6218 5.66017
6219 5.75355
6220 5.91716
6221 5.86846
6222 5.81183
6223 5.68828
6224 5.78034
6225 5.70759
6226 5.7126
6227 5.76033
6228 5.7028
6229 5.8548
6230 5.78421
6231 5.75036
6232 5.76037
6233 5.66764
6234 5.72734
6235 5.72733
6236 5.6616
6237 5.66251
6238 5.64334
6239 5.64288
6240 5.66893
6241 5.5819
6242 5.68182
6243 5.10629
6244 5.61167
6245 5.63184
6246 5.70776
6247 5.86854
6248 5.85075
6249 5.76701
6250 5.76102
6251 5.74052
6252 5.67775
6253 5.71422
6254 5.66889
6255 5.6187
6256 5.4676
6257 5.49455
6258 5.50055
6259 5.50055
6260 5.56174
6261 5.58659
6262 2.62317
6263 5.45821
6264 4.4131
6265 3.55461
6266 5.35678
6267 5.3648
6268 5.42888
6269 5.41097
6270 5.41126
6271 5.3942
6272 5.37057
6273 5.36999
6274 5.33862
6275 4.24429
6276 5.22258
6277 3.532
6278 5.45674
6279 5.74654
6280 3.51157
6281 5.70643
6282 5.60897
6283 5.64972
6284 5.64789
6285 5.56716
6286 5.37238
6287 5.32481
6288 5.44906
6289 5.5122
6290 5.51876
6291 5.50836
6292 5.49057
6293 5.20291
6294 5.46448
6295 5.29426
6296 5.26316
6297 5.34759
6298 5.34188
6299 5.36882
6300 5.48089
6301 5.65115
6302 5.75592
6303 5.89596
6304 6.09011
6305 6.07533
6306 5.98424
6307 6.00233
6308 5.92566
6309 2.74083
6310 5.93824
6311 5.91016
6312 5.8754
6313 6.07533
6314 6.04218
6315 5.98086
6316 5.9266
6317 5.8411
6318 5.86166
6319 5.87544
6320 5.826
6321 5.8548
6322 5.71416
6323 5.85474
6324 5.83798
6325 2.95665
6326 2.94693
6327 5.84204
6328 5.72372
6329 5.74211
6330 5.78704
6331 5.87544
6332 5.79256
6333 5.98086
6334 5.9767
6335 5.86165
6336 5.86794
6337 5.86854
6338 5.88927
6339 5.94526
6340 5.82895
6341 5.76701
6342 5.8411
6343 5.78129
6344 4.89794
6345 5.67275
6346 5.53252
6347 5.51981
6348 5.56063
6349 5.58036
6350 5.57414
6351 5.61151
6352 2.61224
6353 5.58659
6354 5.66251
6355 5.57404
6356 5.42813
6357 5.45198
6358 5.45256
6359 5.44662
6360 5.51081
6361 5.5991
6362 5.51564
6363 5.46448
6364 5.80575
6365 5.98802
6366 5.87096
6367 5.86166
6368 5.82126
6369 5.61706
6370 5.65137
6371 5.72344
6372 5.72738
6373 5.70484
6374 3.55097
6375 5.41123
6376 5.33381
6377 5.38216
6378 5.50252
6379 5.56763
6380 5.64334
6381 5.63768
6382 4.44742
6383 5.82717
6384 5.97639
6385 6.09734
6386 5.36059
6387 6.32911
6388 6.25
6389 6.14912
6390 6.12198
6391 6.15763
6392 6.06524
6393 6.09013
6394 6.11246
6395 6.04415
6396 6.2344
6397 6.23393
6398 5.85017
6399 6.12745
6400 6.1149
6401 6.09753
6402 6.09487
6403 5.94605
6404 6.0024
6405 5.93119
6406 5.98086
6407 6.01684
6408 5.97061
6409 5.98898
6410 6.03865
6411 5.96656
6412 5.91716
6413 5.95238
6414 6.07532
6415 6.05952
6416 6.21891
6417 6.09535
6418 3.30261
6419 6.09754
6420 6.10309
6421 6.1425
6422 6.13494
6423 6.20347
6424 6.06399
6425 6.09013
6426 5.99774
6427 5.84533
6428 5.84111
6429 5.84042
6430 5.95945
6431 5.94007
6432 5.88926
6433 5.83597
6434 5.7453
6435 5.69508
6436 5.57611
6437 5.65704
6438 5.67537
6439 5.65611
6440 5.71716
6441 5.82072
6442 5.7604
6443 5.61098
6444 5.5126
6445 5.66893
6446 5.74053
6447 5.69232
6448 6.0104
6449 6.09013
6450 6.06476
6451 5.89628
6452 5.95947
6453 2.74123
6454 5.89192
6455 5.69368
6456 5.57109
6457 5.71996
6458 5.79621
6459 4.11241
6460 5.79985
6461 3.74752
6462 6.02439
6463 6.18397
6464 6.31313
6465 6.35564
6466 6.45987
6467 6.49959
6468 6.41113
6469 6.41847
6470 6.28011
6471 6.39386
6472 6.32111
6473 6.31866
6474 6.25428
6475 6.16906
6476 6.49351
6477 3.04529
6478 6.38569
6479 6.30517
6480 6.19218
6481 6.27293
6482 6.27352
6483 6.16194
6484 6.12314
6485 6.2814
6486 6.1765
6487 6.31313
6488 6.34505
6489 6.18801
6490 6.0532
6491 6.11274
6492 6.17284
6493 4.00385
6494 6.22609
6495 6.16381
6496 6.23441
6497 6.36132
6498 6.35333
6499 6.25782
6500 6.25131
6501 6.27688
6502 6.29723
6503 6.32121
6504 6.42674
6505 6.29267
6506 6.35324
6507 6.2687
6508 6.11247
6509 6.14052
6510 6.18811
6511 6.06413
6512 5.24109
6513 5.84854
6514 5.95238
6515 5.95238
6516 5.95947
6517 6.01684
6518 6.09756
6519 3.78399
6520 5.8681
6521 5.77782
6522 5.79374
6523 5.79358
6524 5.76613
6525 5.69156
6526 5.85896
6527 5.86854
6528 5.95213
6529 6.12125
6530 6.34518
6531 6.23312
6532 6.20347
6533 6.15709
6534 5.92263
6535 5.98561
6536 6.05193
6537 6.05327
6538 2.99874
6539 6.37745
6540 6.51886
6541 6.51041
6542 6.62168
6543 6.8306
6544 6.60502
6545 6.65494
6546 6.62248
6547 6.62252
6548 6.56154
6549 6.57028
6550 6.52399
6551 3.11809
6552 6.48902
6553 6.4722
6554 6.68449
6555 6.64451
6556 6.53594
6557 4.59714
6558 6.5023
6559 6.31772
6560 6.41025
6561 6.41025
6562 3.1106
6563 6.49238
6564 6.33433
6565 6.4935
6566 6.49309
6567 6.36131
6568 6.40153
6569 6.43501
6570 6.55308
6571 6.53715
6572 6.50189
6573 6.36783
6574 6.54898
6575 6.64893
6576 6.57148
6577 6.52279
6578 3.43411
6579 6.65439
6580 6.73818
6581 6.71138
6582 6.60062
6583 6.47668
6584 6.56167
6585 6.53782
6586 2.73671
6587 6.33713
6588 6.5189
6589 6.42558
6590 6.24095
6591 6.32839
6592 6.42674
6593 6.29957
6594 6.1201
6595 6.06051
6596 6.07533
6597 6.03635
6598 5.93401
6599 6.08398
6600 6.15763
6601 6.18865
6602 6.24999
6603 6.14422
6604 6.18812
6605 6.03289
6606 5.84612
6607 5.78497
6608 6.14872
6609 6.44426
6610 3.5726
6611 6.40638
6612 6.59397
6613 6.45613
6614 6.78426
6615 3.17041
6616 6.01853
6617 7.07213
6618 3.66838
6619 6.97349
6620 6.9558
6621 6.8592
6622 6.90606
6623 6.8306
6624 6.63061
6625 6.75118
6626 6.84708
6627 6.91563
6628 6.89813
6629 6.66351
6630 6.88705
6631 6.8759
6632 6.21749
6633 6.65733
6634 6.72043
6635 6.74764
6636 6.8306
6637 2.72922
6638 6.71812
6639 6.56622
6640 6.65651
6641 6.66666
6642 4.57974
6643 6.81142
6644 6.60281
6645 6.73159
6646 6.73854
6647 3.99792
6648 6.85871
6649 6.80272
6650 6.80269
6651 6.76393
6652 6.90565
6653 6.86579
6654 6.86813
6655 6.92521
6656 7.01258
6657 6.94735
6658 6.9348
6659 6.7485
6660 6.64011
6661 6.60877
6662 6.8306
6663 6.76975
6664 6.56888
6665 6.45161
6666 6.34957
6667 6.50589
6668 2.95499
6669 6.67557
6670 6.50195
6671 6.61212
6672 6.61376
6673 6.43675
6674 3.93121
6675 6.23875
6676 6.17707
6677 6.16449
6678 6.33875
6679 6.34518
6680 6.44549
6681 6.65075
6682 6.85922
6683 7.05211
6684 7.027
6685 7.0126
6686 7.27802
6687 7.25689
6688 7.47384
6689 7.34214
6690 7.29927
6691 7.1593
6692 7.22543
6693 7.20433
6694 7.32062
6695 7.19423
6696 7.15572
6697 7.06175
6698 7.09219
6699 7.00836
6700 7.0922
6701 7.243
6702 7.24636
6703 7.08215
6704 7.23588
6705 7.10669
6706 6.89244
6707 7.04005
6708 7.05218
6709 6.93481
6710 7.09666
6711 5.02513
6712 7.14742
6713 7.16332
6714 7.0922
6715 7.02594
6716 4.10166
6717 7.00596
6718 7.34213
6719 7.19774
6720 7.09152
6721 7.44044
6722 4.0783
6723 7.2118
6724 3.23621
6725 5.35082
6726 7.51838
6727 6.85233
6728 7.06693
6729 7.33138
6730 7.30841
6731 7.08075
6732 7.06215
6733 7.17791
6734 6.94786
6735 6.83634
6736 6.94444
6737 7.03208
6738 7.05218
6739 6.8761
6740 6.65104
6741 6.52742
6742 6.49049
6743 6.60989
6744 6.73854
6745 6.73834
6746 2.87522
6747 6.82888
6748 6.9695
6749 7.19577
6750 7.3855
6751 7.42937
6752 7.78788
6753 7.77602
6754 7.69227
6755 7.80028
6756 3.36647
6757 7.76273
6758 7.82412
6759 7.61958
6760 7.54147
6761 7.43761
6762 7.51879
6763 7.59878
6764 7.56427
6765 7.54025
6766 7.54148
6767 7.35144
6768 7.54148
6769 7.50472
6770 3.69457
6771 7.66871
6772 7.51877
6773 7.51764
6774 7.27162
6775 3.67304
6776 7.71451
6777 7.75189
6778 7.53035
6779 7.34181
6780 7.47384
6781 7.4184
6782 7.68049
6783 7.67194
6784 7.56428
6785 7.54872
6786 2.88902
6787 7.70416
6788 7.72796
6789 7.59869
6790 7.64526
6791 7.75194
6792 7.67284
6793 7.98722
6794 6.82333
6795 7.885
6796 7.62349
6797 7.36639
6798 7.48035
6799 7.49625
6800 7.61034
6801 7.51599
6802 7.25594
6803 7.16332
6804 7.23589
6805 7.38334
6806 7.41838
6807 6.48164
6808 7.16687
6809 6.92369
6810 7.48503
6811 7.41459
6812 7.66634
6813 7.92229
6814 8.47399
6815 8.43129
6816 8.43144
6817 8.31426
6818 7.02241
6819 8.31936
6820 3.36923
6821 8.33333
6822 8.16993
6823 8.21003
6824 8.02568
6825 8.11687
6826 7.65789
6827 7.78347
6828 7.91057
6829 7.96178
6830 8.00112
6831 4.83667
6832 8.0688
6833 7.77434
6834 7.33885
6835 7.98101
6836 8.03694
6837 8.13007
6838 7.99346
6839 7.99999
6840 8
6841 7.93754
6842 7.92393
6843 8.03858
6844 6.22663
6845 8.23723
6846 8.1915
6847 7.8887
6848 8.16525
6849 8.51789
6850 8.29969
6851 8.20606
6852 8.57621
6853 8.41801
6854 8.6801
6855 4.03957
6856 8.27301
6857 8.18329
6858 8.24939
6859 8.33329
6860 7.60624
6861 8.26446
6862 8.23354
6863 5.41606
6864 7.83699
6865 7.80031
6866 7.97517
6867 8.14332
6868 7.99097
6869 7.69059
6870 7.7951
6871 3.36091
6872 8.35979
6873 8.93414
6874 4.09999
6875 9.02527
6876 8.77839
6877 8.86522
6878 6.81908
6879 5.57474
6880 8.79579
6881 8.83388
6882 8.78572
6883 8.7719
6884 8.63439
6885 8.71938
6886 8.84956
6887 8.83388
6888 8.57298
6889 8.07457
6890 8.66619
6891 8.33032
6892 8.49631
6893 8.60585
6894 8.63555
6895 8.41189
6896 8.86766
6897 8.5137
6898 8.57948
6899 8.65052
6900 8.99279
6901 8.96627
6902 8.60622
6903 5.09684
6904 8.6021
6905 8.97531
6906 8.97665
6907 8.97663
6908 8.72058
6909 9.00702
6910 7.95358
6911 8.8937
6912 9.15544
6913 9.31483
6914 9.3283
6915 9.19116
6916 3.89582
6917 8.66548
6918 8.66551
6919 8.7145
6920 9.00901
6921 8.89881
6922 8.53637
6923 8.2508
6924 8.31945
6925 8.4175
6926 8.70364
6927 8.80282
6928 8.86525
6929 9.41392
6930 9.86192
6931 9.77162
6932 9.78398
6933 9.7572
6934 9.76559
6935 2.79953
6936 9.5057
6937 2.82803
6938 9.61209
6939 9.56021
6940 9.56023
6941 9.55875
6942 9.38034
6943 9.45179
6944 9.39849
6945 9.57854
6946 9.76561
6947 9.56864
6948 9.46407
6949 9.54197
6950 9.28991
6951 9.50384
6952 9.63391
6953 9.46868
6954 9.66976
6955 9.48767
6956 9.48406
6957 9.56968
6958 9.97909
6959 6.53951
6960 9.56014
6961 8.71687
6962 10.3075
6963 10.0191
6964 10.5042
6965 10.6383
6966 10.3218
6967 9.87787
6968 9.78321
6969 8.97931
6970 10.0011
6971 9.55263
6972 9.16862
6973 9.79014
6974 3.56385
6975 9.2073
6976 9.48657
6977 9.84247
6978 9.88889
6979 10.846
6980 5.78996
6981 11.0616
6982 11.0583
6983 10.7407
6984 10.6088
6985 10.8459
6986 10.5708
6987 10.7296
6988 10.6561
6989 10.6383
6990 10.7583
6991 10.8225
6992 10.7041
6993 10.7296
6994 10.7527
6995 10.7498
6996 10.3206
6997 10.7759
6998 10.7218
6999 5.68187
7000 11.1856
7001 10.68
7002 10.8165
7003 10.8225
7004 5.86207
7005 11.13
7006 11.0619
7007 10.8624
7008 11.2585
7009 11.4415
7010 11.1587
7011 3.60748
7012 11.3895
7013 11.6279
7014 10.3613
7015 11.5741
7016 11.5152
7017 10.9352
7018 10.4478
7019 9.43427
7020 11.0496
7021 11.0865
7022 2.93447
7023 11.1593
7024 12.755
7025 12.3969
7026 12.285
7027 6.42394
7028 11.9185
7029 12.3762
7030 12.3597
7031 12.1654
7032 12.5627
7033 12.1351
7034 11.9904
7035 12.3444
7036 12.3457
7037 12.1359
7038 12.1951
7039 12.4069
7040 12.5627
7041 12.5628
7042 12.5628
7043 12.509
7044 11.7984
7045 12.458
7046 12.8205
7047 12.6674
7048 12.3153
7049 12.2219
7050 12.9619
7051 4.15144
7052 12.8803
7053 13.4771
7054 13.736
7055 13.8885
7056 13.2469
7057 10.0146
7058 13.2275
7059 4.13219
7060 5.33263
7061 11.9904
7062 11.9275
7063 12.7877
7064 13.7598
7065 6.76494
7066 14.6959
7067 14.8368
7068 15.1057
7069 15.0094
7070 14.0627
7071 14.7492
7072 14.7405
7073 3.69004
7074 14.8809
7075 14.2344
7076 7.26542
7077 15.015
7078 14.6805
7079 14.2045
7080 14.6625
7081 15.5759
7082 15.4572
7083 12.5856
7084 6.41829
7085 15.674
7086 15.7729
7087 15.5066
7088 16.1812
7089 16.1691
7090 16.2337
7091 3.86773
7092 8.26446
7093 15.4799
7094 15.9234
7095 15.0684
7096 14.745
7097 15.1974
7098 18.1793
7099 18.6546
7100 7.65168
7101 17.4216
7102 4.24595
7103 18.8881
7104 18.939
7105 3.58258
7106 17.301
7107 14.4681
7108 17.8571
7109 19.0114
7110 18.7891
7111 19.3297
7112 19.4552
7113 18.0137
7114 18.7012
7115 19.2306
7116 3.77225
7117 18.8679
7118 3.96861
7119 20.4082
7120 22.0264
7121 21.6185
7122 19.6363
7123 20.7469
7124 9.95466
7125 24.1546
7126 24.1546
7127 24.0381
7128 25.6391
7129 3.99361
7130 23.0891
7131 26.5385
7132 10.6543
7133 23.7278
7134 26.0416
7135 25.6237
7136 2.89687
7137 27.1734
7138 27.4972
7139 20.0728
7140 3.3173
7141 28.7341
7142 11.0643
7143 31.8471
7144 30.5249
7145 3.72716
7146 34.3575
7147 37.0369
7148 45.045
7149 43.3922
7150 35.5911
7151 36.7644
7152 45.4543
7153 34.7221
7154 49.0196
7155 3.68345
7156 41.6665
7157 41.2353
7158 46.4012
7159 65.2689
7160 20.8982
7161 3.83405
7162 111.203
7163 14.7653
7164 138.889
7165 357.138
7166 454.182
7167 499.894
7168 304.487
7169 37.5939
7170 128.2
7171 119.048
7172 155.945
7173 101.145
7174 147.056
7175 98.0657
7176 74.6266
7177 5.01913
7178 108.685
7179 10.865
7180 72.4082
7181 50.7964
7182 8.04369
7183 76.923
7184 8.27315
7185 67.1523
7186 79.0968
7187 96.1538
7188 86.2069
7189 81.5857
7190 84.7449
7191 74.6269
7192 66.9781
7193 4.88748
7194 80.6451
7195 51.2328
7196 48.0769
7197 51.5464
7198 47.619
7199 64.6722
7200 4.35905
7201 3.73358
7202 57.4701
7203 68.4927
7204 68.4872
7205 74.6268
7206 64.9647
7207 42.9769
7208 8.16993
7209 14.5349
7210 62.174
7211 9.30643
7212 51.5464
7213 50.5051
7214 45.8716
7215 46.7532
7216 66.6664
7217 66.5323
7218 54.9444
7219 73.4107
7220 76.9199
7221 69.137
7222 45.8715
7223 44.6638
7224 4.01972
7225 41.0803
7226 47.1698
7227 9.97998
7228 65.7893
7229 63.8462
7230 54.9444
7231 48.5021
7232 49.5495
7233 38.8889
7234 71.7469
7235 84.7457
7236 77.1954
7237 52.0009
7238 64.9351
7239 51.3067
7240 42.3029
7241 42.3729
7242 43.2426
7243 44.6428
7244 53.5958
7245 72.4633
7246 69.7293
7247 62.4999
7248 54.945
7249 11.7096
7250 90.9091
7251 79.1839
7252 57.9437
7253 4.13952
7254 23.7459
7255 71.4286
7256 3.83395
7257 45.8714
7258 48.8499
7259 10.5318
7260 75.515
7261 3.91722
7262 75.7565
7263 98.6168
7264 104.166
7265 11.1516
7266 67.0104
7267 49.9998
7268 49.9922
7269 83.3333
7270 78.5035
7271 51.9841
7272 4.3345
7273 68.493
7274 105.724
7275 53.1912
7276 156.25
7277 89.9227
7278 78.3108
7279 45.8716
7280 35.9391
7281 66.6654
7282 106.383
7283 67.0875
7284 68.3711
7285 116.263
7286 5.70248
7287 151.515
7288 52.0833
7289 47.1154
7290 63.9527
7291 2.90698
7292 146.924
7293 97.4832
7294 199.471
7295 293.081
7296 6.08902
7297 68.3083
7298 111.375
7299 151.511
7300 147.059
7301 75.7574
7302 156.25
7303 78.125
7304 89.6843
7305 102.041
7306 28.5997
7307 17.2123
7308 15.9199
7309 14.3785
7310 3.88198
7311 17.9018
7312 19.3272
7313 19.3798
7314 20.4278
7315 21.1864
7316 18.5338
7317 15.7233
7318 16.5491
7319 18.2711
7320 5.89099
7321 19.1571
7322 19.0114
7323 18.8957
7324 18.3823
7325 18.6567
7326 3.07314
7327 18.0896
7328 10.7066
7329 16.6248
7330 17.7171
7331 17.9856
7332 17.9687
7333 17.3796
7334 15.9499
7335 14.133
7336 12.9199
7337 13.7549
7338 15.7117
7339 17.0475
7340 17.3611
7341 17.2696
7342 16.5553
7343 15.1608
7344 14.7929
7345 14.2765
7346 12.6519
7347 12.8866
7348 12.3954
7349 4.41696
7350 13.7655
7351 15.1412
7352 4.1527
7353 17.4824
7354 17.1649
7355 16.5563
7356 16.4214
7357 17.7305
7358 17.29
7359 16.4474
7360 6.76437
7361 16.2861
7362 16.2866
7363 15.5035
7364 15.5279
7365 15.0198
7366 14.3338
7367 14.4286
7368 14.7493
7369 14.7467
7370 14.9559
7371 14.97
7372 14.6374
7373 13.8109
7374 12.7551
7375 12.8205
7376 12.5315
7377 12.1676
7378 12.6495
7379 13.5629
7380 13.8881
7381 13.9615
7382 14.0449
7383 13.9859
7384 13.3653
7385 13.096
7386 14.9468
7387 16.0639
7388 16.4472
7389 16.4474
7390 16.0967
7391 16.2338
7392 16.1915
7393 15.5942
7394 14.5011
7395 15.4671
7396 15.9149
7397 5.94922
7398 15.6838
7399 14.7737
7400 13.8561
7401 12.8184
7402 12.6488
7403 14.1709
7404 15.0665
7405 15.3374
7406 15.3359
7407 14.9789
7408 8.37186
7409 13.1094
7410 11.9539
7411 7.99478
7412 11.5741
7413 11.5741
7414 11.5207
7415 12.7226
7416 13.9728
7417 14.6134
7418 14.7059
7419 14.6444
7420 14.0658
7421 14.8368
7422 14.0845
7423 13.8801
7424 13.8121
7425 13.5942
7426 13.4409
7427 13.378
7428 12.7289
7429 12.6262
7430 12.6262
7431 12.1469
7432 12.4615
7433 13.0312
7434 13.7478
7435 13.8889
7436 13.8583
7437 12.8331
7438 12.2615
7439 11.3623
7440 11.9045
7441 12.5945
7442 12.1365
7443 12.0232
7444 12.1654
7445 8.38678
7446 12.1204
7447 11.8608
7448 10.6735
7449 10.8674
7450 10.8696
7451 10.7471
7452 10.7216
7453 11.0132
7454 11.0128
7455 11.5715
7456 12.5829
7457 13.0485
7458 13.0941
7459 4.49215
7460 13.3389
7461 6.84784
7462 14.5753
7463 15.6621
7464 4.45533
7465 15.5763
7466 3.0883
7467 14.3315
7468 13.8889
7469 4.49845
7470 15.3846
7471 15.0508
7472 13.6986
7473 13.6803
7474 13.2443
7475 12.2276
7476 12.8078
7477 11.3365
7478 14.9701
7479 14.8453
7480 13.5868
7481 13.3852
7482 5.70836
7483 11.9835
7484 11.0965
7485 9.70518
7486 12.1065
7487 11.9289
7488 5.51983
7489 14.0028
7490 14.4509
7491 6.91311
7492 13.3228
7493 12.9979
7494 12.4858
7495 12.1556
7496 11.798
7497 11.8765
7498 11.8241
7499 11.3319
7500 10.9416
7501 10.9649
7502 11.1311
7503 5.20093
7504 11.3895
7505 12.4241
7506 13.692
7507 13.8504
7508 13.6495
7509 12.5617
7510 12.2735
7511 11.4775
7512 5.76869
7513 10.7552
7514 10.8693
7515 10.8696
7516 10.7755
7517 10.5958
7518 10.7421
7519 11.3404
7520 11.6822
7521 11.3082
7522 4.7952
7523 9.46897
7524 9.61538
7525 9.89999
7526 10.936
7527 12.0235
7528 13.005
7529 13.1234
7530 12.9356
7531 11.9721
7532 11.4366
7533 10.3887
7534 10.1184
7535 10.204
7536 9.85652
7537 10.5731
7538 11.3149
7539 12.0818
7540 12.8738
7541 13.691
7542 13.7741
7543 12.8858
7544 12.2983
7545 12.5313
7546 12.987
7547 14.5347
7548 13.9737
7549 13.0895
7550 13.8362
7551 14.0449
7552 13.3035
7553 12.4313
7554 11.9617
7555 11.7997
7556 12.2393
7557 6.00639
7558 13.1234
7559 13.0671
7560 12.1931
7561 11.3347
7562 10.5076
7563 10.6966
7564 11.2453
7565 5.02258
7566 11.415
7567 11.2058
7568 11.6564
7569 12.4995
7570 12.5
7571 11.868
7572 10.976
7573 10.4167
7574 10.3371
7575 9.97431
7576 9.61538
7577 10.0859
7578 10.7122
7579 10.7759
7580 10.5752
7581 6.81604
7582 10.846
7583 5.06658
7584 11.69
7585 11.8483
7586 11.749
7587 11.7371
7588 11.737
7589 11.7096
7590 11.6784
7591 11.3936
7592 11.3593
7593 11.6093
7594 4.48443
7595 11.5678
7596 11.2349
7597 10.6106
7598 9.69484
7599 10.4199
7600 11.0238
7601 11.351
7602 11.4155
7603 11.4016
7604 11.1756
7605 11.3192
7606 11.3379
7607 11.0868
7608 10.1492
7609 9.15485
7610 8.98041
7611 9.90545
7612 10.5689
7613 10.9707
7614 11.1109
7615 11.7907
7616 10.9896
7617 11.1682
7618 11.2139
7619 11.2613
7620 11.2005
7621 9.76654
7622 11.7647
7623 9.1824
7624 4.68603
7625 11.2613
7626 3.0395
7627 10.8323
7628 4.99372
7629 2.93427
7630 10.7055
7631 10.7991
7632 10.989
7633 10.9589
7634 10.4381
7635 9.91831
7636 10.1864
7637 10.3233
7638 10.3306
7639 10.287
7640 10.0777
7641 10.1759
7642 10.3412
7643 10.352
7644 5.24102
7645 10.0732
7646 9.63993
7647 9.00709
7648 8.82356
7649 9.19735
7650 9.40804
7651 9.96435
7652 9.77052
7653 10.352
7654 10.3463
7655 10.1719
7656 9.75397
7657 9.80372
7658 9.86193
7659 9.86092
7660 9.76895
7661 9.64987
7662 9.92438
7663 9.94036
7664 10.285
7665 10.8852
7666 10.8932
7667 10.9407
7668 11.5937
7669 3.95716
7670 12.8866
7671 12.3153
7672 11.5481
7673 12.2656
7674 12.4378
7675 11.9687
7676 11.4722
7677 11.4547
7678 11.6822
7679 11.5667
7680 10.8928
7681 10.8991
7682 11.2541
7683 11.2613
7684 11.0741
7685 11.0132
7686 11.0132
7687 10.8789
7688 10.5539
7689 10.1044
7690 3.54746
7691 9.46095
7692 9.97587
7693 10.3941
7694 10.7061
7695 10.7296
7696 10.6552
7697 10.5042
7698 10.5033
7699 10.2698
7700 9.65866
7701 4.24484
7702 9.92223
7703 10.3511
7704 10.352
7705 10.4964
7706 10.7527
7707 10.5739
7708 11.1832
7709 11.4943
7710 10.7296
7711 10.2303
7712 10.7261
7713 12.0186
7714 12.5235
7715 12.5313
7716 12.5
7717 5.35332
7718 11.9623
7719 11.0598
7720 11.9055
7721 12.3726
7722 12.3762
7723 12.0573
7724 4.84574
7725 10.2646
7726 9.40603
7727 9.27801
7728 10.4057
7729 11.633
7730 12.1253
7731 12.1359
7732 11.8827
7733 11.2088
7734 11.3636
7735 9.70873
7736 10.3565
7737 10.7782
7738 10.8696
7739 10.8473
7740 10.5088
7741 9.77537
7742 11.0837
7743 7.07214
7744 11.8203
7745 11.7242
7746 11.0208
7747 10.4342
7748 10.2674
7749 9.90739
7750 10.3671
7751 10.4603
7752 10.4966
7753 10.6138
7754 10.6157
7755 10.5497
7756 10.5153
7757 10.5263
7758 10.4896
7759 10.4357
7760 10.6874
7761 11.2974
7762 11.3895
7763 11.3363
7764 10.8041
7765 10.2754
7766 10.0092
7767 9.87773
7768 9.63315
7769 9.12208
7770 9.33986
7771 9.75837
7772 10.0184
7773 10.1199
7774 10.1215
7775 4.80437
7776 9.84743
7777 9.52252
7778 10.408
7779 11.5446
7780 12.2549
7781 3.15637
7782 11.7647
7783 3.66032
7784 10.9704
7785 10.8225
7786 11.0106
7787 11.2308
7788 3.03204
7789 11.126
7790 10.696
7791 9.94096
7792 8.97654
7793 9.02998
7794 9.76463
7795 10.2964
7796 2.96382
7797 10.7295
7798 10.7296
7799 10.6308
7800 10.4895
7801 10.917
7802 10.8995
7803 10.2197
7804 10.4948
7805 10.5042
7806 10.3888
7807 9.90161
7808 9.32246
7809 9.77845
7810 10.0807
7811 10.2292
7812 10.2459
7813 10.224
7814 10.0806
7815 10.0223
7816 9.67303
7817 9.00865
7818 9.56729
7819 9.68992
7820 9.56652
7821 9.67924
7822 10.4144
7823 11.4605
7824 12.5238
7825 12.7226
7826 4.3153
7827 11.9392
7828 12.1359
7829 12.1325
7830 11.8217
7831 11.0067
7832 10.1129
7833 10.9166
7834 9.24699
7835 11.6232
7836 11.6279
7837 11.5262
7838 11.1288
7839 11.4233
7840 11.5741
7841 11.1768
7842 11.1857
7843 10.9393
7844 10.2678
7845 10.717
7846 10.9626
7847 11.0132
7848 11.0044
7849 10.8425
7850 10.4769
7851 9.90757
7852 9.19026
7853 9.64648
7854 10.1076
7855 4.58854
7856 10.395
7857 10.3801
7858 10.1914
7859 9.78609
7860 9.78893
7861 10.1852
7862 10.4236
7863 10.5042
7864 11.0934
7865 12.0024
7866 12.9471
7867 13.9276
7868 10.8849
7869 13.2233
7870 12.5591
7871 11.8494
7872 12.4513
7873 12.5628
7874 12.5316
7875 12.0904
7876 11.8761
7877 11.9332
7878 11.4871
7879 11.3636
7880 11.6553
7881 11.962
7882 11.9904
7883 11.932
7884 11.5652
7885 10.8617
7886 10.652
7887 11.0844
7888 11.1607
7889 11.1854
7890 11.8203
7891 11.5601
7892 10.5985
7893 11.1027
7894 11.3565
7895 8.49905
7896 11.3598
7897 11.1127
7898 9.69292
7899 10.7527
7900 10.7506
7901 10.5849
7902 10.1551
7903 10.437
7904 11.5762
7905 12.4366
7906 13.3278
7907 14.2499
7908 3.77181
7909 13.9586
7910 15.3846
7911 14.4958
7912 14.1643
7913 14.1551
7914 3.44605
7915 12.9189
7916 13.089
7917 12.9921
7918 13.3333
7919 5.35086
7920 12.5482
7921 11.6293
7922 10.845
7923 10.4563
7924 11.4808
7925 12.2496
7926 12.3762
7927 12.7107
7928 12.7551
7929 12.5432
7930 11.6444
7931 10.7095
7932 3.15687
7933 9.9352
7934 9.9378
7935 10.1225
7936 10.142
7937 10.5272
7938 11.2954
7939 12.0906
7940 12.848
7941 12.8535
7942 12.5087
7943 11.9235
7944 13.3122
7945 14.5214
7946 14.6628
7947 14.4946
7948 13.945
7949 14.5349
7950 14.5349
7951 13.945
7952 12.6778
7953 11.4654
7954 11.7767
7955 13.4258
7956 14.1049
7957 14.1243
7958 13.8139
7959 12.7226
7960 12.7024
7961 2.98857
7962 10.691
7963 10.0142
7964 9.97553
7965 11.789
7966 12.9748
7967 13.4631
7968 13.4771
7969 13.2539
7970 12.347
7971 10.9355
7972 10.1017
7973 9.97719
7974 10.4734
7975 5.50957
7976 12.1776
7977 7.01259
7978 12.6582
7979 12.6499
7980 12.5313
7981 12.4667
7982 13.002
7983 7.74396
7984 12.4247
7985 12.2249
7986 12.1179
7987 11.742
7988 11.0956
7989 10.5523
7990 11.1815
7991 11.5752
7992 11.7336
7993 11.7371
7994 11.6566
7995 12.1654
7996 12.0964
7997 10.3623
7998 10.3931
7999 10.9987
8000 11.326
8001 11.3895
8002 11.3749
8003 11.1455
8004 11.0132
8005 10.9931
8006 10.8641
8007 10.8696
8008 11.1448
8009 11.1857
8010 11.1342
8011 10.7557
8012 10.3837
8013 10.1163
8014 10.2814
8015 10.3093
8016 10.2981
8017 10.1664
8018 10.6956
8019 11.3324
8020 11.4155
8021 11.1957
8022 9.91241
8023 9.78593
8024 9.72742
8025 9.9907
8026 10.02
8027 9.95212
8028 9.54043
8029 9.39798
8030 9.4518
8031 9.45157
8032 9.38297
8033 9.29933
8034 9.13357
8035 9.07441
8036 9.75775
8037 10.5168
8038 11.2627
8039 11.4155
8040 11.591
8041 12.2652
8042 12.285
8043 11.6909
8044 11.2596
8045 11.9048
8046 11.9048
8047 8.48222
8048 7.94912
8049 8.0866
8050 8.18641
8051 8.19672
8052 8.18014
8053 8.06777
8054 8.00458
8055 7.88507
8056 7.66834
8057 7.66871
8058 7.62489
8059 7.47684
8060 7.22418
8061 7.15089
8062 7.15308
8063 7.11877
8064 6.97902
8065 6.95106
8066 7.12396
8067 7.19287
8068 7.19424
8069 7.15778
8070 7.04837
8071 6.88044
8072 6.82166
8073 6.65848
8074 6.45161
8075 6.41702
8076 6.27433
8077 6.0419
8078 5.98541
8079 6.11576
8080 6.41405
8081 6.71944
8082 6.90608
8083 6.71223
8084 6.51042
8085 6.40901
8086 6.10028
8087 5.96766
8088 6.01677
8089 6.01685
8090 5.97505
8091 5.90292
8092 5.91017
8093 5.90839
8094 5.88149
8095 5.82222
8096 5.77365
8097 5.75687
8098 5.70893
8099 5.62983
8100 5.51956
8101 5.4927
8102 5.50055
8103 5.49955
8104 5.47748
8105 5.4265
8106 5.3466
8107 5.31059
8108 5.51842
8109 5.73024
8110 5.94417
8111 5.98802
8112 5.93911
8113 5.59983
8114 5.61167
8115 5.59503
8116 5.47713
8117 5.31616
8118 5.32481
8119 5.32412
8120 5.30355
8121 5.25445
8122 5.22377
8123 5.16619
8124 5.0806
8125 5.05561
8126 5.05194
8127 5.02475
8128 4.97108
8129 4.89092
8130 4.78427
8131 4.67485
8132 4.71674
8133 4.83978
8134 4.99564
8135 5.15397
8136 5.31477
8137 5.47804
8138 5.49451
8139 5.21921
8140 5.15218
8141 4.92701
8142 4.83393
8143 4.84966
8144 4.84579
8145 4.78722
8146 4.75037
8147 4.6894
8148 4.67026
8149 4.64587
8150 4.59592
8151 4.52041
8152 4.41933
8153 4.42667
8154 4.4287
8155 4.42452
8156 4.39831
8157 4.34803
8158 4.41435
8159 4.53317
8160 4.65357
8161 4.77555
8162 4.84966
8163 4.84374
8164 4.63057
8165 4.57457
8166 4.55768
8167 4.45383
8168 4.37898
8169 4.34234
8170 4.31361
8171 4.26947
8172 4.1997
8173 4.15282
8174 4.15251
8175 4.13643
8176 4.09594
8177 4.03107
8178 3.9418
8179 3.97533
8180 4.06909
8181 4.16393
8182 4.25987
8183 4.35691
8184 4.45503
8185 4.5045
8186 4.30663
8187 4.25681
8188 4.06658
8189 4.01929
8190 4.01284
8191 4.00147
8192 3.93383
8193 3.90512
8194 3.87769
8195 3.82467
8196 3.74606
8197 3.6745
8198 3.69642
8199 3.69822
8200 3.69346
8201 3.76026
8202 3.83684
8203 3.9142
8204 3.99232
8205 4.05844
8206 4.05837
8207 3.9096
8208 3.84615
8209 3.82584
8210 3.72131
8211 3.68732
8212 3.6484
8213 3.58126
8214 3.54585
8215 3.5461
8216 3.53581
8217 3.49824
8218 3.45944
8219 3.52333
8220 3.5878
8221 3.65285
8222 3.71849
8223 3.78471
8224 3.83142
8225 3.68909
8226 3.63162
8227 3.49981
8228 3.47384
8229 3.45304
8230 3.45902
8231 3.56593
8232 3.67448
8233 3.78973
8234 3.90852
8235 4.02915
8236 4.15161
8237 4.2759
8238 4.40203
8239 4.52998
8240 4.65978
8241 4.77487
8242 4.84835
8243 4.87329
8244 4.8441
8245 4.62363
8246 4.51815
8247 4.5208
8248 4.50606
8249 4.43422
8250 4.5339
8251 4.9392
8252 5.33577
8253 5.67719
8254 5.96347
8255 6.1946
8256 6.47089
8257 7.6452
8258 9.15366
8259 11.8203
8260 11.5682
8261 10.9497
8262 10.3482
8263 11.1528
8264 11.4942
8265 11.4914
8266 11.0334
8267 10.3308
8268 9.65134
8269 9.67288
8270 9.70874
8271 9.67994
8272 9.42911
8273 8.9204
8274 8.24497
8275 7.59088
8276 7.39645
8277 7.39453
8278 7.31279
8279 7.11919
8280 7.12251
8281 7.11333
8282 7.06042
8283 6.96047
8284 6.8462
8285 6.78798
8286 6.68228
8287 6.52909
8288 6.32841
8289 6.08025
8290 5.85066
8291 6.05756
8292 6.17766
8293 6.21118
8294 6.21051
8295 6.15611
8296 6.01446
8297 5.78555
8298 5.58681
8299 5.65611
8300 5.65507
8301 5.67606
8302 5.78976
8303 5.79374
8304 5.78544
8305 5.74949
8306 5.92085
8307 5.95948
8308 5.94622
8309 5.8545
8310 6.03546
8311 6.21918
8312 6.40188
8313 6.41026
8314 6.46515
8315 7.13544
8316 7.55511
8317 8.51457
8318 8.96015
8319 10.0517
8320 10.0603
8321 9.64668
8322 9.21024
8323 8.78735
8324 8.72953
8325 8.45275
8326 8.5034
8327 8.48961
8328 8.29191
8329 7.8904
8330 7.53597
8331 7.35282
8332 7.57133
8333 7.66486
8334 7.66871
8335 7.6334
8336 7.47696
8337 7.19554
8338 6.79193
8339 6.63782
8340 6.83521
8341 6.94241
8342 6.96379
8343 6.95941
8344 6.88623
8345 6.72286
8346 6.46929
8347 6.12554
8348 6.05138
8349 6.23143
8350 6.33738
8351 6.36943
8352 6.36925
8353 6.32702
8354 6.2107
8355 6.02029
8356 5.75579
8357 5.8587
8358 6.05166
8359 6.07533
8360 6.23126
8361 6.44301
8362 6.47668
8363 6.7106
8364 6.98496
8365 7.12307
8366 7.21501
8367 7.21843
8368 7.46998
8369 7.48503
8370 7.4184
8371 7.11846
8372 7.16769
8373 8.2003
8374 9.36115
8375 9.43395
8376 9.38169
8377 10.02
8378 9.9967
8379 9.53832
8380 9.2081
8381 9.2081
8382 8.99696
8383 8.83868
8384 8.60775
8385 8.15336
8386 8.16896
8387 8.16993
8388 8.09843
8389 7.93173
8390 7.74721
8391 7.39465
8392 7.2289
8393 7.31643
8394 7.32064
8395 7.29071
8396 7.15175
8397 6.91944
8398 6.58346
8399 6.67871
8400 6.68449
8401 6.65701
8402 6.62252
8403 6.62901
8404 6.94064
8405 7.1492
8406 7.20461
8407 7.20276
8408 7.10132
8409 6.84487
8410 7.09043
8411 7.40413
8412 7.70121
8413 7.77605
8414 7.76513
8415 8.05519
8416 8.40922
8417 8.77087
8418 9.14013
8419 9.517
8420 10.0474
8421 11.2613
8422 11.9047
8423 11.878
8424 11.2643
8425 10.6668
8426 10.0856
8427 9.52073
8428 9.43396
8429 9.42955
8430 9.21904
8431 8.73435
8432 8.22368
8433 7.7284
8434 8.05182
8435 8.32585
8436 8.45138
8437 8.46024
8438 8.42842
8439 8.25695
8440 7.93699
8441 7.63338
8442 7.75236
8443 7.76397
8444 8.12437
8445 8.22368
8446 8.02489
8447 7.78681
8448 7.91139
8449 7.90567
8450 8.33409
8451 8.77381
8452 9.02198
8453 9.02527
8454 9.03055
8455 9.71554
8456 10.9926
8457 12.2555
8458 12.8535
8459 12.5942
8460 11.7845
8461 11.0017
8462 11.5498
8463 12.3457
8464 12.3441
8465 11.7192
8466 10.9777
8467 10.3177
8468 9.76458
8469 9.22669
8470 8.70404
8471 9.01244
8472 9.38012
8473 9.54842
8474 9.56023
8475 9.76336
8476 10.439
8477 10.5932
8478 10.5758
8479 10.2125
8480 11.4381
8481 12.0395
8482 12.1065
8483 12.0167
8484 11.3696
8485 10.3149
8486 12.1561
8487 13.5692
8488 13.8504
8489 13.7923
8490 12.9243
8491 11.8782
8492 11.0372
8493 10.8575
8494 10.589
8495 11.2924
8496 11.6009
8497 12.5361
8498 12.8866
8499 12.8713
8500 12.6514
8501 12.6582
8502 12.5264
8503 12.0038
8504 11.0835
8505 10.6982
8506 10.7066
8507 10.3875
8508 10.7895
8509 12.6493
8510 13.9804
8511 14.5527
8512 14.5773
8513 14.3662
8514 13.4209
8515 13.0734
8516 13.1234
8517 13.0948
8518 12.8082
8519 12.2135
8520 11.3108
8521 10.5449
8522 10.6702
8523 11.6098
8524 12.9544
8525 14.1841
8526 14.5635
8527 15.066
8528 15.1057
8529 14.9916
8530 14.3402
8531 13.1119
8532 12.2175
8533 13.7304
8534 14.746
8535 15.2643
8536 15.3374
8537 15.2853
8538 14.8091
8539 13.8356
8540 12.3649
8541 11.0892
8542 10.7064
8543 11.6959
8544 13.3507
8545 15.4837
8546 16.8918
8547 16.5937
8548 14.3235
8549 12.2201
8550 10.9144
8551 10.1797
8552 9.70869
8553 9.89691
8554 10.0604
8555 11.5056
8556 13.3149
8557 15.2562
8558 17.315
8559 17.9211
8560 17.7559
8561 15.388
8562 17.1636
8563 17.9856
8564 17.9848
8565 17.054
8566 14.3713
8567 12.9199
8568 15.1976
8569 14.644
8570 13.5676
8571 12.5323
8572 11.5381
8573 10.5849
8574 10.3012
8575 10.6521
8576 10.7066
8577 10.6778
8578 10.3783
8579 11.0661
8580 12.2549
8581 13.0549
8582 13.2626
8583 13.5121
8584 13.6612
8585 13.6428
8586 13.2293
8587 12.2714
8588 12.2249
8589 13.3996
8590 14.6751
8591 15.9933
8592 16.1812
8593 15.5611
8594 15.2905
8595 17.3609
8596 16.9986
8597 15.8185
8598 14.6809
8599 13.5857
8600 12.5329
8601 11.5226
8602 10.5548
8603 10.2147
8604 10.7587
8605 11.0823
8606 11.1857
8607 11.4249
8608 11.7805
8609 11.9046
8610 11.9048
8611 11.7972
8612 11.4582
8613 10.8877
8614 10.4254
8615 11.2032
8616 11.8997
8617 11.9332
8618 12.1359
8619 12.1359
8620 11.9137
8621 11.3052
8622 12.1812
8623 13.09
8624 13.369
8625 13.1579
8626 13.0683
8627 12.6127
8628 11.7715
8629 11.8908
8630 13.9734
8631 14.7442
8632 14.7493
8633 14.2033
8634 12.9072
8635 11.6669
8636 10.6157
8637 10.543
8638 10.8719
8639 10.989
8640 10.6559
8641 10.0506
8642 9.46296
8643 9.56878
8644 9.84257
8645 10.4162
8646 10.7662
8647 10.8928
8648 10.8932
8649 10.7957
8650 10.4752
8651 9.93111
8652 10.5149
8653 11.082
8654 11.6061
8655 11.8483
8656 11.8407
8657 11.4948
8658 11.2029
8659 10.6962
8660 9.97482
8661 9.65251
8662 9.63412
8663 9.57655
8664 10.7521
8665 11.8423
8666 12.5095
8667 12.7538
8668 12.7551
8669 12.5751
8670 13.1643
8671 14.2045
8672 13.5604
8673 12.317
8674 11.4155
8675 10.9207
8676 10.1572
8677 9.77849
8678 9.90733
8679 10.201
8680 10.3087
8681 10.3093
8682 10.2303
8683 9.96594
8684 9.86509
8685 10.165
8686 10.3133
8687 10.3306
8688 10.5765
8689 10.661
8690 10.6532
8691 10.443
8692 11.2577
8693 11.5741
8694 10.8293
8695 10.4669
8696 10.4822
8697 10.4558
8698 10.3083
8699 11.0031
8700 11.6731
8701 11.7647
8702 11.6932
8703 11.2571
8704 11.2613
8705 11.1819
8706 10.867
8707 10.3126
8708 9.51868
8709 10.1735
8710 11.413
8711 12.2038
8712 12.3457
8713 12.3005
8714 11.703
8715 10.4468
8716 9.09163
8717 9.39692
8718 10.6526
8719 11.5146
8720 11.9407
8721 11.9904
8722 11.931
8723 11.4854
8724 10.604
8725 9.74649
8726 9.6555
8727 9.49176
8728 9.16242
8729 9.95292
8730 11.0065
8731 11.7161
8732 12.0816
8733 12.1359
8734 12.1029
8735 11.7994
8736 12.1427
8737 12.1951
8738 12.1658
8739 11.8687
8740 11.2515
8741 10.314
8742 9.9619
8743 9.67682
8744 9.47607
8745 10.2029
8746 10.7066
8747 10.4232
8748 10.8133
8749 10.846
8750 10.7625
8751 10.3607
8752 10.8231
8753 10.9649
8754 10.9643
8755 10.7842
8756 10.2829
8757 11.1492
8758 11.9904
8759 11.8455
8760 10.9018
8761 10.9649
8762 10.8925
8763 10.8376
8764 11.7256
8765 12.5716
8766 12.6262
8767 12.1624
8768 11.9904
8769 10.1833
8770 10.1121
8771 10.9475
8772 11.816
8773 12.7177
8774 13.6525
8775 14.1243
8776 13.6689
8777 11.4229
8778 10.7202
8779 11.1607
8780 11.1606
8781 10.6707
8782 10.078
8783 9.50227
8784 9.34573
8785 9.20445
8786 8.99575
8787 9.07441
8788 9.05402
8789 8.77156
8790 8.69065
8791 8.47458
8792 8.46619
8793 9.20498
8794 9.46969
8795 9.16453
8796 9.23748
8797 9.27644
8798 9.34733
8799 9.78882
8800 10.0466
8801 10.1215
8802 10.1206
8803 10.0109
8804 9.99353
8805 10.0975
8806 10.101
8807 10.0569
8808 9.87157
8809 10.1232
8810 10.1626
8811 10.095
8812 9.92242
8813 10.4572
8814 10.9883
8815 11.6327
8816 11.9617
8817 10.7763
8818 10.6156
8819 10.7346
8820 11.6927
8821 12.0192
8822 11.9465
8823 11.2452
8824 10.5381
8825 10.2358
8826 11.517
8827 12.0125
8828 12.0192
8829 11.7224
8830 10.8482
8831 10.101
8832 10.0344
8833 9.75921
8834 9.27073
8835 8.90803
8836 8.67777
8837 8.34905
8838 8.47666
8839 8.77781
8840 8.97843
8841 9.07855
8842 9.09091
8843 9.07814
8844 8.97723
8845 8.7758
8846 9.20105
8847 9.72167
8848 10.0645
8849 10.2296
8850 10.2459
8851 10.2169
8852 10.0264
8853 9.6581
8854 10.5585
8855 10.7991
8856 10.7007
8857 9.87538
8858 9.68992
8859 9.99202
8860 10.2298
8861 10.3093
8862 10.3093
8863 10.2303
8864 10.2908
8865 10.352
8866 10.3511
8867 10.2577
8868 10.0707
8869 10.1215
8870 9.05553
8871 9.53788
8872 10.1564
8873 10.4973
8874 10.5708
8875 10.5605
8876 10.3462
8877 10.7759
8878 11.668
8879 11.7371
8880 11.135
8881 10.8696
8882 10.8125
8883 10.3247
8884 9.60822
8885 8.74381
8886 8.61521
8887 8.45592
8888 8.20129
8889 8.16988
8890 8.62626
8891 9.48409
8892 10.3826
8893 11.318
8894 11.8524
8895 11.8765
8896 11.6956
8897 12.5464
8898 12.5945
8899 11.8984
8900 10.7058
8901 11.5394
8902 11.9168
8903 11.9332
8904 11.9585
8905 12.8441
8906 13.691
8907 13.6986
8908 12.1819
8909 10.8693
8910 10.4308
8911 10.846
8912 10.8123
8913 10.2666
8914 9.70872
8915 9.21047
8916 9.09525
8917 8.86541
8918 8.52094
8919 8.75679
8920 9.17092
8921 9.22509
8922 9.2081
8923 9.20279
8924 9.08775
8925 8.82257
8926 8.66676
8927 8.40693
8928 9.08541
8929 9.72567
8930 9.92063
8931 9.9196
8932 9.66477
8933 9.39952
8934 9.72061
8935 9.88103
8936 9.90099
8937 10.0932
8938 10.6914
8939 10.7527
8940 10.6523
8941 10.0291
8942 9.97175
8943 9.57854
8944 9.54143
8945 9.22238
8946 9.77616
8947 10.3461
8948 10.9321
8949 11.1111
8950 10.6838
8951 10.6608
8952 10.4033
8953 9.86015
8954 10.4799
8955 11.5244
8956 11.655
8957 11.5246
8958 10.8223
8959 10.122
8960 9.44512
8961 9.18916
8962 9.71622
8963 10.0452
8964 10.7018
8965 10.9604
8966 10.9649
8967 10.8212
8968 10.2839
8969 9.40404
8970 8.61967
8971 8.38309
8972 8.26301
8973 8.47404
8974 8.47458
8975 8.58114
8976 8.62069
8977 8.62053
8978 8.57054
8979 8.79722
8980 9.41509
8981 9.85194
8982 10.2345
8983 10.7927
8984 11.0606
8985 11.0865
8986 11.038
8987 10.7251
8988 10.1218
8989 9.22811
8990 9.01448
8991 9.31127
8992 9.78643
8993 10.0998
8994 10.6707
8995 11.0504
8996 11.1854
8997 11.1857
8998 11.0756
8999 11.0854
9000 11.1857
9001 11.1852
9002 11.0551
9003 10.6953
9004 10.1055
9005 9.89714
9006 9.92063
9007 9.87273
9008 10.7296
9009 10.6662
9010 10.0426
9011 9.77163
9012 9.23187
9013 9.15655
9014 9.85374
9015 10.2304
9016 10.2881
9017 10.2561
9018 10.1004
9019 9.82545
9020 9.23197
9021 9.45881
9022 9.75003
9023 9.78473
9024 9.7454
9025 9.44491
9026 8.88797
9027 8.31782
9028 9.01651
9029 9.74336
9030 10.4984
9031 11.2816
9032 11.8194
9033 11.8203
9034 11.3193
9035 10.6742
9036 9.94853
9037 10.0005
9038 10.7493
9039 11.5252
9040 12.3281
9041 13.1581
9042 13.7739
9043 13.1334
9044 11.0092
9045 10.7353
9046 10.8696
9047 10.6139
9048 10.064
9049 9.5288
9050 9.55236
9051 9.87537
9052 9.98004
9053 9.97999
9054 9.86622
9055 9.53406
9056 8.9835
9057 8.91585
9058 8.73212
9059 8.40636
9060 8.09725
9061 8.96836
9062 9.49815
9063 9.61538
9064 9.60108
9065 9.27717
9066 9.15751
9067 9.12821
9068 8.70063
9069 8.47458
9070 8.78895
9071 9.11256
9072 9.86386
9073 10.5114
9074 10.5708
9075 10.4415
9076 10.0658
9077 9.86767
9078 9.49495
9079 9.07441
9080 9.17431
9081 9.06556
9082 9.07441
9083 9.14052
9084 9.60844
9085 9.80392
9086 9.84347
9087 10.338
9088 10.4384
9089 10.1699
9090 10.1833
9091 10.1579
9092 10.1636
9093 10.8417
9094 10.846
9095 10.4571
9096 10.138
9097 10.2041
9098 10.204
9099 10.8229
9100 11.9229
9101 11.9332
9102 10.9594
9103 9.89604
9104 9.24606
9105 9.3633
9106 9.35701
9107 9.11233
9108 8.60298
9109 8.48931
9110 8.53242
9111 8.48361
9112 8.29834
9113 8.72383
9114 9.15995
9115 10.598
9116 10.661
9117 10.2621
9118 11.119
9119 12.0647
9120 12.2249
9121 12.1273
9122 11.1736
9123 9.66014
9124 8.56059
9125 8.06507
9126 8.0689
9127 8.91783
9128 9.85102
9129 10.8306
9130 11.806
9131 12.3085
9132 12.3457
9133 12.224
9134 11.9455
9135 12.3527
9136 12.3762
9137 12.254
9138 11.6495
9139 10.5391
9140 9.23316
9141 10.5914
9142 10.3686
9143 10.7296
9144 10.3338
9145 9.78132
9146 9.61313
9147 10.4167
9148 10.4167
9149 9.81813
9150 9.23731
9151 9.93276
9152 11.3635
9153 11.3636
9154 10.7248
9155 10.033
9156 9.4697
9157 9.39667
9158 9.13156
9159 8.67268
9160 8.9404
9161 9.33666
9162 9.56753
9163 9.63391
9164 9.63302
9165 9.53311
9166 9.82131
9167 10.1043
9168 10.1215
9169 10.1186
9170 10.1215
9171 9.978
9172 10.1626
9173 10.1626
9174 10.0776
9175 10.7234
9176 11.3893
9177 11.7371
9178 11.9715
9179 12.4069
9180 12.0237
9181 10.9409
9182 11.4432
9183 11.4943
9184 11.3325
9185 10.5357
9186 9.95914
9187 10.5199
9188 10.9649
9189 10.6291
9190 10.1094
9191 9.60272
9192 9.7295
9193 9.74659
9194 9.7327
9195 9.67533
9196 9.76251
9197 9.76562
9198 9.72996
9199 9.57767
9200 9.30565
9201 8.91389
9202 9.25604
9203 10.474
9204 11.2621
9205 11.6096
9206 11.6279
9207 11.5164
9208 10.9826
9209 10.0108
9210 9.08789
9211 8.74411
9212 8.86197
9213 9.02906
9214 9.07441
9215 9.07318
9216 8.99434
9217 9.4833
9218 10.5165
9219 11.23
9220 11.6239
9221 11.7096
9222 11.6982
9223 11.4528
9224 10.8878
9225 10.078
9226 10.8972
9227 11.4402
9228 11.7071
9229 11.7371
9230 11.6977
9231 11.4122
9232 10.8505
9233 10.2731
9234 10.5042
9235 10.4866
9236 10.0095
9237 9.54739
9238 9.49391
9239 9.57854
9240 9.5266
9241 9.06535
9242 8.67781
9243 8.68055
9244 8.61951
9245 8.6927
9246 9.15968
9247 9.42325
9248 9.48766
9249 9.48343
9250 9.34019
9251 9.9132
9252 10.6192
9253 10.9121
9254 10.917
9255 10.917
9256 10.8693
9257 10.6681
9258 10.1822
9259 9.70755
9260 10.4963
9261 11.1905
9262 11.3122
9263 11.27
9264 11.2313
9265 12.0508
9266 12.8061
9267 12.9868
9268 13.4409
9269 12.3387
9270 13.0598
9271 13.9331
9272 14.577
9273 13.6761
9274 11.2075
9275 11.3122
9276 11.0942
9277 10.5583
9278 10.0357
9279 9.52634
9280 9.08669
9281 9.17431
9282 9.23788
9283 9.48668
9284 9.60476
9285 9.67807
9286 10.6575
9287 11.2539
9288 11.4673
9289 11.4679
9290 11.2975
9291 10.7447
9292 9.84316
9293 9.63071
9294 9.54233
9295 9.35086
9296 9.43396
9297 9.20443
9298 9.70367
9299 11.2352
9300 11.2613
9301 10.8334
9302 10.2573
9303 9.69689
9304 10.206
9305 10.9197
9306 11.3576
9307 11.5197
9308 11.5207
9309 11.4059
9310 11.0163
9311 10.3509
9312 10.0192
9313 10.02
9314 9.98525
9315 10.1085
9316 10.8285
9317 11.3135
9318 11.5635
9319 11.6009
9320 11.5786
9321 11.3926
9322 11.5857
9323 11.6009
9324 11.557
9325 11.3066
9326 10.8345
9327 10.1406
9328 9.54198
9329 9.5318
9330 9.28153
9331 8.86525
9332 9.42631
9333 10.3405
9334 11.1776
9335 11.4679
9336 11.4679
9337 11.4225
9338 11.17
9339 10.4716
9340 9.79179
9341 9.13481
9342 8.61625
9343 8.4286
9344 8.34529
9345 8.34725
9346 8.85109
9347 9.42347
9348 10.3247
9349 11.2672
9350 12.2508
9351 13.2755
9352 13.4408
9353 13.2275
9354 11.5559
9355 9.91695
9356 10.7685
9357 11.7086
9358 12.688
9359 13.7067
9360 14.3266
9361 14.2613
9362 12.718
9363 10.8165
9364 10.4014
9365 11.2553
9366 11.5289
9367 11.5473
9368 11.4374
9369 10.9091
9370 10.0598
9371 9.67419
9372 9.68992
9373 9.66575
9374 9.98891
9375 10.142
9376 10.1257
9377 9.72423
9378 9.06516
9379 8.89246
9380 9.30343
9381 9.57651
9382 9.71171
9383 9.72763
9384 9.72661
9385 10.1043
9386 10.3231
9387 11.0703
9388 11.5142
9389 11.655
9390 11.6548
9391 11.4921
9392 11.0262
9393 10.257
9394 9.21375
9395 9.17936
9396 9.47346
9397 10.0186
9398 10.1833
9399 10.1766
9400 9.85845
9401 10.4832
9402 11.132
9403 11.5393
9404 11.8765
9405 11.7096
9406 11.6822
9407 11.3554
9408 11.5122
9409 11.5741
9410 11.3832
9411 11.6666
9412 11.7371
9413 11.733
9414 11.6058
9415 11.2144
9416 10.6294
9417 9.82731
9418 9.23638
9419 9.25926
9420 9.22991
9421 9.54286
9422 9.74657
9423 9.54198
9424 9.97998
9425 9.83496
9426 9.41109
9427 9.67538
9428 9.86193
9429 10.5921
9430 11.7426
9431 12.9524
9432 13.6986
9433 13.6986
9434 12.5655
9435 10.7855
9436 9.2016
9437 10.4445
9438 11.4411
9439 11.7919
9440 11.7924
9441 11.4968
9442 12.5698
9443 13.7719
9444 14.5349
9445 14.5298
9446 13.3967
9447 14.0531
9448 14.5349
9449 14.5256
9450 13.7478
9451 12.2506
9452 10.2469
9453 11.4943
9454 11.4943
9455 11.369
9456 10.7529
9457 10.2223
9458 10.2249
9459 10.1124
9460 11.0375
9461 10.7683
9462 10.1099
9463 10.7499
9464 11.513
9465 11.8896
9466 11.9332
9467 11.8799
9468 11.4837
9469 11.8483
9470 11.7024
9471 11.0801
9472 10.4747
9473 9.88638
9474 9.90897
9475 9.98004
9476 9.97988
9477 10.0527
9478 10.2249
9479 10.2249
9480 10.1524
9481 10.6284
9482 11.1723
9483 11.724
9484 11.9915
9485 12.0192
9486 11.9749
9487 11.8517
9488 11.9048
9489 11.4871
9490 11.0062
9491 11.6259
9492 11.655
9493 12.7551
9494 12.2153
9495 11.9607
9496 12.0482
9497 12.0457
9498 11.8922
9499 11.9996
9500 12.0482
9501 12.0349
9502 11.845
9503 11.4299
9504 10.7895
9505 12.0246
9506 12.8043
9507 13.6986
9508 13.6986
9509 13.0579
9510 11.5409
9511 10.4822
9512 9.74939
9513 9.97215
9514 10.0806
9515 10.0709
9516 9.8035
9517 10.0385
9518 10.142
9519 10.1389
9520 11.3365
9521 12.7094
9522 14.1608
9523 15.0602
9524 15.0456
9525 13.8684
9526 11.9079
9527 10.6652
9528 11.9569
9529 13.3223
9530 14.6655
9531 15.1057
9532 15.0982
9533 14.4041
9534 12.9115
9535 12.2022
9536 12.4378
9537 12.4323
9538 12.0365
9539 11.1344
9540 10.6987
9541 10.8862
9542 11.1359
9543 11.1259
9544 10.6508
9545 9.99749
9546 10.2671
9547 10.3093
9548 10.6384
9549 10.9149
9550 11.4349
9551 11.5207
9552 11.4837
9553 11.1028
9554 10.3454
9555 10.7356
9556 11.1262
9557 11.9625
9558 12.4134
9559 12.5
9560 12.4791
9561 12.1593
9562 11.4543
9563 10.3729
9564 10.9062
9565 11.589
9566 12.1912
9567 12.4999
9568 12.0259
9569 11.8546
9570 12.6581
9571 13.488
9572 14.0845
9573 12.3902
9574 12.8325
9575 12.9199
9576 13.1344
9577 13.4048
9578 13.3635
9579 12.5734
9580 12.2417
9581 12.5399
9582 12.5945
9583 12.5784
9584 12.3571
9585 11.8761
9586 11.1353
9587 10.1348
9588 9.32846
9589 9.54828
9590 9.64667
9591 9.93115
9592 10.1215
9593 10.5997
9594 12.2158
9595 13.9465
9596 15.7918
9597 15.9236
9598 14.6246
9599 12.6237
9600 13.1234
9601 13.0982
9602 12.3101
9603 11.4248
9604 10.5725
9605 11.822
9606 13.4397
9607 15.1314
9608 15.9199
9609 15.9236
9610 15.3314
9611 14.8989
9612 15.5995
9613 15.625
9614 15.3412
9615 14.1255
9616 12.2709
9617 11.0865
9618 12.4688
9619 12.4688
9620 11.9342
9621 11.3165
9622 12.1951
9623 11.7138
9624 11.176
9625 12.4644
9626 13.1104
9627 13.1926
9628 13.1142
9629 12.4756
9630 11.3654
9631 10.2784
9632 10.1958
9633 10.6428
9634 10.7989
9635 10.7991
9636 10.6641
9637 11.0857
9638 11.404
9639 12.0051
9640 12.7956
9641 12.9199
9642 12.8567
9643 12.2301
9644 12.6734
9645 13.1846
9646 13.2979
9647 13.3817
9648 13.587
9649 13.2551
9650 12.7215
9651 12.9534
9652 14.3266
9653 13.9084
9654 13.0904
9655 12.4717
9656 13.0429
9657 13.2877
9658 13.4048
9659 13.2061
9660 13.1036
9661 13.2952
9662 13.6624
9663 15.5024
9664 15.5763
9665 14.8099
9666 13.0894
9667 11.475
9668 10.4862
9669 10.2459
9670 10.8491
9671 11.4155
9672 10.9429
9673 10.6829
9674 10.3846
9675 10.3054
9676 11.5314
9677 13.4344
9678 15.4827
9679 16.9894
9680 17.0068
9681 16.005
9682 13.7792
9683 11.2567
9684 12.46
9685 14.3743
9686 16.2519
9687 17.0525
9688 17.0648
9689 16.6027
9690 15.0628
9691 12.684
9692 11.2118
9693 11.8724
9694 12.2249
9695 12.1846
9696 11.8483
9697 12.2522
9698 12.3456
9699 12.3762
9700 12.2862
9701 11.695
9702 10.7513
9703 11.3339
9704 11.8203
9705 11.5394
9706 11.8986
9707 12.0773
9708 11.9617
9709 13.0327
9710 13.937
9711 14.1643
9712 14.1522
9713 13.6781
9714 12.5188
9715 11.4943
9716 12.1813
9717 12.9161
9718 12.987
9719 12.8468
9720 12.8306
9721 13.3122
9722 14.3519
9723 15.4306
9724 15.873
9725 14.7493
9726 14.4679
9727 14.3678
9728 14.0489
9729 13.4983
9730 12.4937
9731 12.4117
9732 13.392
9733 13.9893
9734 14.2039
9735 14.2045
9736 14.0355
9737 13.4842
9738 12.5501
9739 11.233
9740 10.869
9741 12.037
9742 14.4497
9743 17.0592
9744 18.3148
9745 17.3059
9746 14.9219
9747 12.7146
9748 11.3476
9749 11.6579
9750 11.7925
9751 11.7836
9752 11.4847
9753 13.5695
9754 15.9459
9755 18.2189
9756 18.7266
9757 18.6185
9758 17.1191
9759 18.3207
9760 18.7266
9761 18.6719
9762 17.5059
9763 15.1859
9764 11.9332
9765 14.1643
9766 14.1643
9767 13.2777
9768 14.6795
9769 15.3374
9770 15.3149
9771 14.2557
9772 12.9179
9773 11.646
9774 11.3122
9775 12.095
9776 12.8066
9777 12.9534
9778 13.4091
9779 13.8109
9780 13.8122
9781 13.5261
9782 12.5094
9783 12.7066
9784 13.1155
9785 13.1579
9786 13.136
9787 14.6178
9788 15.3212
9789 15.3846
9790 15.2462
9791 14.8809
9792 14.4665
9793 13.9552
9794 14.4928
9795 14.4925
9796 16.2338
9797 15.2451
9798 14.1831
9799 15.0722
9800 15.4262
9801 16.7266
9802 16.9492
9803 16.674
9804 15.4306
9805 15.4321
9806 15.223
9807 14.5236
9808 13.3324
9809 11.6495
9810 10.9087
9811 11.598
9812 12.9534
9813 12.9534
9814 11.7155
9815 14.0136
9816 16.9259
9817 20.113
9818 20.6612
9819 19.2128
9820 15.7894
9821 15.8227
9822 14.9174
9823 15.119
9824 17.9928
9825 20.3159
9826 20.6611
9827 20.4369
9828 18.3856
9829 14.7123
9830 12.7686
9831 13.7771
9832 13.8121
9833 13.639
9834 12.6193
9835 12.5332
9836 13.4794
9837 13.587
9838 13.4497
9839 12.465
9840 12.9899
9841 13.1917
9842 14.7021
9843 16.688
9844 16.8919
9845 16.5594
9846 14.8596
9847 13.1628
9848 12.1654
9849 12.4798
9850 13.7225
9851 14.2765
9852 14.9722
9853 15.6146
9854 15.625
9855 15.2826
9856 16.2458
9857 17.3611
9858 16.2013
9859 16.9158
9860 16.9492
9861 16.6997
9862 16.0499
9863 14.6855
9864 13.636
9865 15.2597
9866 16.4769
9867 16.9888
9868 17.0068
9869 16.7955
9870 15.8969
9871 17.5575
9872 19.7335
9873 19.7628
9874 18.4693
9875 15.6324
9876 13.0319
9877 11.7591
9878 11.7369
9879 11.7371
9880 11.5618
9881 12.5268
9882 15.687
9883 19.2021
9884 22.934
9885 23.4741
9886 22.3143
9887 19.6657
9888 23.0154
9889 23.6967
9890 23.4772
9891 20.6977
9892 17.6055
9893 16.9492
9894 16.398
9895 15.06
9896 13.7789
9897 13.9289
9898 14.395
9899 14.4092
9900 15.1515
9901 15.1515
9902 13.7094
9903 12.3393
9904 12.8673
9905 13.089
9906 13.0824
9907 13.9727
9908 14.5472
9909 14.6628
9910 17.3034
9911 18.9182
9912 18.9394
9913 17.9633
9914 15.8326
9915 15.873
9916 15.3101
9917 14.581
9918 15.9895
9919 16.4532
9920 17.7292
9921 18.5874
9922 18.1276
9923 18.9848
9924 19.0114
9925 18.6345
9926 18.2608
9927 18.9858
9928 19.0114
9929 18.713
9930 17.4426
9931 15.7233
9932 14.7766
9933 14.7683
9934 16.2578
9935 20.7548
9936 23.6838
9937 23.6967
9938 20.791
9939 16.4726
9940 12.6564
9941 13.4748
9942 17.2541
9943 21.5
9944 26.1726
9945 27.3223
9946 26.5778
9947 20.0623
9948 15.6548
9949 16.6113
9950 16.6113
9951 15.6102
9952 14.1173
9953 13.7821
9954 14.4336
9955 16.7521
9956 19.7628
9957 19.7266
9958 17.6147
9959 15.9236
9960 15.5769
9961 15.5786
9962 16.1649
9963 16.1812
9964 15.9098
9965 15.1057
9966 14.5773
9967 14.3996
9968 15.5336
9969 16.315
9970 17.6788
9971 20.3728
9972 21.5517
9973 21.5202
9974 19.4758
9975 17.3916
9976 18.5873
9977 18.5873
9978 17.943
9979 20.5716
9980 21.5453
9981 21.5517
9982 20.864
9983 19.6054
9984 16.5838
9985 14.9367
9986 15.1228
9987 15.6308
9988 16.8891
9989 16.8919
9990 16.0772
9991 18.5525
9992 23.9835
9993 29.0153
9994 29.0697
9995 23.6364
9996 23.701
9997 29.4626
9998 32.258
9999 31.7276
10000 21.9926
10001 21.9298
10002 19.7917
10003 17.7632
10004 15.8443
10005 14.0351
10006 14.245
10007 15.0607
10008 15.4319
10009 15.4321
10010 15.0956
10011 15.5341
10012 17.3611
10013 20.8333
10014 22.7272
10015 22.1088
10016 18.8383
10017 17.803
10018 17.5439
10019 18.4576
10020 18.5185
10021 18.2749
10022 17.6421
10023 19.0181
10024 20.5882
10025 24.5098
10026 25
10027 24.5098
10028 20.5882
10029 24.093
10030 25
10031 24.9433
10032 22.9592
10033 22.7273
10034 24.9369
10035 25
10036 23.9899
10037 19.8864
10038 14.7059
10039 16.1458
10040 16.6667
10041 22.6852
10042 29.6296
10043 37.5
10044 38.4615
10045 28.8462
10046 23.8095
10047 23.5457
10048 22.1607
10049 19.4771
10050 18.9815
10051 17.1958
10052 16.1157
10053 15.6221
10054 14.6761
10055 14.2857
10056 14.6991
10057 16.0702
10058 16.6617
10059 17.8253
10060 17.8571
10061 17.1836
10062 17.8571
10063 24.3056
10064 26.3158
10065 25.2525
10066 21.4286
10067 21.7391
10068 21.4782
10069 21.6837
10070 21.7391
10071 25.974
10072 29.4012
10073 29.4118
10074 26.6955
10075 19.0649
10076 19.2307
10077 18.8061
10078 17.3913
10079 23.1481
10080 29.7619
10081 31.25
10082 31.0847
10083 27.1164
10084 33.6077
10085 43.8957
10086 55.5556
10087 31.25
10088 26.6272
10089 22.8984
10090 21.7391
10091 21.1988
10092 23.8094
10093 23.3918
10094 21.1134
10095 22.6891
10096 22.7273
10097 21.9538
10098 18.9076
10099 18.3081
10100 17.937
10101 19.1164
10102 19.2308
10103 19.0181
10104 19.2308
10105 21.4286
10106 29.1667
10107 31.25
10108 29.1667
10109 23.4171
10110 25.3099
10111 33.0579
10112 35.7142
10113 34.8944
10114 26.3158
10115 26.3158
10116 23.2143
10117 20.8042
10118 25
10119 39.0625
10120 45.4545
10121 45.1389
10122 32.1181
10123 38.4615
10124 32.772
10125 27.5376
10126 22.7583
10127 22.5249
10128 25.9259
10129 26.3158
10130 23.2323
10131 25.8681
10132 26.3158
10133 25
10134 26.1364
10135 26.3158
10136 25.4735
10137 21.7391
10138 21.5774
10139 21.7391
10140 21.4658
10141 22.7273
10142 30.9343
10143 40.404
10144 41.6667
10145 30.303
10146 29.4962
10147 33.1633
10148 33.3333
10149 32.0472
10150 35.5556
10151 55.5556
10152 55.5556
10153 32.5
10154 35.7142
10155 35.625
10156 30
10157 25.3561
10158 26.3158
10159 27.5298
10160 27.7778
10161 32.7381
10162 33.3333
10163 32.8283
10164 35.7143
10165 34.0909
10166 33.0357
10167 33.3333
10168 32.1429
10169 33.3333
10170 40.8163
10171 55.5556
10172 55.5556
10173 33.3333
10174 33.3333
10175 38.3598
10176 38.4615
10177 38.4615
10178 36.2812
10179 35.7143
10180 55.5556
10181 55.5556
10182 38.5802
10183 33.3333
10184 32.4074
10185 29.2969
10186 39.7727
10187 45.4545
10188 45.4545
10189 41.6667
10190 41.6667
10191 45.3869
10192 45.4545
10193 48.6111
10194 50
10195 55.5556
10196 55.5556
10197 40.8163
10198 35.7143
10199 49.6032
10200 50
10201 47.619
10202 50
10203 37.551
10204 42.8571
10205 55.5555
10206 55.3571
10207 71.4283
10208 100
10209 100
10210 47.619
10211 36.2812
10212 38.4615
10213 38.2653
10214 49.6032
10215 71.4286
10216 125
10217 125
10218 71.4281
10219 69.4444
10220 71.4285
10221 100
10222 250
10223 55.5556
10224 43.8957
10225 37.5
10226 38.4615
10227 37.1528
10228 38.1944
10229 38.4615
10230 43.8957
10231 55.5556
10232 35.7143
10233 30.7945
10234 29.2517
10235 25
10236 28.0612
10237 29.4118
10238 29.3878
10239 27.2449
10240 28.9286
10241 35.7143
10242 35.7143
10243 21.3018
10244 23.6808
10245 23.8095
10246 22.4913
10247 20.8333
10248 20.8333
10249 19.8037
10250 20.8027
10251 20.8333
10252 20.3914
10253 20.2874
10254 23.8095
10255 23.8095
10256 20
10257 19.4328
10258 22.4913
10259 23.8095
10260 23.6808
10261 26.0533
10262 29.4118
10263 22.7273
10264 20.7081
10265 18.7829
10266 16.9515
10267 16.5631
10268 16.7521
10269 19.2308
10270 19.2308
10271 16.6667
10272 16.3458
10273 15.3385
10274 14.173
10275 15.3953
10276 17.2597
10277 19.2308
10278 20
10279 19.9615
10280 18.595
10281 19.2307
10282 18.9824
10283 20.7081
10284 22.7273
10285 18.5185
10286 17.1722
10287 16.129
10288 14.6319
10289 14.1446
10290 14.6386
10291 14.7059
10292 14.6527
10293 14.1869
10294 13.2411
10295 12.8205
10296 13.4454
10297 15.1786
10298 16.1255
10299 16.129
10300 15.395
10301 15.191
10302 15.625
10303 15.625
10304 15.191
10305 14.1782
10306 15.5607
10307 17.0075
10308 18.5185
10309 18.5185
10310 15.0227
10311 16.129
10312 15.9439
10313 14.6939
10314 13.4949
10315 12.3469
10316 12.1631
10317 12.1951
10318 12.1598
10319 13.0854
10320 13.8725
10321 13.8889
10322 13.4789
10323 11.9048
10324 12.1951
10325 12.8411
10326 13.8889
10327 13.9286
10328 14.2857
10329 14.2857
10330 13.9286
10331 13.225
10332 14.4
10333 15.625
10334 15.625
10335 14.1369
10336 14.8633
10337 15.1515
10338 14.9453
10339 16.0728
10340 17.2414
10341 15.1515
10342 14.2472
10343 13.3706
10344 12.5219
10345 11.701
10346 10.9883
10347 10.4775
10348 10.1923
10349 10.2041
10350 10.1746
10351 10.3614
10352 11.2069
10353 11.9999
10354 12.4518
10355 12.5
10356 12.428
10357 12.0248
10358 12.494
10359 13.5135
10360 13.5135
10361 11.405
10362 11.349
10363 11.1111
10364 11.7718
10365 12.6276
10366 13.5135
10367 13.5135
10368 13.474
10369 12.8711
10370 13.7741
10371 13.8889
10372 14.2472
10373 15.1515
10374 13.1579
10375 12.4745
10376 11.8093
10377 11.1623
10378 10.5336
10379 9.92309
10380 10.5472
10381 10.9997
10382 11.1111
10383 11.1041
10384 10.8605
10385 11.3085
10386 12.1951
10387 12.1951
10388 10.8307
10389 11.0864
10390 11.1111
10391 11.0648
10392 10.766
10393 10.2041
10394 10.2039
10395 10.3277
10396 10.9812
10397 11.8421
10398 12.1951
10399 12.1744
10400 11.4168
10401 11.5625
10402 11.6279
10403 11.5561
10404 11.0013
10405 10.9989
10406 11.6971
10407 12.4168
10408 13.1579
10409 13.1579
10410 11.2342
10411 12.1951
10412 12.1191
10413 11.4365
10414 11.1111
10415 11.1111
10416 9.84237
10417 9.30372
10418 9.61496
10419 9.7666
10420 10.0903
10421 10.2039
10422 10.2041
10423 10.1074
10424 9.97732
10425 10
10426 9.97732
10427 9.99835
10428 10.7527
10429 11.1111
10430 11.1093
10431 10.643
10432 10.0358
10433 9.66282
10434 10.2573
10435 10.8696
10436 10.9967
10437 11.1111
10438 11.0922
10439 10.7354
10440 10.8026
10441 11.4883
10442 12.1951
10443 12.1951
10444 11.0375
10445 11.4365
10446 12.1191
10447 12.1951
10448 12.4745
10449 13.1579
10450 11.9048
10451 11.3446
10452 10.798
10453 10.2648
10454 9.74517
10455 9.43396
10456 9.43396
10457 8.9685
10458 9.34321
10459 9.81767
10460 10.2008
10461 10.2041
10462 9.94754
10463 9.24493
10464 9.09091
10465 9.0829
10466 8.96944
10467 8.92582
10468 8.94084
10469 9.61538
10470 9.72222
10471 9.97732
10472 10
10473 9.94898
10474 9.90133
10475 10.1732
10476 10.4853
10477 11.1111
10478 11.1111
10479 9.61538
10480 9.53137
10481 9.43396
10482 9.9723
10483 10.534
10484 11.1111
10485 11.1111
10486 10.9202
10487 10.771
10488 10.8696
10489 10.798
10490 11.3446
10491 11.9048
10492 11.1111
10493 10.6228
10494 10.1454
10495 9.67901
10496 9.25926
10497 9.25926
10498 8.89162
10499 8.92857
10500 8.92582
10501 8.84033
10502 8.63514
10503 8.39309
10504 9.02406
10505 9.54927
10506 9.78801
10507 9.80392
10508 9.74026
10509 9.40604
10510 9.81293
10511 10.4167
10512 10.4167
10513 9.73726
10514 9.80392
10515 9.79612
10516 9.61484
10517 9.19343
10518 9.25926
10519 9.25712
10520 9.36533
10521 9.94152
10522 10.2041
10523 10.2007
10524 9.80861
10525 10.113
10526 10.4165
10527 10.4167
10528 10.1373
10529 9.54458
10530 10.0535
10531 10.5757
10532 11.1111
10533 11.1111
10534 9.91473
10535 10.0723
10536 10.4167
10537 10.3306
10538 9.82051
10539 9.32335
10540 8.92658
10541 8.92857
10542 8.85695
10543 8.68444
10544 9.2357
10545 9.80392
10546 9.80392
10547 8.6896
10548 8.40909
10549 8.62069
10550 8.73353
10551 8.90484
10552 8.92857
10553 8.91074
10554 8.85187
10555 8.92855
10556 8.92857
10557 8.85716
10558 9.01729
10559 9.57207
10560 9.80392
10561 9.79328
10562 9.43396
10563 9.16667
10564 8.87077
10565 9.33151
10566 9.80392
10567 9.80392
10568 9.80392
10569 9.72442
10570 9.26908
10571 9.43053
10572 9.91473
10573 10.4167
10574 10.4167
10575 9.82051
10576 10.3306
10577 10.4167
10578 10.3541
10579 10.853
10580 11.3636
10581 10.6383
10582 10.1904
10583 9.75217
10584 9.32356
10585 8.90458
10586 8.49523
10587 8.68938
10588 8.77172
10589 8.77193
10590 8.70506
10591 8.62069
10592 8.62069
10593 8.37664
10594 8.63574
10595 8.75997
10596 9.07157
10597 9.09091
10598 8.99429
10599 8.72029
10600 8.3558
10601 8.33333
10602 8.28726
10603 8.31444
10604 8.33333
10605 8.51064
10606 8.92066
10607 9.08688
10608 9.09091
10609 9.00931
10610 8.92186
10611 9.08621
10612 9.50625
10613 10
10614 10
10615 9.11597
10616 8.66869
10617 8.77094
10618 8.93291
10619 9.40747
10620 9.89609
10621 10
10622 9.80184
10623 9.73291
10624 9.80391
10625 9.75217
10626 10.1904
10627 10.6383
10628 10.2041
10629 9.79184
10630 9.3881
10631 8.99285
10632 8.92857
10633 8.88278
10634 8.51648
10635 8.33333
10636 8.33276
10637 8.26451
10638 8.32493
10639 8.33333
10640 8.47458
10641 8.47458
10642 7.9785
10643 7.89985
10644 8.32438
10645 8.74209
10646 8.92111
10647 8.92857
10648 8.86144
10649 8.56307
10650 8.94397
10651 9.43396
10652 9.43396
10653 8.87446
10654 8.92857
10655 8.92256
10656 8.77826
10657 8.44156
10658 8.44317
10659 8.47458
10660 8.46499
10661 8.61061
10662 9.06977
10663 9.25925
10664 9.24947
10665 8.97921
10666 9.25242
10667 9.25925
10668 9.12689
10669 8.60261
10670 8.91652
10671 9.33606
10672 9.76525
10673 10.2041
10674 10.2041
10675 9.36335
10676 9.80391
10677 9.76562
10678 9.33642
10679 8.91686
10680 8.50694
10681 8.10667
10682 7.91451
10683 8.24864
10684 8.45004
10685 8.47458
10686 8.44832
10687 8.24348
10688 8.61874
10689 9.09091
10690 9.09091
10691 8.29137
10692 7.82434
10693 8.05438
10694 8.33539
10695 8.46499
10696 8.47458
10697 8.44317
10698 8.34467
10699 8.46687
10700 8.47458
10701 8.44041
10702 8.58506
10703 9.06863
10704 9.25926
10705 9.2437
10706 8.92857
10707 8.70827
10708 8.2312
10709 8.53616
10710 8.92857
10711 9.06385
10712 9.09091
10713 9.03003
10714 8.65801
10715 8.93291
10716 9.36335
10717 9.80392
10718 9.80392
10719 8.99422
10720 9.33642
10721 9.76562
10722 9.80391
10723 9.98716
10724 10.4167
10725 10
10726 9.604
10727 9.216
10728 8.836
10729 8.464
10730 8.1
10731 8.06452
10732 7.92547
10733 7.87546
10734 8.1685
10735 8.31502
10736 8.33333
10737 8.31502
10738 8.19643
10739 8.33333
10740 8.33333
10741 8.08685
10742 8.33333
10743 8.60983
10744 8.62069
10745 8.51337
10746 8.44441
10747 8.13397
10748 8.06095
10749 8.06452
10750 8.10986
10751 8.19297
10752 8.19672
10753 8.37209
10754 8.70195
10755 8.77193
10756 8.76127
10757 8.6316
10758 8.77025
10759 8.8336
10760 9.25926
10761 9.25926
10762 8.65286
10763 8.30327
10764 8.4611
10765 8.63145
10766 9.02825
10767 9.43396
10768 9.43396
10769 9.16413
10770 9.00426
10771 9.4
10772 9.43396
10773 9.604
10774 10
10775 9.80392
10776 9.39968
10777 9.00395
10778 8.61673
10779 8.23802
10780 8.13397
10781 8.44441
10782 8.47457
10783 8.41877
10784 8.13596
10785 8.06452
10786 8.06095
10787 7.97972
10788 7.93553
10789 7.93651
10790 7.90123
10791 7.77092
10792 8.19672
10793 8.19672
10794 7.97373
10795 8.33296
10796 8.47256
10797 8.47457
10798 8.39252
10799 8.33333
10800 8.65286
10801 9.09091
10802 9.09091
10803 8.44156
10804 8.47458
10805 8.4611
10806 8.30327
10807 7.97627
10808 8.15598
10809 8.19672
10810 8.26594
10811 8.69527
10812 9.13547
10813 9.25925
10814 9.18004
10815 8.89757
10816 9.09091
10817 9.08801
10818 8.79128
10819 8.45102
10820 8.8308
10821 9.21892
10822 9.61538
10823 9.61538
10824 8.86944
10825 8.925
10826 9.25925
10827 9.2
10828 8.80435
10829 8.41739
10830 8.03913
10831 7.77735
10832 7.8125
10833 7.81212
10834 7.78883
10835 8.00715
10836 8.06452
10837 8.06239
10838 7.95455
10839 7.93421
10840 8.33882
10841 8.77193
10842 8.77193
10843 8.161
10844 7.71391
10845 7.83533
10846 8.08551
10847 8.19239
10848 8.19672
10849 8.15598
10850 8.03984
10851 8.06452
10852 8.06451
10853 8.05926
10854 8.18798
10855 8.61326
10856 8.77193
10857 8.76906
10858 8.77192
10859 8.56481
10860 8.10811
10861 8.40263
10862 8.77193
10863 8.77193
10864 8.77193
10865 8.66869
10866 8.39427
10867 8.60799
10868 8.86944
10869 9.25926
10870 9.25926
10871 8.80435
10872 9.2
10873 9.25925
10874 9.216
10875 9.604
10876 10
10877 9.80392
10878 9.42322
10879 9.05006
10880 8.68444
10881 8.32636
10882 7.97582
10883 7.81036
10884 7.93651
10885 7.93637
10886 7.79328
10887 8.04855
10888 8.18277
10889 8.19672
10890 8.1746
10891 8.06343
10892 8.06452
10893 8.06452
10894 7.97263
10895 8.20399
10896 8.46576
10897 8.47458
10898 8.36413
10899 8.30717
10900 8.01282
10901 7.93072
10902 7.93651
10903 7.96958
10904 8.05844
10905 8.06452
10906 8.24421
10907 8.55797
10908 8.62069
10909 8.60799
10910 8.39427
10911 8.4743
10912 8.84317
10913 9.25926
10914 9.25926
10915 8.50846
10916 8.15578
10917 8.3171
10918 8.36273
10919 8.76569
10920 9.17814
10921 9.25926
10922 9.05894
10923 9.0909
10924 9.09091
10925 9.05006
10926 9.42322
10927 9.80392
10928 9.43396
10929 9.08132
10930 8.7354
10931 8.39619
10932 8.0637
10933 7.73793
10934 8.01282
10935 8.30717
10936 8.33333
10937 8.27446
10938 8.13596
10939 7.93651
10940 7.93072
10941 7.84395
10942 7.81232
10943 7.8125
10944 7.8022
10945 7.71136
10946 8.19672
10947 8.19672
10948 8.01282
10949 8.35719
10950 8.47454
10951 8.47458
10952 8.36488
10953 8.19672
10954 8.50846
10955 8.92857
10956 8.92857
10957 8.46129
10958 8.47458
10959 8.43699
10960 8.22157
10961 8.22161
10962 8.33105
10963 8.33333
10964 8.27633
10965 8.61362
10966 8.77193
10967 8.75811
10968 8.62043
10969 8.74636
10970 8.92857
10971 8.92485
10972 8.62736
10973 8.31415
10974 8.67956
10975 9.05283
10976 9.43396
10977 9.43396
10978 8.86944
10979 8.925
10980 9.25925
10981 9.2
10982 8.80435
10983 8.41739
10984 8.03913
10985 7.66957
10986 7.69196
10987 7.69231
10988 7.65885
10989 8.00579
10990 8.18059
10991 8.19672
10992 8.16327
10993 8.06452
10994 8.33882
10995 8.77193
10996 8.77193
10997 8.161
10998 7.71391
10999 7.7288
11000 7.96512
11001 8.0619
11002 8.06452
11003 8.01914
11004 8.09305
11005 8.19352
11006 8.19672
11007 8.19672
11008 8.18798
11009 8.61326
11010 8.77193
11011 8.75169
11012 8.62069
11013 8.42572
11014 8.04127
11015 8.40263
11016 8.77193
11017 8.77193
11018 8.77193
11019 8.66869
11020 8.39427
11021 8.60799
11022 8.86944
11023 9.25926
11024 9.25926
11025 8.80435
11026 9.2
11027 9.25925
11028 9.216
11029 9.604
11030 10
11031 9.80392
11032 9.42322
11033 9.05006
11034 8.68444
11035 8.32636
11036 7.97582
11037 7.81036
11038 7.93651
11039 7.93637
11040 7.79328
11041 7.87336
11042 8.03071
11043 8.06452
11044 8.05969
11045 7.96032
11046 8.06452
11047 8.06452
11048 7.82849
11049 7.99851
11050 8.42572
11051 8.62069
11052 8.61702
11053 8.47356
11054 8.22368
11055 7.93072
11056 7.93651
11057 7.91337
11058 7.90123
11059 7.93651
11060 8.24421
11061 8.55797
11062 8.62069
11063 8.60799
11064 8.39427
11065 8.55469
11066 8.68238
11067 9.09091
11068 9.09091
11069 8.50846
11070 8.22157
11071 8.43699
11072 8.47458
11073 8.71607
11074 9.09091
11075 9.09091
11076 8.99422
11077 8.91608
11078 9.22722
11079 9.25925
11080 9.42322
11081 9.80392
11082 9.61538
11083 9.22692
11084 8.84647
11085 8.47403
11086 8.1096
11087 7.75318
11088 8.01282
11089 8.30717
11090 8.33333
11091 8.27446
11092 8.13596
11093 7.93651
11094 7.93072
11095 7.8738
11096 7.93553
11097 7.93651
11098 7.90123
11099 7.83594
11100 8.33333
11101 8.33333
11102 8.01282
11103 8.35719
11104 8.47454
11105 8.47458
11106 8.36488
11107 8.33333
11108 8.50846
11109 8.92857
11110 8.92857
11111 8.47657
11112 8.47458
11113 8.43699
11114 8.22157
11115 8.36906
11116 8.47339
11117 8.47458
11118 8.40908
11119 8.76068
11120 8.92857
11121 8.91608
11122 8.77186
11123 8.77193
11124 8.92857
11125 8.92485
11126 8.62736
11127 8.34751
11128 8.70412
11129 9.05283
11130 9.43396
11131 9.43396
11132 9.02825
11133 8.925
11134 9.25925
11135 9.2
11136 8.80435
11137 8.41739
11138 8.03913
11139 7.91621
11140 7.93651
11141 7.93143
11142 8.12575
11143 8.31334
11144 8.33333
11145 8.30347
11146 8.19672
11147 8.32785
11148 8.77193
11149 8.77193
11150 8.161
11151 7.71391
11152 7.83533
11153 8.08551
11154 8.19239
11155 8.19672
11156 8.15598
11157 8.21728
11158 8.32819
11159 8.33333
11160 8.29443
11161 8.12322
11162 8.55638
11163 8.77193
11164 8.77186
11165 8.62069
11166 8.60983
11167 8.33333
11168 8.39469
11169 8.77193
11170 8.77193
11171 8.77193
11172 8.70412
11173 8.39427
11174 8.63145
11175 9.02825
11176 9.43396
11177 9.43396
11178 8.84317
11179 9.16738
11180 9.57934
11181 9.61537
11182 9.79184
11183 10.2041
11184 9.80392
11185 9.42322
11186 9.05006
11187 8.68444
11188 8.32636
11189 8.1762
11190 8.19672
11191 8.15412
11192 7.78643
11193 7.83706
11194 8.01329
11195 8.06452
11196 8.06393
11197 8.03116
11198 8.19672
11199 8.19672
11200 7.96862
11201 7.9626
11202 8.33333
11203 8.60983
11204 8.62069
11205 8.62069
11206 8.58597
11207 8.25826
11208 7.93651
11209 7.93376
11210 7.90123
11211 7.93651
11212 7.93553
11213 8.24421
11214 8.55797
11215 8.62069
11216 8.60799
11217 8.54342
11218 8.62069
11219 8.84317
11220 9.25926
11221 9.25926
11222 8.80208
11223 8.456
11224 8.60986
11225 8.62069
11226 8.86944
11227 9.25926
11228 9.25926
11229 9.18004
11230 9.25925
11231 9.13547
11232 9.05006
11233 9.42322
11234 9.80392
11235 9.80392
11236 9.42322
11237 9.05006
11238 8.68444
11239 8.32636
11240 8.58597
11241 8.62069
11242 8.56809
11243 8.4118
11244 8.19672
11245 8.19493
11246 8.11984
11247 8.16706
11248 8.19672
11249 8.19297
11250 8.47458
11251 8.47458
11252 7.88006
11253 8.08824
11254 8.46561
11255 8.61734
11256 8.62069
11257 8.54342
11258 8.47458
11259 8.80208
11260 9.25926
11261 9.25926
11262 8.61874
11263 8.62069
11264 8.60986
11265 8.456
11266 8.12056
11267 8.29726
11268 8.33333
11269 8.32671
11270 8.69527
11271 9.13547
11272 9.25925
11273 9.18004
11274 9.09091
11275 9.25926
11276 9.25712
11277 8.96148
11278 8.5923
11279 8.99471
11280 9.39117
11281 9.80392
11282 9.80392
11283 9.19278
11284 9.09777
11285 9.43396
11286 9.3711
11287 8.95923
11288 8.55662
11289 8.16327
11290 7.93651
11291 7.93651
11292 8.24864
11293 8.45004
11294 8.47458
11295 8.47233
11296 8.47458
11297 8.46483
11298 9.09091
11299 9.09091
11300 8.57885
11301 8.08163
11302 7.91736
11303 8.29747
11304 8.54555
11305 8.62069
11306 8.62028
11307 8.58767
11308 8.62069
11309 8.54422
11310 8.45097
11311 8.29114
11312 8.69963
11313 8.92857
11314 8.92857
11315 8.77193
11316 8.75867
11317 8.46638
11318 8.53616
11319 8.92857
11320 8.92857
11321 8.92857
11322 8.86415
11323 8.71165
11324 8.91989
11325 9.19278
11326 9.61538
11327 9.61538
11328 9.16296
11329 9.33642
11330 9.76562
11331 9.80391
11332 9.98716
11333 10.4167
11334 10.2041
11335 9.79184
11336 9.3881
11337 8.99285
11338 8.60611
11339 8.22786
11340 7.85812
11341 7.78133
11342 8.10074
11343 8.28423
11344 8.33333
11345 8.3318
11346 8.33333
11347 8.33333
11348 8.33333
11349 8.05657
11350 8.35743
11351 8.85628
11352 9.09091
11353 9.08947
11354 8.92483
11355 8.62534
11356 8.33276
11357 8.33333
11358 8.28726
11359 8.31444
11360 8.33333
11361 8.5034
11362 8.85048
11363 8.92857
11364 8.91989
11365 8.8343
11366 9
11367 9.09091
11368 9.43396
11369 9.43396
11370 8.95637
11371 8.69565
11372 8.90269
11373 8.92857
11374 9.19278
11375 9.61538
11376 9.61538
11377 9.34054
11378 9.24947
11379 9.57934
11380 9.61537
11381 9.79184
11382 10.2041
11383 10.2041
11384 9.76525
11385 9.33606
11386 8.91652
11387 8.73203
11388 8.77193
11389 8.77193
11390 8.69247
11391 8.33333
11392 8.33333
11393 8.32012
11394 8.32493
11395 8.77193
11396 8.77193
11397 8.19896
11398 7.9785
11399 8.19672
11400 8.20513
11401 8.60195
11402 8.76679
11403 8.77193
11404 8.75283
11405 8.77193
11406 8.95637
11407 9.43396
11408 9.43396
11409 8.91713
11410 8.77193
11411 8.76361
11412 8.61424
11413 8.42467
11414 8.59392
11415 8.62069
11416 8.60735
11417 8.99554
11418 9.47522
11419 9.61538
11420 9.54001
11421 9.43396
11422 9.43396
11423 9.43251
11424 9.13834
11425 8.89427
11426 9.34566
11427 9.56994
11428 10
11429 10
11430 9.54029
11431 9.46412
11432 9.80391
11433 9.73291
11434 9.28548
11435 8.84858
11436 8.42221
11437 8.5034
11438 8.73583
11439 8.77193
11440 8.77165
11441 8.77193
11442 8.752
11443 9.43396
11444 9.43396
11445 8.87087
11446 8.3251
11447 8.15993
11448 8.5481
11449 8.83009
11450 8.92845
11451 8.92857
11452 8.85965
11453 8.76393
11454 8.77193
11455 8.74714
11456 8.5802
11457 9
11458 9.25893
11459 9.25926
11460 9.09091
11461 9.07157
11462 8.74404
11463 8.8336
11464 9.25926
11465 9.25926
11466 9.25926
11467 9.20208
11468 9.05341
11469 9.25423
11470 9.54029
11471 10
11472 10
11473 9.50625
11474 9.69359
11475 10.1607
11476 10.2041
11477 10.4021
11478 10.8696
11479 10.6383
11480 10.1904
11481 9.75217
11482 9.32356
11483 8.90458
11484 8.49523
11485 8.33688
11486 8.55097
11487 8.62069
11488 8.62067
11489 8.61614
11490 8.62069
11491 8.62069
11492 8.41451
11493 8.61953
11494 9.16667
11495 9.43396
11496 9.43355
11497 9.25219
11498 8.91266
11499 8.62069
11500 8.63171
11501 8.77193
11502 8.76196
11503 8.62069
11504 8.7766
11505 9.16196
11506 9.25926
11507 9.25926
11508 9.17653
11509 9.32125
11510 9.43396
11511 9.80392
11512 9.80392
11513 9.28114
11514 9.04221
11515 9.24107
11516 9.25926
11517 9.54029
11518 10
11519 10
11520 9.71435
11521 9.60828
11522 9.95926
11523 10
11524 10.1904
11525 10.6383
11526 10.6383
11527 10.1602
11528 9.69316
11529 9.23708
11530 9.09091
11531 8.97059
11532 8.6204
11533 9.09091
11534 9.09091
11535 8.60147
11536 8.62069
11537 8.61111
11538 8.50887
11539 8.47458
11540 8.50672
11541 8.60861
11542 8.88612
11543 9.08051
11544 9.09091
11545 9.07863
11546 9.09091
11547 9.28114
11548 9.80392
11549 9.80392
11550 9.2357
11551 9.09091
11552 9.08695
11553 8.94837
11554 8.9237
11555 9.07726
11556 9.09091
11557 9.09091
11558 9.3157
11559 9.84043
11560 10
11561 9.92908
11562 9.80392
11563 9.80392
11564 9.80351
11565 9.51362
11566 9.26908
11567 9.72442
11568 9.94856
11569 10.4167
11570 10.4167
11571 9.91473
11572 10.0723
11573 10.4167
11574 10.3306
11575 9.82051
11576 9.32335
11577 9.03903
11578 9.09091
11579 9.09091
11580 9.0873
11581 9.2357
11582 9.80392
11583 9.80392
11584 9.00504
11585 8.68486
11586 9.06827
11587 9.09091
11588 9.0602
11589 9.09091
11590 9.07726
11591 9.03998
11592 9.09091
11593 9.09091
11594 9.07502
11595 9.09091
11596 9.57207
11597 9.80392
11598 9.80392
11599 9.80392
11600 9.49755
11601 8.91091
11602 9.33151
11603 9.80392
11604 9.80392
11605 9.80392
11606 9.72442
11607 9.61804
11608 9.80294
11609 9.91473
11610 10.4167
11611 10.4167
11612 9.86121
11613 10.3306
11614 10.4167
11615 10.3541
11616 10.853
11617 11.3636
11618 11.1111
11619 10.6228
11620 10.1454
11621 9.67901
11622 9.22359
11623 9.08773
11624 9.09091
11625 9.03998
11626 9.09091
11627 9.09091
11628 8.6621
11629 8.92857
11630 9.22619
11631 9.59384
11632 9.61538
11633 9.61538
11634 9.53661
11635 9.07258
11636 9.09058
11637 9.09091
11638 9.07029
11639 9.09115
11640 9.80392
11641 9.80392
11642 9.80392
11643 9.80294
11644 9.61804
11645 9.66389
11646 9.86121
11647 10.4167
11648 10.4167
11649 9.82993
11650 9.4164
11651 9.60437
11652 9.61538
11653 9.71239
11654 10.2041
11655 10.2041
11656 10.1541
11657 10.2007
11658 10.2041
11659 10.2041
11660 10.1454
11661 10.6228
11662 11.1111
11663 11.3636
11664 10.853
11665 10.3541
11666 9.86688
11667 9.39144
11668 8.92773
11669 8.92857
11670 8.92857
11671 8.92582
11672 8.84033
11673 8.8141
11674 8.92857
11675 8.92509
11676 9.38509
11677 9.60384
11678 9.61538
11679 9.61159
11680 9.61538
11681 9.62932
11682 10.2041
11683 10.2041
11684 9.55961
11685 9.61538
11686 9.61538
11687 9.50502
11688 9.7561
11689 9.80392
11690 9.79197
11691 9.61538
11692 9.94152
11693 10.2041
11694 10.2007
11695 10.2041
11696 10.1984
11697 10.4165
11698 10.4167
11699 10.1373
11700 9.79722
11701 10.282
11702 10.8161
11703 11.3636
11704 11.3636
11705 10.534
11706 11.1111
11707 11.0544
11708 10.4948
11709 9.94971
11710 9.61538
11711 9.60884
11712 9.55637
11713 10.2041
11714 10.2041
11715 9.48823
11716 9.43396
11717 9.28207
11718 9.61538
11719 9.61538
11720 9.43396
11721 9.42761
11722 9.39884
11723 9.56103
11724 9.61538
11725 9.61049
11726 9.47623
11727 9.84127
11728 10.1984
11729 10.2041
11730 10.2041
11731 10.1503
11732 9.67742
11733 9.67409
11734 10.2041
11735 10.2041
11736 10.2041
11737 10.1675
11738 10.034
11739 10.2041
11740 10.534
11741 11.1111
11742 11.1111
11743 10.4853
11744 10.4948
11745 11.0544
11746 11.1111
11747 11.3446
11748 11.9048
11749 11.9048
11750 11.3446
11751 10.798
11752 10.2648
11753 9.74517
11754 9.61538
11755 9.61538
11756 9.61538
11757 9.06994
11758 9.67742
11759 10.1503
11760 10.2041
11761 10.1354
11762 9.89684
11763 9.60639
11764 9.61538
11765 9.58329
11766 10.2041
11767 10.2041
11768 9.59254
11769 9.52381
11770 10.034
11771 10.2041
11772 10.2041
11773 10.034
11774 10.1732
11775 10.2573
11776 10.8696
11777 10.8696
11778 10.2008
11779 10.1162
11780 10.2041
11781 10.2016
11782 10.534
11783 11.1111
11784 11.1111
11785 10.7928
11786 10.8689
11787 11.0544
11788 11.1111
11789 11.3446
11790 11.9048
11791 11.9048
11792 11.3446
11793 10.798
11794 10.2648
11795 9.74517
11796 9.61538
11797 9.60102
11798 9.46261
11799 9.33099
11800 9.43396
11801 9.43396
11802 9.89146
11803 10.1759
11804 10.2041
11805 10.2041
11806 10.2041
11807 10.2008
11808 10.8696
11809 10.8696
11810 10.107
11811 10
11812 9.94561
11813 10.0531
11814 10.2004
11815 10.2041
11816 10.1323
11817 9.87492
11818 10.5442
11819 10.8696
11820 10.8689
11821 10.8696
11822 10.8551
11823 10.8683
11824 10.8696
11825 10.5999
11826 10.4848
11827 10.8463
11828 11.3021
11829 11.9048
11830 11.9048
11831 11.2342
11832 11.9047
11833 11.8343
11834 11.186
11835 10.5559
11836 10.8696
11837 10.8696
11838 10.0174
11839 9.56049
11840 10
11841 10
11842 9.90676
11843 10
11844 9.99984
11845 10
11846 10.102
11847 10.2041
11848 10.2041
11849 10.102
11850 10.4167
11851 10.8551
11852 10.8696
11853 10.8696
11854 10.7828
11855 10.2041
11856 10.2573
11857 10.8696
11858 10.8696
11859 10.8696
11860 10.8463
11861 10.8696
11862 10.8696
11863 11.2342
11864 11.9048
11865 11.9048
11866 11.1723
11867 11.186
11868 11.8343
11869 11.9047
11870 12.1715
11871 12.8205
11872 12.8205
11873 12.1715
11874 11.5393
11875 10.924
11876 10.3255
11877 9.74393
11878 10.2041
11879 10.7828
11880 10.8696
11881 10.8182
11882 10.4832
11883 10.8696
11884 10.8696
11885 10.119
11886 10.2032
11887 10.2041
11888 10.1373
11889 10.016
11890 10.6293
11891 10.8664
11892 10.8696
11893 10.7274
11894 10.8079
11895 10.9125
11896 11.6279
11897 11.6279
11898 10.8398
11899 10.5711
11900 10.6383
11901 10.8696
11902 11.2342
11903 11.9048
11904 11.9048
11905 11.5614
11906 11.6279
11907 11.8343
11908 11.9047
11909 12.1715
11910 12.8205
11911 12.8205
11912 12.1715
11913 11.5393
11914 10.924
11915 10.3255
11916 10.8696
11917 10.8696
11918 9.98379
11919 10.4392
11920 10.8107
11921 10.8696
11922 10.8696
11923 10.8634
11924 10.8398
11925 11.6279
11926 11.6279
11927 10.8589
11928 10.8696
11929 10.8696
11930 10.9094
11931 11.1044
11932 11.1111
11933 11.0294
11934 10.807
11935 11.2179
11936 11.6277
11937 11.6279
11938 11.6279
11939 11.5969
11940 11.6213
11941 11.6279
11942 11.3772
11943 11.2734
11944 11.6173
11945 12.1182
11946 12.8205
11947 12.8205
11948 12.0318
11949 12.8205
11950 12.7315
11951 11.9716
11952 11.235
11953 10.5219
11954 9.95433
11955 10.0817
11956 10.4711
11957 10.6332
11958 10.6383
11959 10.6375
11960 10.6874
11961 10.8618
11962 10.8696
11963 10.807
11964 11.0522
11965 11.5969
11966 11.6279
11967 11.4627
11968 11.2447
11969 10.6383
11970 10.9125
11971 11.6279
11972 11.6279
11973 11.6279
11974 11.6173
11975 11.5187
11976 11.6279
11977 12.0318
11978 12.8205
11979 12.8205
11980 11.9516
11981 11.9716
11982 12.7315
11983 12.8205
11984 13.128
11985 13.8889
11986 13.8889
11987 13.128
11988 12.3885
11989 11.6705
11990 11.2821
11991 11.8854
11992 11.9048
11993 11.644
11994 10.8696
11995 10.8546
11996 10.6803
11997 10.6373
11998 10.6383
11999 10.5694
12000 10.5364
12001 11.2841
12002 11.6115
12003 11.6279
12004 11.6175
12005 11.6279
12006 11.875
12007 12.5
12008 12.5
12009 11.557
12010 11.539
12011 11.6279
12012 11.6174
12013 12.0318
12014 12.8205
12015 12.8205
12016 12.4459
12017 12.5
12018 12.7315
12019 12.8205
12020 13.128
12021 13.8889
12022 13.8889
12023 13.0599
12024 12.2564
12025 11.4784
12026 11.6279
12027 11.6279
12028 11.5142
12029 11.6279
12030 11.6279
12031 11.6279
12032 11.6279
12033 12.5
12034 12.5
12035 11.3895
12036 11.6174
12037 11.6279
12038 11.7647
12039 11.9048
12040 11.9044
12041 11.7353
12042 11.6024
12043 11.9732
12044 12.4956
12045 12.5
12046 12.5
12047 12.4389
12048 12.481
12049 12.5
12050 12.2749
12051 12.1864
12052 12.4985
12053 12.7069
12054 13.8889
12055 13.8889
12056 12.9475
12057 13.1715
12058 13.5135
12059 13.315
12060 12.4125
12061 11.6279
12062 11.3313
12063 11.3636
12064 11.3636
12065 11.3558
12066 11.5873
12067 11.6279
12068 11.6024
12069 11.7521
12070 12.4389
12071 12.5
12072 12.5
12073 12.2755
12074 12.5
12075 12.5
12076 12.5
12077 12.5
12078 12.5
12079 12.4985
12080 12.428
12081 12.5
12082 12.9475
12083 13.8889
12084 13.8889
12085 12.8411
12086 13.2004
12087 14.1602
12088 14.2857
12089 14.6637
12090 15.625
12091 15.1515
12092 14.2472
12093 13.3706
12094 12.5219
12095 12.0788
12096 11.6279
12097 11.5476
12098 11.6193
12099 11.6279
12100 11.7066
12101 12.5
12102 12.5
12103 11.9999
12104 12.4518
12105 12.5
12106 12.5
12107 12.4951
12108 12.4999
12109 13.8889
12110 13.8889
12111 12.655
12112 12.4965
12113 12.5
12114 12.3756
12115 12.9475
12116 13.8889
12117 13.8889
12118 13.474
12119 13.5135
12120 13.7741
12121 13.8889
12122 14.2472
12123 15.1515
12124 15.1515
12125 14.2472
12126 13.3706
12127 12.5219
12128 12.8205
12129 12.8086
12130 12.3129
12131 13.8889
12132 13.8889
12133 12.4654
12134 12.028
12135 12.195
12136 12.1951
12137 12.1907
12138 12.5448
12139 12.8205
12140 12.7128
12141 12.5
12142 12.8205
12143 13.496
12144 13.5135
12145 13.5135
12146 13.3494
12147 13.4694
12148 13.5135
12149 13.322
12150 13.5135
12151 13.5135
12152 14.1582
12153 15.1515
12154 15.1515
12155 14.533
12156 15.625
12157 15.4578
12158 14.2916
12159 13.1711
12160 12.4896
12161 12.4974
12162 12.5
12163 12.2913
12164 12.3967
12165 13.3494
12166 13.5135
12167 13.5135
12168 12.8472
12169 11.7647
12170 11.8343
12171 12.8411
12172 13.8889
12173 13.8889
12174 13.8889
12175 13.8878
12176 13.5089
12177 13.5135
12178 14.0084
12179 15.1515
12180 15.1515
12181 13.8054
12182 14.4444
12183 14.7059
12184 14.5185
12185 15.5741
12186 16.6667
12187 17.2414
12188 16.0728
12189 14.9453
12190 13.8587
12191 12.8132
12192 13.8889
12193 13.8889
12194 13.5135
12195 13.5135
12196 13.7387
12197 13.8889
12198 13.8889
12199 13.8633
12200 13.8054
12201 15.1515
12202 15.1515
12203 13.6114
12204 13.8861
12205 13.8889
12206 13.7113
12207 14.0084
12208 15.1515
12209 15.1515
12210 15.1336
12211 14.7059
12212 15.4578
12213 15.625
12214 16.0728
12215 17.2414
12216 16.6667
12217 15.5741
12218 14.5185
12219 13.5986
12220 15.1515
12221 15.1515
12222 13.7987
12223 13.8889
12224 13.5281
12225 13.5135
12226 13.5135
12227 13.4902
12228 13.4254
12229 13.5135
12230 13.8888
12231 14.3939
12232 15.1515
12233 15.1515
12234 15.1003
12235 14.0351
12236 15.1515
12237 15.1515
12238 14.062
12239 14.6511
12240 14.7059
12241 15.455
12242 16.6667
12243 16.6667
12244 16.1078
12245 17.2414
12246 17.0118
12247 15.5647
12248 15.1515
12249 15.1515
12250 13.7429
12251 14.494
12252 14.7059
12253 14.6991
12254 14.0914
12255 13.4826
12256 14.0886
12257 15.1515
12258 15.1515
12259 15.1099
12260 15.1515
12261 15.1512
12262 15.1515
12263 15.7096
12264 17.2414
12265 17.2414
12266 15.4743
12267 15.5647
12268 17.0118
12269 17.2414
12270 17.7799
12271 19.2308
12272 18.5185
12273 17.1722
12274 15.8766
12275 14.6319
12276 13.4441
12277 13.8292
12278 14.831
12279 15.1515
12280 15.1515
12281 15.1455
12282 15.2066
12283 16.6667
12284 16.6667
12285 15.3719
12286 15.1515
12287 15.1357
12288 15.1515
12289 15.186
12290 16.6667
12291 16.6667
12292 16.129
12293 16.129
12294 16.0143
12295 16.129
12296 16.129
12297 17.1722
12298 19.2308
12299 19.2308
12300 17.7799
12301 16.386
12302 15.0489
12303 14.6386
12304 14.7059
12305 14.8046
12306 15.1515
12307 15.1507
12308 15.1515
12309 15.1515
12310 16.1943
12311 17.2402
12312 17.2414
12313 17.0635
12314 16.9506
12315 17.2414
12316 17.1825
12317 16.4596
12318 16.6667
12319 17.5223
12320 19.2308
12321 19.2308
12322 16.713
12323 18.2538
12324 18.5185
12325 17.9584
12326 16.6667
12327 16.6667
12328 16.6667
12329 15.4974
12330 14.7059
12331 14.7036
12332 15.0417
12333 16.6667
12334 16.6667
12335 16.6149
12336 16.6667
12337 16.6667
12338 16.5631
12339 17.2414
12340 19.2308
12341 19.2308
12342 16.7521
12343 17.9584
12344 18.5185
12345 18.2538
12346 19.8899
12347 21.7391
12348 21.7391
12349 19.8899
12350 18.1228
12351 16.6662
12352 16.6667
12353 16.6667
12354 16.7521
12355 19.2308
12356 19.2308
12357 16.6667
12358 16.5344
12359 16.0985
12360 15.6155
12361 15
12362 16.713
12363 18.5185
12364 19.2308
12365 19.2308
12366 19.148
12367 18.5185
12368 19.221
12369 19.8899
12370 21.7391
12371 21.7391
12372 19.8899
12373 18.1228
12374 17.2306
12375 17.0455
12376 17.2414
12377 19.2308
12378 19.2308
12379 18.188
12380 18.5185
12381 18.5141
12382 19.2308
12383 19.2308
12384 19.2308
12385 19.2308
12386 18.5065
12387 18.5185
12388 19.511
12389 21.7391
12390 21.7391
12391 19.1067
12392 21.5547
12393 21.7391
12394 20.7756
12395 18.0979
12396 17.2149
12397 17.2414
12398 19.2308
12399 19.2308
12400 18.938
12401 19.2308
12402 19.2308
12403 18.8865
12404 19.2187
12405 21.7391
12406 21.7391
12407 19.1784
12408 20.7756
12409 21.7391
12410 21.5547
12411 23.6186
12412 26.3158
12413 26.3158
12414 23.6186
12415 21.0672
12416 18.7445
12417 21.7391
12418 21.7391
12419 19.2308
12420 19.1592
12421 19.2308
12422 18.8328
12423 19.1067
12424 21.7391
12425 21.7391
12426 21.7391
12427 21.7391
12428 22.1607
12429 22.7273
12430 23.6186
12431 26.3158
12432 26.3158
12433 23.1291
12434 21.7391
12435 19.718
12436 17.7955
12437 19.7368
12438 22.5146
12439 22.7273
12440 22.076
12441 20.5676
12442 21.7235
12443 21.7391
12444 21.7391
12445 21.7376
12446 21.9727
12447 25
12448 25
12449 21.6931
12450 24.9023
12451 25
12452 23.4375
12453 21.7391
12454 21.7391
12455 22.449
12456 22.7273
12457 22.534
12458 22.5694
12459 22.7273
12460 25
12461 25
12462 21.7262
12463 23.4375
12464 25
12465 24.9023
12466 27.4658
12467 31.25
12468 31.25
12469 27.4658
12470 26.3158
12471 21.3158
12472 21.4782
12473 22.2994
12474 26.3158
12475 26.3158
12476 26.3158
12477 26.3158
12478 26.3158
12479 25.5787
12480 26.0771
12481 26.3158
12482 27.4658
12483 31.25
12484 31.25
12485 27.4658
12486 26.3158
12487 26.3158
12488 25.9259
12489 23.8095
12490 25.8645
12491 26.3158
12492 26.3158
12493 26.3158
12494 26.2587
12495 31.25
12496 31.25
12497 25.8876
12498 29.4009
12499 29.4118
12500 26.6272
12501 25
12502 25
12503 26.3158
12504 31.25
12505 31.25
12506 25
12507 24.9084
12508 31.25
12509 33.3333
12510 35.0116
12511 41.6667
12512 38.4615
12513 32.772
12514 27.5376
12515 26.3158
12516 26.1224
12517 31.25
12518 31.25
12519 31.25
12520 32.0472
12521 33.3333
12522 33.1633
12523 32.772
12524 38.4615
12525 41.6667
12526 35.0116
12527 31.2498
12528 30.2198
12529 29.4117
12530 29.321
12531 31.25
12532 33.3332
12533 41.6667
12534 41.6667
12535 45.1389
12536 45.4545
12537 39.0625
12538 41.6667
12539 41.6667
12540 41.6667
12541 41.6667
12542 38.1944
12543 38.4615
12544 43.8957
12545 55.5556
12546 55.5556
12547 43.8957
12548 41.6667
12549 41.6667
12550 41.6666
12551 41.6327
12552 41.6667
12553 43.8957
12554 55.5556
12555 55.5556
12556 43.8957
12557 41.6666
12558 40.8163
12559 55.5556
12560 55.5556
12561 55.5556
12562 55.5556
12563 46.875
12564 45.4545
12565 57.1429
12566 62.5
12567 64
12568 100
12569 100
12570 64
12571 62.2222
12572 64
12573 100
12574 100
12575 83.3333
12576 83.3333
12577 83.3328
12578 62.5
12579 62.5
12580 83.3328
12581 250
12582 500
12583 250
12584 62.5
