0
1.36018e+11 0
1.36225e+11 0
2.01174e+11 0
1.11241e+11 6.04765e+07
9.82091e+11 4.94141e+08
9.86536e+11 8.02178e+08
1
1.3604e+11 0
1.36247e+11 0
2.01269e+11 0
1.11199e+11 6.43617e+07
9.81728e+11 4.57416e+08
9.86405e+11 7.73203e+08
2
1.27296e+11 0
1.27464e+11 0
1.80343e+11 0
8.83006e+10 1.22583e+08
8.0098e+11 8.60396e+08
8.05589e+11 1.44443e+09
3
1.40427e+11 0
1.40653e+11 0
2.11657e+11 0
1.22648e+11 4.30655e+07
1.074e+12 3.20142e+08
1.07866e+12 5.25963e+08
4
1.38231e+11 0
1.38449e+11 0
2.06303e+11 0
1.16871e+11 6.07363e+07
1.02987e+12 4.68417e+08
1.03436e+12 7.50927e+08
5
1.36129e+11 0
1.3634e+11 0
2.01132e+11 0
1.11222e+11 7.9869e+07
9.86246e+11 6.07519e+08
9.9095e+11 9.67594e+08
6
1.31699e+11 0
1.31887e+11 0
1.90755e+11 0
9.98532e+10 1.18467e+08
8.94538e+11 8.28071e+08
8.99216e+11 1.34487e+09
7
1.38292e+11 0
1.38509e+11 0
2.06507e+11 0
1.17067e+11 7.12948e+07
1.03101e+12 5.05731e+08
1.03574e+12 8.151e+08
8
1.40487e+11 0
1.40713e+11 0
2.1167e+11 0
1.22692e+11 5.67248e+07
1.07703e+12 3.90645e+08
1.0817e+12 6.35037e+08
9
1.40492e+11 0
1.40718e+11 0
2.1161e+11 0
1.2271e+11 5.96136e+07
1.07818e+12 4.50699e+08
1.08271e+12 7.03051e+08
10
1.31755e+11 0
1.3194e+11 0
1.90889e+11 0
1.00089e+11 1.46254e+08
8.98324e+11 9.86097e+08
9.01582e+11 1.56707e+09
11
1.36145e+11 0
1.36349e+11 0
2.01277e+11 0
1.11343e+11 1.18473e+08
9.89093e+11 7.46659e+08
9.93591e+11 1.10573e+09
12
1.38356e+11 0
1.38568e+11 0
2.06518e+11 0
1.17158e+11 9.28055e+07
1.03517e+12 6.38811e+08
1.03989e+12 1.00042e+09
13
1.38384e+11 0
1.38591e+11 0
2.06613e+11 0
1.17185e+11 1.06025e+08
1.0353e+12 6.64785e+08
1.03985e+12 9.56989e+08
14
1.36187e+11 0
1.36389e+11 0
2.01329e+11 0
1.11474e+11 1.28931e+08
9.9093e+11 8.04983e+08
9.95735e+11 1.28059e+09
15
1.38373e+11 0
1.38592e+11 0
2.06419e+11 0
1.17084e+11 1.0871e+08
1.03738e+12 7.18298e+08
1.04195e+12 1.11598e+09
16
1.29624e+11 0
1.29799e+11 0
1.85758e+11 0
9.44309e+10 2.37056e+08
8.55844e+11 1.32817e+09
8.60623e+11 2.03099e+09
17
1.4064e+11 0
1.4085e+11 0
2.1184e+11 0
1.22963e+11 8.97024e+07
1.0833e+12 5.8011e+08
1.08805e+12 9.03392e+08
18
1.31853e+11 0
1.32031e+11 0
1.91019e+11 0
1.00244e+11 2.20219e+08
9.02391e+11 1.2262e+09
9.07434e+11 1.96311e+09
19
1.31847e+11 0
1.32035e+11 0
1.90957e+11 0
1.00269e+11 2.308e+08
9.03567e+11 1.33916e+09
9.0847e+11 2.09387e+09
20
1.3411e+11 0
1.34276e+11 0
1.96361e+11 0
1.06006e+11 2.17154e+08
9.48438e+11 1.13992e+09
9.53293e+11 1.71479e+09
21
1.40684e+11 0
1.40898e+11 0
2.11764e+11 0
1.2302e+11 1.08312e+08
1.08685e+12 7.84691e+08
1.09135e+12 1.14332e+09
22
1.40753e+11 0
1.40931e+11 0
2.1194e+11 0
1.23138e+11 1.13532e+08
1.08673e+12 7.34481e+08
1.09149e+12 1.10629e+09
23
1.36346e+11 0
1.36516e+11 0
2.01494e+11 0
1.11753e+11 1.99249e+08
9.96555e+11 1.11127e+09
1.00144e+12 1.72702e+09
24
1.34196e+11 0
1.3433e+11 0
1.96434e+11 0
1.06223e+11 2.49963e+08
9.51257e+11 1.30673e+09
9.56417e+11 2.05819e+09
25
1.29728e+11 0
1.29897e+11 0
1.85825e+11 0
9.47614e+10 3.49627e+08
8.61824e+11 1.81364e+09
8.66858e+11 2.82791e+09
26
1.36455e+11 0
1.36588e+11 0
2.01631e+11 0
1.11898e+11 2.28485e+08
9.98159e+11 1.18625e+09
1.0032e+12 1.8577e+09
27
1.34231e+11 0
1.34387e+11 0
1.96335e+11 0
1.06204e+11 2.87032e+08
9.53871e+11 1.49664e+09
9.58835e+11 2.3114e+09
28
1.29803e+11 0
1.29958e+11 0
1.85952e+11 0
9.50285e+10 3.9895e+08
8.63924e+11 2.0961e+09
8.69039e+11 3.18572e+09
29
1.43227e+11 0
1.43365e+11 0
2.17254e+11 0
1.2891e+11 1.05439e+08
1.13701e+12 6.58649e+08
1.14172e+12 9.83028e+08
30
1.27614e+11 0
1.27758e+11 0
1.80825e+11 0
8.95127e+10 4.8983e+08
8.19641e+11 2.47996e+09
8.2494e+11 3.76423e+09
31
1.38851e+11 0
1.38971e+11 0
2.06975e+11 0
1.17746e+11 2.28081e+08
1.03373e+12 1.15241e+09
1.05211e+12 1.77973e+09
32
1.36651e+11 0
1.36761e+11 0
2.01833e+11 0
1.12153e+11 2.96789e+08
9.88496e+11 1.39405e+09
1.00721e+12 2.18723e+09
33
1.32151e+11 0
1.32297e+11 0
1.91289e+11 0
1.00767e+11 4.3409e+08
8.85065e+11 1.97804e+09
9.17302e+11 3.09199e+09
34
1.38919e+11 0
1.39079e+11 0
2.06883e+11 0
1.17789e+11 2.61519e+08
1.02314e+12 1.45147e+09
1.02811e+12 2.11877e+09
35
1.36724e+11 0
1.36855e+11 0
2.01818e+11 0
1.12251e+11 3.38069e+08
9.77632e+11 1.65922e+09
9.82927e+11 2.50833e+09
36
1.34487e+11 0
1.34627e+11 0
1.96594e+11 0
1.06542e+11 4.35305e+08
9.32704e+11 2.00859e+09
9.37762e+11 2.89047e+09
37
1.39072e+11 0
1.3918e+11 0
2.07188e+11 0
1.18036e+11 2.9313e+08
1.02418e+12 1.40128e+09
1.02961e+12 2.13601e+09
38
1.36816e+11 0
1.3695e+11 0
2.01884e+11 0
1.12398e+11 3.83873e+08
9.80079e+11 1.89248e+09
9.8539e+11 2.80379e+09
39
1.39141e+11 0
1.39251e+11 0
2.07236e+11 0
1.18109e+11 3.18045e+08
1.02574e+12 1.49442e+09
1.0312e+12 2.26869e+09
40
1.36878e+11 0
1.37014e+11 0
2.01929e+11 0
1.12475e+11 4.16776e+08
9.81641e+11 2.01635e+09
9.86978e+11 2.97541e+09
41
1.30064e+11 0
1.30202e+11 0
1.86279e+11 0
9.55662e+10 6.86212e+08
8.45405e+11 2.95449e+09
8.51044e+11 4.49545e+09
42
1.39217e+11 0
1.39366e+11 0
2.07149e+11 0
1.18158e+11 3.65885e+08
1.02914e+12 1.87377e+09
1.03431e+12 2.69127e+09
43
1.41507e+11 0
1.41702e+11 0
2.12191e+11 0
1.23601e+11 2.91946e+08
1.07617e+12 1.58385e+09
1.08094e+12 2.23873e+09
44
1.39276e+11 0
1.39443e+11 0
2.0712e+11 0
1.1812e+11 3.95623e+08
1.03086e+12 1.92005e+09
1.03595e+12 2.79054e+09
45
1.34734e+11 0
1.34878e+11 0
1.96795e+11 0
1.0685e+11 6.16502e+08
9.3943e+11 2.49549e+09
9.44651e+11 3.6213e+09
46
1.32433e+11 0
1.32618e+11 0
1.914e+11 0
1.01203e+11 7.79579e+08
8.95976e+11 3.47663e+09
9.00557e+11 4.59029e+09
47
1.37128e+11 0
1.37289e+11 0
2.01893e+11 0
1.12283e+11 6.03072e+08
9.88295e+11 2.5018e+09
9.92636e+11 3.04252e+09
48
1.34808e+11 0
1.34971e+11 0
1.96784e+11 0
1.07082e+11 6.83889e+08
9.42942e+11 3.00163e+09
9.48299e+11 4.39034e+09
49
1.30275e+11 0
1.30405e+11 0
1.86378e+11 0
9.59453e+10 9.78323e+08
8.51997e+11 3.69199e+09
8.57418e+11 5.02815e+09
50
1.37206e+11 0
1.37333e+11 0
2.02256e+11 0
1.12709e+11 6.39103e+08
9.88782e+11 2.45412e+09
9.93871e+11 3.28806e+09
51
1.37326e+11 0
1.37446e+11 0
2.02104e+11 0
1.12652e+11 6.49701e+08
9.92598e+11 2.59879e+09
9.9795e+11 3.63488e+09
52
1.39676e+11 0
1.39809e+11 0
2.07313e+11 0
1.18275e+11 5.52032e+08
1.03948e+12 2.31349e+09
1.04464e+12 3.13041e+09
53
1.39634e+11 0
1.3976e+11 0
2.07598e+11 0
1.18519e+11 5.53267e+08
1.03717e+12 2.09989e+09
1.04258e+12 2.99865e+09
54
1.37373e+11 0
1.37509e+11 0
2.02232e+11 0
1.12854e+11 7.24485e+08
9.94181e+11 2.85478e+09
9.99521e+11 3.98579e+09
55
1.32775e+11 0
1.32908e+11 0
1.91675e+11 0
1.0193e+11 9.70246e+08
9.0582e+11 3.9612e+09
9.11871e+11 5.90954e+09
56
1.37481e+11 0
1.37612e+11 0
2.02192e+11 0
1.13101e+11 8.11181e+08
9.95909e+11 3.12884e+09
1.00148e+12 4.04057e+09
57
1.42112e+11 0
1.42271e+11 0
2.12817e+11 0
1.24292e+11 4.80693e+08
1.08765e+12 2.06855e+09
1.09304e+12 3.02714e+09
58
1.35097e+11 0
1.3528e+11 0
1.96958e+11 0
1.07394e+11 1.01353e+09
9.51997e+11 4.02547e+09
9.57054e+11 5.53771e+09
59
1.37523e+11 0
1.37696e+11 0
2.02186e+11 0
1.13092e+11 8.79952e+08
9.9896e+11 3.4379e+09
1.00429e+12 4.70572e+09
60
1.42331e+11 0
1.42447e+11 0
2.12972e+11 0
1.24559e+11 4.24741e+08
1.09223e+12 1.73898e+09
1.09818e+12 2.52497e+09
61
1.37647e+11 0
1.37766e+11 0
2.02463e+11 0
1.12974e+11 9.57089e+08
1.00095e+12 3.2025e+09
1.00602e+12 3.99197e+09
62
1.40039e+11 0
1.40174e+11 0
2.07682e+11 0
1.1877e+11 7.79311e+08
1.04869e+12 2.94998e+09
1.05414e+12 4.00089e+09
63
1.42484e+11 0
1.4261e+11 0
2.1294e+11 0
1.2443e+11 5.92319e+08
1.09673e+12 2.37664e+09
1.1025e+12 3.41873e+09
64
1.3533e+11 0
1.35467e+11 0
1.97299e+11 0
1.07822e+11 1.30012e+09
9.57093e+11 4.4748e+09
9.62686e+11 5.98385e+09
65
1.42602e+11 0
1.42727e+11 0
2.12958e+11 0
1.24522e+11 5.83552e+08
1.09969e+12 2.25178e+09
1.10553e+12 3.13901e+09
66
1.30595e+11 0
1.30755e+11 0
1.86787e+11 0
9.68433e+10 1.68218e+09
8.67826e+11 6.00811e+09
8.73462e+11 8.31017e+09
67
1.35379e+11 0
1.35564e+11 0
1.97209e+11 0
1.07932e+11 1.40987e+09
9.6146e+11 5.47704e+09
9.66596e+11 7.30587e+09
68
1.40137e+11 0
1.40387e+11 0
2.07813e+11 0
1.19328e+11 1.00581e+09
1.05399e+12 3.79488e+09
1.05943e+12 4.8514e+09
69
1.40169e+11 0
1.40438e+11 0
2.07855e+11 0
1.195e+11 1.06148e+09
1.05556e+12 4.11076e+09
1.0618e+12 5.70119e+09
70
1.37759e+11 0
1.38027e+11 0
2.02685e+11 0
1.13878e+11 1.1192e+09
1.01141e+12 4.02757e+09
1.01786e+12 6.15829e+09
71
1.37786e+11 0
1.38079e+11 0
2.02523e+11 0
1.13684e+11 1.36723e+09
1.01194e+12 4.69323e+09
1.01726e+12 5.8428e+09
72
1.40325e+11 0
1.40522e+11 0
2.07742e+11 0
1.19312e+11 1.22305e+09
1.05943e+12 4.25212e+09
1.06506e+12 5.23686e+09
73
1.33081e+11 0
1.33241e+11 0
1.92048e+11 0
1.02413e+11 2.04302e+09
9.22022e+11 7.5091e+09
9.26615e+11 8.8782e+09
74
1.40391e+11 0
1.40547e+11 0
2.07858e+11 0
1.19615e+11 1.08896e+09
1.06283e+12 5.0298e+09
1.06884e+12 6.907e+09
75
1.35529e+11 0
1.35704e+11 0
1.97407e+11 0
1.08669e+11 1.76538e+09
9.69349e+11 6.952e+09
9.75392e+11 9.44511e+09
76
1.30763e+11 0
1.30896e+11 0
1.86926e+11 0
9.7369e+10 2.38679e+09
8.80825e+11 9.36014e+09
8.86939e+11 1.23357e+10
77
1.40524e+11 0
1.40682e+11 0
2.08001e+11 0
1.19699e+11 1.35261e+09
1.0651e+12 5.15978e+09
1.0714e+12 6.63304e+09
78
1.40472e+11 0
1.40647e+11 0
2.08199e+11 0
1.19964e+11 1.22679e+09
1.06424e+12 4.95814e+09
1.06999e+12 6.22555e+09
79
1.43021e+11 0
1.43218e+11 0
2.13272e+11 0
1.25665e+11 9.93422e+08
1.11394e+12 4.87601e+09
1.12023e+12 6.37283e+09
80
1.35672e+11 0
1.35827e+11 0
1.97769e+11 0
1.08905e+11 1.9969e+09
9.75485e+11 7.5958e+09
9.81785e+11 1.0128e+10
81
1.35717e+11 0
1.35884e+11 0
1.97728e+11 0
1.08916e+11 2.08644e+09
9.7708e+11 7.93008e+09
9.83203e+11 1.0397e+10
82
1.35781e+11 0
1.35951e+11 0
1.97692e+11 0
1.09385e+11 1.86102e+09
9.79082e+11 7.80699e+09
9.85808e+11 1.01506e+10
83
1.38265e+11 0
1.38429e+11 0
2.03055e+11 0
1.14874e+11 2.31868e+09
1.02606e+12 6.53994e+09
1.03282e+12 8.47804e+09
84
1.38332e+11 0
1.38492e+11 0
2.03097e+11 0
1.14578e+11 2.14747e+09
1.02908e+12 6.04453e+09
1.03557e+12 7.90302e+09
85
1.35847e+11 0
1.36019e+11 0
1.97856e+11 0
1.09135e+11 2.90748e+09
9.81327e+11 7.899e+09
9.87101e+11 9.73244e+09
86
1.40822e+11 0
1.41038e+11 0
2.08241e+11 0
1.20354e+11 1.9517e+09
1.07518e+12 6.372e+09
1.08102e+12 8.07221e+09
87
1.33532e+11 0
1.33689e+11 0
1.92572e+11 0
1.03841e+11 3.21465e+09
9.4065e+11 8.85942e+09
9.47258e+11 1.11082e+10
88
1.43363e+11 0
1.43576e+11 0
2.13737e+11 0
1.25762e+11 1.72501e+09
1.12597e+12 5.47934e+09
1.13153e+12 6.78815e+09
89
1.38415e+11 0
1.38589e+11 0
2.03436e+11 0
1.15058e+11 2.63281e+09
1.03372e+12 7.244e+09
1.0401e+12 9.42513e+09
90
1.36049e+11 0
1.36217e+11 0
1.98075e+11 0
1.09525e+11 3.20062e+09
9.91102e+11 8.74363e+09
9.977e+11 1.11311e+10
91
1.33644e+11 0
1.33817e+11 0
1.92714e+11 0
1.04116e+11 3.12347e+09
9.46056e+11 8.69278e+09
9.52272e+11 1.08313e+10
92
1.38567e+11 0
1.3876e+11 0
2.03404e+11 0
1.15609e+11 2.20264e+09
1.0386e+12 6.61854e+09
1.04589e+12 9.40181e+09
93
1.41087e+11 0
1.41285e+11 0
2.08764e+11 0
1.20476e+11 2.16089e+09
1.08687e+12 5.69935e+09
1.09284e+12 7.16767e+09
94
1.28732e+11 0
1.28882e+11 0
1.82357e+11 0
9.35729e+10 4.31054e+09
8.56448e+11 1.20944e+10
8.62763e+11 1.47647e+10
95
1.33756e+11 0
1.33942e+11 0
1.92783e+11 0
1.04852e+11 4.04828e+09
9.51289e+11 1.20001e+10
9.58509e+11 1.52007e+10
96
1.33743e+11 0
1.33923e+11 0
1.92965e+11 0
1.05121e+11 2.98062e+09
9.51648e+11 9.81033e+09
9.5796e+11 1.28121e+10
97
1.3377e+11 0
1.33949e+11 0
1.93016e+11 0
1.04658e+11 3.39803e+09
9.52372e+11 9.3084e+09
9.58303e+11 1.21731e+10
98
1.33828e+11 0
1.3401e+11 0
1.9304e+11 0
1.04707e+11 3.4957e+09
9.55599e+11 9.60773e+09
9.6217e+11 1.29708e+10
99
1.38822e+11 0
1.39033e+11 0
2.03599e+11 0
1.15935e+11 2.98872e+09
1.04892e+12 8.73723e+09
1.05563e+12 1.14473e+10
100
1.36358e+11 0
1.36553e+11 0
1.98437e+11 0
1.10405e+11 3.35994e+09
1.00402e+12 8.79534e+09
1.01041e+12 1.15197e+10
101
1.41337e+11 0
1.41557e+11 0
2.09129e+11 0
1.21513e+11 2.48698e+09
1.0988e+12 7.36994e+09
1.10568e+12 9.90165e+09
102
1.46426e+11 0
1.46693e+11 0
2.1952e+11 0
1.32322e+11 1.54822e+09
1.19322e+12 5.42967e+09
1.19964e+12 6.74033e+09
103
1.33975e+11 0
1.3416e+11 0
1.93223e+11 0
1.04886e+11 4.07846e+09
9.6355e+11 1.0945e+10
9.6977e+11 1.35049e+10
104
1.31503e+11 0
1.31674e+11 0
1.88017e+11 0
9.993e+10 4.31067e+09
9.19137e+11 1.21386e+10
9.26067e+11 1.53974e+10
105
1.3654e+11 0
1.3675e+11 0
1.98579e+11 0
1.10847e+11 3.72395e+09
1.01279e+12 9.90992e+09
1.01952e+12 1.27194e+10
106
1.41534e+11 0
1.41768e+11 0
2.09272e+11 0
1.21831e+11 2.40334e+09
1.10712e+12 7.28771e+09
1.11361e+12 9.39514e+09
107
1.41562e+11 0
1.41796e+11 0
2.0935e+11 0
1.21581e+11 2.72576e+09
1.10927e+12 7.58906e+09
1.11573e+12 9.48438e+09
108
1.36579e+11 0
1.36779e+11 0
1.98817e+11 0
1.11371e+11 3.70497e+09
1.01783e+12 1.03491e+10
1.02483e+12 1.32976e+10
109
1.39151e+11 0
1.39371e+11 0
2.04072e+11 0
1.16336e+11 3.73407e+09
1.06728e+12 9.4581e+09
1.07381e+12 1.2041e+10
110
1.44079e+11 0
1.44322e+11 0
2.1482e+11 0
1.27562e+11 2.58343e+09
1.1578e+12 6.89491e+09
1.16458e+12 8.61792e+09
111
1.41666e+11 0
1.41897e+11 0
2.09479e+11 0
1.22042e+11 3.23147e+09
1.11512e+12 8.33907e+09
1.12187e+12 1.07123e+10
112
1.34248e+11 0
1.34444e+11 0
1.93615e+11 0
1.06158e+11 4.78821e+09
9.78617e+11 1.23704e+10
9.85692e+11 1.5328e+10
113
1.39278e+11 0
1.3951e+11 0
2.0427e+11 0
1.17151e+11 3.59008e+09
1.07329e+12 1.00844e+10
1.08086e+12 1.27637e+10
114
1.39255e+11 0
1.39472e+11 0
2.04411e+11 0
1.17306e+11 3.69708e+09
1.07582e+12 9.96901e+09
1.08346e+12 1.2964e+10
115
1.3932e+11 0
1.39541e+11 0
2.0449e+11 0
1.17056e+11 3.64958e+09
1.07936e+12 1.04593e+10
1.08677e+12 1.33726e+10
116
1.39393e+11 0
1.3962e+11 0
2.04309e+11 0
1.17052e+11 3.76688e+09
1.08007e+12 1.0442e+10
1.08698e+12 1.31467e+10
117
1.369e+11 0
1.37112e+11 0
1.99219e+11 0
1.1191e+11 4.25435e+09
1.03608e+12 1.18647e+10
1.04443e+12 1.56431e+10
118
1.44496e+11 0
1.44762e+11 0
2.15111e+11 0
1.27404e+11 2.5691e+09
1.17804e+12 7.21769e+09
1.18557e+12 9.53389e+09
119
1.41964e+11 0
1.42219e+11 0
2.09557e+11 0
1.22591e+11 3.20569e+09
1.12731e+12 8.98939e+09
1.13511e+12 1.11672e+10
120
1.37039e+11 0
1.37253e+11 0
1.99008e+11 0
1.11396e+11 4.43225e+09
1.03926e+12 1.14273e+10
1.04561e+12 1.37874e+10
121
1.37029e+11 0
1.37242e+11 0
1.99311e+11 0
1.11904e+11 4.57594e+09
1.04402e+12 1.14706e+10
1.05176e+12 1.45199e+10
122
1.39561e+11 0
1.39786e+11 0
2.04571e+11 0
1.17281e+11 4.3204e+09
1.09307e+12 1.10493e+10
1.10055e+12 1.39068e+10
123
1.44659e+11 0
1.44924e+11 0
2.14985e+11 0
1.27599e+11 3.13988e+09
1.18667e+12 8.49177e+09
1.19402e+12 1.09695e+10
124
1.37103e+11 0
1.37311e+11 0
1.99216e+11 0
1.11971e+11 4.4257e+09
1.04862e+12 1.14294e+10
1.05592e+12 1.41354e+10
125
1.47268e+11 0
1.47551e+11 0
2.20214e+11 0
1.32571e+11 2.56526e+09
1.23551e+12 7.03079e+09
1.24246e+12 9.03588e+09
126
1.37216e+11 0
1.37422e+11 0
1.99111e+11 0
1.11752e+11 4.79184e+09
1.05504e+12 1.2262e+10
1.06194e+12 1.53211e+10
127
1.2968e+11 0
1.29839e+11 0
1.8322e+11 0
9.64362e+10 6.43876e+09
9.15866e+11 1.62452e+10
9.23571e+11 1.98806e+10
128
1.3978e+11 0
1.40015e+11 0
2.04537e+11 0
1.17673e+11 4.27816e+09
1.1074e+12 1.15484e+10
1.1157e+12 1.51005e+10
129
1.42451e+11 0
1.42759e+11 0
2.09631e+11 0
1.22461e+11 4.05138e+09
1.15376e+12 1.07726e+10
1.16167e+12 1.38215e+10
130
1.39883e+11 0
1.40177e+11 0
2.04396e+11 0
1.17168e+11 4.28061e+09
1.10889e+12 1.09362e+10
1.11591e+12 1.33144e+10
131
1.42441e+11 0
1.4275e+11 0
2.0971e+11 0
1.22399e+11 3.88152e+09
1.15735e+12 1.00609e+10
1.16446e+12 1.23923e+10
132
1.39774e+11 0
1.40058e+11 0
2.04635e+11 0
1.17379e+11 4.39342e+09
1.1148e+12 1.10938e+10
1.12177e+12 1.35862e+10
133
1.37273e+11 0
1.37556e+11 0
1.99246e+11 0
1.12655e+11 5.46686e+09
1.06837e+12 1.37418e+10
1.07634e+12 1.69442e+10
134
1.34733e+11 0
1.34995e+11 0
1.9401e+11 0
1.08095e+11 5.8903e+09
1.02718e+12 1.51215e+10
1.0365e+12 1.94884e+10
135
1.44922e+11 0
1.45257e+11 0
2.15458e+11 0
1.28247e+11 3.30436e+09
1.21683e+12 8.53029e+09
1.22488e+12 1.11371e+10
136
1.42369e+11 0
1.42677e+11 0
2.1024e+11 0
1.22745e+11 4.07711e+09
1.17255e+12 1.01569e+10
1.18096e+12 1.33574e+10
137
1.39816e+11 0
1.40112e+11 0
2.04688e+11 0
1.18398e+11 4.8405e+09
1.12711e+12 1.25692e+10
1.1361e+12 1.64175e+10
138
1.39865e+11 0
1.40168e+11 0
2.04689e+11 0
1.18789e+11 5.02004e+09
1.13047e+12 1.30144e+10
1.13996e+12 1.70856e+10
139
1.37424e+11 0
1.37713e+11 0
1.99359e+11 0
1.13016e+11 5.45731e+09
1.08816e+12 1.42276e+10
1.09604e+12 1.77312e+10
140
1.34771e+11 0
1.35024e+11 0
1.9419e+11 0
1.07901e+11 6.2737e+09
1.0433e+12 1.59806e+10
1.05215e+12 2.0269e+10
141
1.39936e+11 0
1.40231e+11 0
2.04895e+11 0
1.18267e+11 5.00103e+09
1.14061e+12 1.2869e+10
1.14956e+12 1.69369e+10
142
1.32368e+11 0
1.32617e+11 0
1.88816e+11 0
1.0303e+11 7.26639e+09
1.00259e+12 1.82629e+10
1.01197e+12 2.3403e+10
143
1.39858e+11 0
1.40148e+11 0
2.04899e+11 0
1.18671e+11 5.17871e+09
1.14287e+12 1.32773e+10
1.15203e+12 1.70888e+10
144
1.37379e+11 0
1.37652e+11 0
1.99525e+11 0
1.13777e+11 6.16008e+09
1.10111e+12 1.5842e+10
1.11008e+12 2.02246e+10
145
1.4248e+11 0
1.42796e+11 0
2.10341e+11 0
1.24755e+11 4.74447e+09
1.19701e+12 1.27211e+10
1.20744e+12 1.67507e+10
146
1.37513e+11 0
1.37797e+11 0
1.99697e+11 0
1.14036e+11 6.25445e+09
1.10735e+12 1.59716e+10
1.11727e+12 2.07962e+10
147
1.34952e+11 0
1.35213e+11 0
1.94181e+11 0
1.08925e+11 6.81475e+09
1.0613e+12 1.70831e+10
1.06976e+12 2.12415e+10
148
1.40092e+11 0
1.40396e+11 0
2.05073e+11 0
1.19545e+11 5.74383e+09
1.15789e+12 1.49803e+10
1.16815e+12 1.9309e+10
149
1.42487e+11 0
1.42795e+11 0
2.10357e+11 0
1.24722e+11 4.72561e+09
1.20615e+12 1.19824e+10
1.21432e+12 1.4659e+10
150
1.47627e+11 0
1.47971e+11 0
2.21184e+11 0
1.34849e+11 3.34238e+09
1.304e+12 8.74389e+09
1.3123e+12 1.0932e+10
151
1.4257e+11 0
1.42875e+11 0
2.10567e+11 0
1.2517e+11 4.80091e+09
1.21673e+12 1.28114e+10
1.22626e+12 1.68417e+10
152
1.40115e+11 0
1.40403e+11 0
2.0515e+11 0
1.19932e+11 5.75227e+09
1.1717e+12 1.47014e+10
1.18064e+12 1.87297e+10
153
1.40108e+11 0
1.40405e+11 0
2.05218e+11 0
1.20822e+11 5.79041e+09
1.17347e+12 1.51099e+10
1.18413e+12 1.96487e+10
154
1.47773e+11 0
1.48118e+11 0
2.21151e+11 0
1.35223e+11 3.38436e+09
1.3165e+12 8.91455e+09
1.32556e+12 1.19654e+10
155
1.40285e+11 0
1.40588e+11 0
2.04986e+11 0
1.21415e+11 6.12277e+09
1.17916e+12 1.62415e+10
1.18971e+12 2.12915e+10
156
1.37578e+11 0
1.37846e+11 0
2.00079e+11 0
1.16484e+11 6.67752e+09
1.14053e+12 1.77471e+10
1.15106e+12 2.29317e+10
157
1.29933e+11 0
1.30134e+11 0
1.8426e+11 0
1.01019e+11 9.24495e+09
1.00376e+12 2.3291e+10
1.01443e+12 2.96918e+10
158
1.37703e+11 0
1.37966e+11 0
2.00111e+11 0
1.16309e+11 7.09637e+09
1.14583e+12 1.82186e+10
1.15581e+12 2.33223e+10
159
1.29972e+11 0
1.3018e+11 0
1.8433e+11 0
1.02437e+11 9.43867e+09
1.01161e+12 2.47503e+10
1.02355e+12 3.16313e+10
160
1.45336e+11 0
1.45659e+11 0
2.16286e+11 0
1.31293e+11 4.58661e+09
1.29254e+12 1.22973e+10
1.30198e+12 1.56085e+10
161
1.40395e+11 0
1.40676e+11 0
2.05367e+11 0
1.21875e+11 6.47796e+09
1.20221e+12 1.72367e+10
1.21171e+12 2.2065e+10
162
1.40298e+11 0
1.40583e+11 0
2.05652e+11 0
1.21824e+11 6.66336e+09
1.20384e+12 1.73076e+10
1.21484e+12 2.21772e+10
163
1.40206e+11 0
1.40498e+11 0
2.05733e+11 0
1.22337e+11 6.81473e+09
1.20706e+12 1.75369e+10
1.2185e+12 2.2375e+10
164
1.42908e+11 0
1.43211e+11 0
2.11195e+11 0
1.27625e+11 5.80329e+09
1.26091e+12 1.54793e+10
1.27294e+12 2.04631e+10
165
1.35184e+11 0
1.35432e+11 0
1.95283e+11 0
1.13915e+11 8.39566e+09
1.12513e+12 2.2051e+10
1.13807e+12 2.81875e+10
166
1.40383e+11 0
1.40666e+11 0
2.05924e+11 0
1.22838e+11 6.80342e+09
1.2181e+12 1.74511e+10
1.23052e+12 2.20702e+10
167
1.42996e+11 0
1.43291e+11 0
2.1142e+11 0
1.27399e+11 5.87162e+09
1.2703e+12 1.5631e+10
1.28362e+12 2.0292e+10
168
1.4051e+11 0
1.40784e+11 0
2.06022e+11 0
1.23434e+11 7.08592e+09
1.22544e+12 1.8727e+10
1.24036e+12 2.46216e+10
169
1.37989e+11 0
1.38236e+11 0
2.00785e+11 0
1.18574e+11 8.12681e+09
1.18201e+12 2.1108e+10
1.19595e+12 2.68995e+10
170
1.37882e+11 0
1.38141e+11 0
2.01039e+11 0
1.18999e+11 8.048e+09
1.18678e+12 2.08949e+10
1.20101e+12 2.66521e+10
171
1.40546e+11 0
1.40824e+11 0
2.06305e+11 0
1.23785e+11 7.30881e+09
1.23115e+12 1.9e+10
1.24605e+12 2.44709e+10
172
1.35474e+11 0
1.35711e+11 0
1.95718e+11 0
1.15641e+11 9.40238e+09
1.14349e+12 2.51038e+10
1.15987e+12 3.23857e+10
173
1.38084e+11 0
1.38334e+11 0
2.01182e+11 0
1.19469e+11 8.36736e+09
1.19062e+12 2.17606e+10
1.20562e+12 2.78885e+10
174
1.35484e+11 0
1.35727e+11 0
1.95978e+11 0
1.16617e+11 9.50967e+09
1.15015e+12 2.56982e+10
1.16753e+12 3.34802e+10
175
1.38083e+11 0
1.38344e+11 0
2.01441e+11 0
1.21277e+11 8.43197e+09
1.20038e+12 2.31658e+10
1.21715e+12 3.01287e+10
176
1.38155e+11 0
1.38403e+11 0
2.01593e+11 0
1.20347e+11 8.79493e+09
1.20112e+12 2.30249e+10
1.2167e+12 2.9567e+10
177
1.4079e+11 0
1.41058e+11 0
2.0687e+11 0
1.2504e+11 7.8684e+09
1.24651e+12 2.00745e+10
1.26078e+12 2.49662e+10
178
1.38243e+11 0
1.38487e+11 0
2.01586e+11 0
1.20522e+11 9.21116e+09
1.20426e+12 2.37975e+10
1.2197e+12 3.07342e+10
179
1.38305e+11 0
1.38556e+11 0
2.0165e+11 0
1.21875e+11 9.13048e+09
1.20571e+12 2.39974e+10
1.22142e+12 3.00423e+10
180
1.38331e+11 0
1.38576e+11 0
2.01787e+11 0
1.21903e+11 9.40204e+09
1.21105e+12 2.48339e+10
1.22747e+12 3.19334e+10
181
1.35787e+11 0
1.36024e+11 0
1.9642e+11 0
1.19067e+11 1.05493e+10
1.16664e+12 2.83363e+10
1.18569e+12 3.72086e+10
182
1.38456e+11 0
1.38697e+11 0
2.01807e+11 0
1.2211e+11 9.7275e+09
1.21361e+12 2.54429e+10
1.22959e+12 3.23355e+10
183
1.38443e+11 0
1.38695e+11 0
2.01851e+11 0
1.23308e+11 9.80653e+09
1.21459e+12 2.63624e+10
1.2322e+12 3.3503e+10
184
1.41215e+11 0
1.41472e+11 0
2.07281e+11 0
1.27912e+11 8.67405e+09
1.26466e+12 2.33204e+10
1.28136e+12 2.94795e+10
185
1.41193e+11 0
1.41465e+11 0
2.07664e+11 0
1.27979e+11 8.9258e+09
1.26792e+12 2.43964e+10
1.28709e+12 3.19891e+10
186
1.36073e+11 0
1.36297e+11 0
1.97025e+11 0
1.19588e+11 1.09541e+10
1.17885e+12 2.91116e+10
1.19691e+12 3.69509e+10
187
1.41384e+11 0
1.41636e+11 0
2.07679e+11 0
1.28743e+11 9.41799e+09
1.27518e+12 2.51488e+10
1.29192e+12 3.15743e+10
188
1.38763e+11 0
1.39005e+11 0
2.0264e+11 0
1.24399e+11 1.04752e+10
1.23006e+12 2.75125e+10
1.24842e+12 3.54211e+10
189
1.46589e+11 0
1.46896e+11 0
2.1862e+11 0
1.37501e+11 7.29121e+09
1.37021e+12 1.98259e+10
1.38766e+12 2.51955e+10
190
1.38803e+11 0
1.39059e+11 0
2.02841e+11 0
1.25299e+11 1.05229e+10
1.23627e+12 2.83854e+10
1.25619e+12 3.67824e+10
191
1.46715e+11 0
1.47029e+11 0
2.18826e+11 0
1.38138e+11 7.23737e+09
1.3747e+12 2.04312e+10
1.39382e+12 2.62333e+10
192
1.46793e+11 0
1.47086e+11 0
2.1919e+11 0
1.36986e+11 7.42255e+09
1.3785e+12 1.96803e+10
1.39466e+12 2.4424e+10
193
1.46776e+11 0
1.47084e+11 0
2.19154e+11 0
1.37985e+11 7.41474e+09
1.38342e+12 2.0374e+10
1.40156e+12 2.65035e+10
194
1.46837e+11 0
1.47258e+11 0
2.19314e+11 0
1.38188e+11 7.70601e+09
1.38593e+12 2.07776e+10
1.40312e+12 2.60856e+10
195
1.46833e+11 0
1.47185e+11 0
2.19347e+11 0
1.3851e+11 7.554e+09
1.3882e+12 2.10581e+10
1.40661e+12 2.65608e+10
196
1.36453e+11 0
1.36681e+11 0
1.98159e+11 0
1.22117e+11 1.32983e+10
1.20451e+12 3.49541e+10
1.22551e+12 4.52667e+10
197
1.41702e+11 0
1.41956e+11 0
2.08974e+11 0
1.30908e+11 1.06264e+10
1.30125e+12 2.83241e+10
1.32083e+12 3.61062e+10
198
1.36557e+11 0
1.36787e+11 0
1.98395e+11 0
1.23911e+11 1.339e+10
1.21116e+12 3.66112e+10
1.23661e+12 4.86532e+10
199
1.3404e+11 0
1.34236e+11 0
1.933e+11 0
1.19142e+11 1.49128e+10
1.16656e+12 3.93516e+10
1.18846e+12 4.98431e+10
200
1.31598e+11 0
1.3177e+11 0
1.87929e+11 0
1.16024e+11 1.68227e+10
1.12216e+12 4.42357e+10
1.14535e+12 5.70004e+10
201
1.41961e+11 0
1.42228e+11 0
2.09673e+11 0
1.32341e+11 1.12697e+10
1.31284e+12 3.06884e+10
1.33326e+12 3.90194e+10
202
1.42106e+11 0
1.42356e+11 0
2.09862e+11 0
1.31906e+11 1.13323e+10
1.31547e+12 2.97279e+10
1.33485e+12 3.75323e+10
203
1.44707e+11 0
1.44996e+11 0
2.15354e+11 0
1.36361e+11 1.04157e+10
1.36201e+12 2.74243e+10
1.38136e+12 3.45514e+10
204
1.44918e+11 0
1.45188e+11 0
2.1552e+11 0
1.36487e+11 1.05232e+10
1.3669e+12 2.81665e+10
1.38704e+12 3.56635e+10
205
1.37181e+11 0
1.37402e+11 0
1.99518e+11 0
1.25905e+11 1.52697e+10
1.2292e+12 4.1104e+10
1.2545e+12 5.38189e+10
206
1.50284e+11 0
1.50596e+11 0
2.26817e+11 0
1.44477e+11 7.56205e+09
1.46858e+12 2.04525e+10
1.48731e+12 2.60382e+10
207
1.42599e+11 0
1.42852e+11 0
2.10768e+11 0
1.33568e+11 1.27014e+10
1.32711e+12 3.37946e+10
1.34867e+12 4.30305e+10
208
1.34736e+11 0
1.34931e+11 0
1.94837e+11 0
1.21971e+11 1.74963e+10
1.18797e+12 4.46152e+10
1.20968e+12 5.62163e+10
209
1.47857e+11 0
1.48164e+11 0
2.22391e+11 0
1.41963e+11 9.68337e+09
1.42866e+12 2.63369e+10
1.45014e+12 3.44312e+10
210
1.40114e+11 0
1.4036e+11 0
2.06378e+11 0
1.30836e+11 1.4766e+10
1.29015e+12 3.90747e+10
1.31308e+12 5.03159e+10
211
1.45436e+11 0
1.45706e+11 0
2.17661e+11 0
1.38116e+11 1.13179e+10
1.38565e+12 2.98982e+10
1.40705e+12 3.83871e+10
212
1.40378e+11 0
1.40628e+11 0
2.06982e+11 0
1.32344e+11 1.51844e+10
1.28844e+12 4.10347e+10
1.31432e+12 5.35291e+10
213
1.40419e+11 0
1.4067e+11 0
2.07412e+11 0
1.32543e+11 1.57847e+10
1.29912e+12 4.21473e+10
1.32266e+12 5.38364e+10
214
1.38e+11 0
1.38219e+11 0
2.02321e+11 0
1.29843e+11 1.75318e+10
1.25021e+12 4.74224e+10
1.27653e+12 6.09018e+10
215
1.45912e+11 0
1.46197e+11 0
2.19015e+11 0
1.3967e+11 1.29258e+10
1.39713e+12 3.3939e+10
1.41853e+12 4.25816e+10
216
1.50982e+11 0
1.51352e+11 0
2.3035e+11 0
1.47406e+11 9.15782e+09
1.49421e+12 2.52237e+10
1.51456e+12 3.15028e+10
217
1.43392e+11 0
1.43671e+11 0
2.1441e+11 0
1.37048e+11 1.49386e+10
1.35231e+12 3.95144e+10
1.37612e+12 5.07614e+10
218
1.48469e+11 0
1.48853e+11 0
2.25841e+11 0
1.45121e+11 1.06565e+10
1.45274e+12 2.91562e+10
1.47516e+12 3.72234e+10
219
1.435e+11 0
1.4378e+11 0
2.15319e+11 0
1.37823e+11 1.52565e+10
1.36003e+12 4.06298e+10
1.3845e+12 5.21589e+10
220
1.41041e+11 0
1.4129e+11 0
2.10142e+11 0
1.35403e+11 1.76967e+10
1.3138e+12 4.72124e+10
1.33968e+12 5.88604e+10
221
1.41101e+11 0
1.41351e+11 0
2.10569e+11 0
1.35408e+11 1.82134e+10
1.31734e+12 4.75667e+10
1.34271e+12 5.95242e+10
222
1.48966e+11 0
1.49313e+11 0
2.27299e+11 0
1.47259e+11 1.17458e+10
1.46568e+12 3.37775e+10
1.49204e+12 4.39304e+10
223
1.48991e+11 0
1.49337e+11 0
2.27968e+11 0
1.46603e+11 1.24415e+10
1.47336e+12 3.39829e+10
1.49649e+12 4.31121e+10
224
1.38592e+11 0
1.38839e+11 0
2.06306e+11 0
1.33339e+11 2.02043e+10
1.27831e+12 5.26628e+10
1.30614e+12 6.86343e+10
225
1.48818e+11 0
1.49187e+11 0
2.2888e+11 0
1.47457e+11 1.20997e+10
1.47694e+12 3.27485e+10
1.50086e+12 4.19455e+10
226
1.46373e+11 0
1.46717e+11 0
2.23513e+11 0
1.44138e+11 1.47556e+10
1.42384e+12 3.80037e+10
1.45093e+12 4.88716e+10
227
1.41502e+11 0
1.41768e+11 0
2.1301e+11 0
1.38867e+11 1.92698e+10
1.33754e+12 5.09689e+10
1.36532e+12 6.3351e+10
228
1.46432e+11 0
1.4678e+11 0
2.24314e+11 0
1.46122e+11 1.4444e+10
1.43403e+12 3.86668e+10
1.46248e+12 4.85186e+10
229
1.39081e+11 0
1.39346e+11 0
2.07676e+11 0
1.3791e+11 2.21872e+10
1.28891e+12 5.79802e+10
1.32093e+12 7.37073e+10
230
1.36587e+11 0
1.36813e+11 0
2.02381e+11 0
1.33686e+11 2.40774e+10
1.24035e+12 6.15408e+10
1.27174e+12 7.92531e+10
231
1.39097e+11 0
1.39344e+11 0
2.08207e+11 0
1.3868e+11 2.14402e+10
1.29575e+12 5.60748e+10
1.32883e+12 7.28384e+10
232
1.41774e+11 0
1.42074e+11 0
2.14329e+11 0
1.43187e+11 2.06856e+10
1.34566e+12 5.35086e+10
1.37752e+12 6.80836e+10
233
1.46903e+11 0
1.47284e+11 0
2.25823e+11 0
1.48165e+11 1.63442e+10
1.43658e+12 4.26857e+10
1.46774e+12 5.38062e+10
234
1.41875e+11 0
1.42167e+11 0
2.14894e+11 0
1.435e+11 2.0467e+10
1.35202e+12 5.31359e+10
1.38391e+12 6.73734e+10
235
1.49452e+11 0
1.49801e+11 0
2.32475e+11 0
1.51091e+11 1.33826e+10
1.50384e+12 3.47735e+10
1.53226e+12 4.43755e+10
236
1.37092e+11 0
1.37322e+11 0
2.03555e+11 0
1.39969e+11 2.52598e+10
1.25911e+12 6.61454e+10
1.29452e+12 8.48334e+10
237
1.42198e+11 0
1.42488e+11 0
2.15641e+11 0
1.45039e+11 2.14905e+10
1.36121e+12 5.56292e+10
1.39343e+12 7.09623e+10
238
1.42265e+11 0
1.42549e+11 0
2.15737e+11 0
1.4655e+11 2.16875e+10
1.36197e+12 5.65171e+10
1.39622e+12 7.25846e+10
239
1.49915e+11 0
1.50286e+11 0
2.33754e+11 0
1.53525e+11 1.50978e+10
1.51496e+12 3.99309e+10
1.54395e+12 4.97019e+10
240
1.44989e+11 0
1.45319e+11 0
2.22354e+11 0
1.49317e+11 2.01832e+10
1.42085e+12 5.33462e+10
1.45446e+12 6.84539e+10
241
1.45071e+11 0
1.4541e+11 0
2.22336e+11 0
1.51163e+11 2.01315e+10
1.41993e+12 5.4061e+10
1.45723e+12 6.99406e+10
242
1.50193e+11 0
1.50565e+11 0
2.34363e+11 0
1.5492e+11 1.58349e+10
1.5221e+12 4.18208e+10
1.55331e+12 5.28344e+10
243
1.42765e+11 0
1.43039e+11 0
2.1697e+11 0
1.49097e+11 2.25626e+10
1.3774e+12 5.94768e+10
1.4122e+12 7.59956e+10
244
1.45429e+11 0
1.45722e+11 0
2.23063e+11 0
1.5268e+11 2.08367e+10
1.4314e+12 5.49793e+10
1.4658e+12 6.98095e+10
245
1.40553e+11 0
1.40798e+11 0
2.11385e+11 0
1.49397e+11 2.59971e+10
1.33318e+12 6.82134e+10
1.37012e+12 8.67166e+10
246
1.50645e+11 0
1.50999e+11 0
2.35357e+11 0
1.57122e+11 1.63583e+10
1.53253e+12 4.38264e+10
1.56539e+12 5.53389e+10
247
1.43311e+11 0
1.43591e+11 0
2.1779e+11 0
1.52984e+11 2.43346e+10
1.39262e+12 6.49432e+10
1.43184e+12 8.28974e+10
248
1.43421e+11 0
1.43691e+11 0
2.17855e+11 0
1.51667e+11 2.4247e+10
1.3893e+12 6.32222e+10
1.42647e+12 8.11701e+10
249
1.43545e+11 0
1.43856e+11 0
2.17942e+11 0
1.55384e+11 2.51346e+10
1.39191e+12 6.73187e+10
1.43413e+12 8.63441e+10
250
1.5609e+11 0
1.56535e+11 0
2.48135e+11 0
1.6245e+11 1.18576e+10
1.64186e+12 3.21741e+10
1.67181e+12 3.95054e+10
251
1.4866e+11 0
1.48997e+11 0
2.30429e+11 0
1.58147e+11 2.0256e+10
1.49666e+12 5.45517e+10
1.53391e+12 6.92493e+10
252
1.46384e+11 0
1.46669e+11 0
2.24846e+11 0
1.57118e+11 2.29999e+10
1.45673e+12 6.20253e+10
1.49488e+12 7.87133e+10
253
1.4889e+11 0
1.49212e+11 0
2.30895e+11 0
1.57914e+11 2.12938e+10
1.503e+12 5.6852e+10
1.53889e+12 7.21974e+10
254
1.3918e+11 0
1.39421e+11 0
2.07239e+11 0
1.53138e+11 3.26898e+10
1.31768e+12 8.80842e+10
1.36239e+12 1.12479e+11
255
1.46694e+11 0
1.46996e+11 0
2.25594e+11 0
1.55842e+11 2.49505e+10
1.47205e+12 6.78876e+10
1.51003e+12 8.62859e+10
256
1.44433e+11 0
1.44709e+11 0
2.19681e+11 0
1.57412e+11 2.80442e+10
1.4267e+12 7.56186e+10
1.46856e+12 9.63889e+10
257
1.44542e+11 0
1.44833e+11 0
2.19578e+11 0
1.55393e+11 2.84934e+10
1.4253e+12 7.72315e+10
1.46884e+12 9.88258e+10
258
1.52178e+11 0
1.52514e+11 0
2.38048e+11 0
1.58114e+11 1.93073e+10
1.58235e+12 5.19292e+10
1.61616e+12 6.51191e+10
259
1.52367e+11 0
1.52696e+11 0
2.38539e+11 0
1.61284e+11 2.01295e+10
1.59055e+12 5.46499e+10
1.62577e+12 6.86835e+10
260
1.47494e+11 0
1.47793e+11 0
2.26336e+11 0
1.56955e+11 2.62929e+10
1.49248e+12 7.06437e+10
1.53007e+12 9.10233e+10
261
1.4764e+11 0
1.47944e+11 0
2.26541e+11 0
1.57624e+11 2.68722e+10
1.49922e+12 7.27855e+10
1.5397e+12 9.356e+10
262
1.4782e+11 0
1.48108e+11 0
2.27059e+11 0
1.58584e+11 2.71526e+10
1.51081e+12 7.35798e+10
1.55169e+12 9.50534e+10
263
1.50458e+11 0
1.50791e+11 0
2.33189e+11 0
1.56574e+11 2.44455e+10
1.56156e+12 6.8304e+10
1.599e+12 8.63191e+10
264
1.45578e+11 0
1.45852e+11 0
2.2143e+11 0
1.52555e+11 3.18715e+10
1.47336e+12 8.64026e+10
1.51762e+12 1.10607e+11
265
1.46646e+11 0
1.45453e+11 0
2.17561e+11 0
1.49081e+11 3.60339e+10
1.42461e+12 9.94058e+10
1.47527e+12 1.27959e+11
266
1.47349e+11 0
1.47654e+11 0
2.23712e+11 0
1.50862e+11 3.3301e+10
1.4839e+12 9.00987e+10
1.52799e+12 1.14506e+11
267
1.48689e+11 0
1.48995e+11 0
2.28181e+11 0
1.54541e+11 3.04791e+10
1.5297e+12 8.25659e+10
1.57057e+12 1.04044e+11
268
1.48897e+11 0
1.49216e+11 0
2.28389e+11 0
1.52636e+11 3.07417e+10
1.53411e+12 8.47609e+10
1.57943e+12 1.09214e+11
269
1.49127e+11 0
1.49449e+11 0
2.28715e+11 0
1.53347e+11 3.10617e+10
1.53364e+12 8.76551e+10
1.57685e+12 1.12291e+11
270
1.49212e+11 0
1.49536e+11 0
2.2893e+11 0
1.53788e+11 3.21218e+10
1.54068e+12 8.91703e+10
1.57975e+12 1.13782e+11
271
1.59355e+11 0
1.59781e+11 0
2.53112e+11 0
1.64433e+11 1.67429e+10
1.74602e+12 4.68523e+10
1.77718e+12 5.99328e+10
272
1.42078e+11 0
1.42326e+11 0
2.11e+11 0
1.44508e+11 4.59118e+10
1.39621e+12 1.24818e+11
1.44428e+12 1.59762e+11
273
1.54775e+11 0
1.55131e+11 0
2.4192e+11 0
1.61589e+11 2.61359e+10
1.66999e+12 7.21533e+10
1.70212e+12 9.03983e+10
274
1.49961e+11 0
1.50316e+11 0
2.29521e+11 0
1.54153e+11 3.36782e+10
1.55638e+12 9.75363e+10
1.59777e+12 1.26551e+11
275
1.50183e+11 0
1.50523e+11 0
2.29733e+11 0
1.54064e+11 3.49657e+10
1.56573e+12 9.77444e+10
1.60739e+12 1.25306e+11
276
1.57788e+11 0
1.58174e+11 0
2.48432e+11 0
1.6263e+11 2.24472e+10
1.74033e+12 6.20624e+10
1.77037e+12 7.87194e+10
277
1.50637e+11 0
1.50922e+11 0
2.30449e+11 0
1.54584e+11 3.65176e+10
1.59121e+12 9.91134e+10
1.62559e+12 1.26062e+11
278
1.45749e+11 0
1.45996e+11 0
2.18275e+11 0
1.48215e+11 4.65733e+10
1.49347e+12 1.25972e+11
1.53189e+12 1.60098e+11
279
1.53556e+11 0
1.53902e+11 0
2.36241e+11 0
1.57539e+11 3.34805e+10
1.6482e+12 9.49464e+10
1.68821e+12 1.20218e+11
280
1.53765e+11 0
1.54094e+11 0
2.36787e+11 0
1.58081e+11 3.38121e+10
1.66595e+12 9.96998e+10
1.70114e+12 1.24761e+11
281
1.46551e+11 0
1.46776e+11 0
2.18919e+11 0
1.501e+11 4.83237e+10
1.53058e+12 1.41212e+11
1.56814e+12 1.74976e+11
282
1.51654e+11 0
1.51972e+11 0
2.30844e+11 0
1.57307e+11 3.90151e+10
1.62857e+12 1.28563e+11
1.67188e+12 1.59232e+11
283
1.49492e+11 0
1.49774e+11 0
2.24999e+11 0
1.56101e+11 4.49595e+10
1.583e+12 1.54313e+11
1.63026e+12 1.90653e+11
284
1.59709e+11 0
1.60106e+11 0
2.49195e+11 0
1.67288e+11 2.54939e+10
1.79296e+12 1.17886e+11
1.8361e+12 1.42597e+11
285
1.55109e+11 0
1.55442e+11 0
2.37485e+11 0
1.62401e+11 3.59704e+10
1.70267e+12 1.59286e+11
1.74752e+12 1.89248e+11
286
1.455e+11 0
1.45776e+11 0
2.1298e+11 0
1.53379e+11 5.75662e+10
1.49323e+12 2.23996e+11
1.5469e+12 2.73006e+11
287
1.53056e+11 0
1.53385e+11 0
2.31157e+11 0
1.60817e+11 4.09402e+10
1.65587e+12 2.05927e+11
1.70195e+12 2.41653e+11
288
1.53193e+11 0
1.53532e+11 0
2.31003e+11 0
1.60893e+11 3.95851e+10
1.65454e+12 2.38434e+11
1.70103e+12 2.84356e+11
289
1.48567e+11 0
1.48854e+11 0
2.19184e+11 0
1.56569e+11 5.11239e+10
1.56254e+12 3.04805e+11
1.611e+12 3.45734e+11
290
1.60919e+11 0
1.61354e+11 0
2.49305e+11 0
1.70296e+11 2.59304e+10
1.81498e+12 2.50916e+11
1.86068e+12 2.6849e+11
291
1.56401e+11 0
1.56779e+11 0
2.37459e+11 0
1.66161e+11 3.62307e+10
1.72759e+12 2.88198e+11
1.77611e+12 3.18207e+11
292
1.54108e+11 0
1.5447e+11 0
2.31462e+11 0
1.63729e+11 3.90575e+10
1.67624e+12 3.04959e+11
1.72494e+12 3.33218e+11
293
1.56597e+11 0
1.57001e+11 0
2.37362e+11 0
1.68248e+11 3.62e+10
1.73449e+12 2.99993e+11
1.78609e+12 3.2781e+11
294
1.52125e+11 0
1.52453e+11 0
2.26073e+11 0
1.6228e+11 4.43506e+10
1.6462e+12 3.28047e+11
1.69576e+12 3.53778e+11
295
1.57242e+11 0
1.57622e+11 0
2.38024e+11 0
1.67195e+11 3.41704e+10
1.7508e+12 3.10023e+11
1.79815e+12 3.29367e+11
296
1.55121e+11 0
1.55505e+11 0
2.32155e+11 0
1.65671e+11 4.0292e+10
1.7026e+12 3.34671e+11
1.75688e+12 3.56854e+11
297
1.56801e+11 0
1.57474e+11 0
2.32368e+11 0
1.66767e+11 3.94376e+10
1.70989e+12 3.39638e+11
1.76161e+12 3.64601e+11
298
1.55724e+11 0
1.56443e+11 0
2.32598e+11 0
1.66906e+11 3.83984e+10
1.71796e+12 3.50766e+11
1.76896e+12 3.75635e+11
299
1.5595e+11 0
1.56321e+11 0
2.32753e+11 0
1.66989e+11 3.76743e+10
1.7196e+12 3.60793e+11
1.77306e+12 3.89076e+11
300
1.56135e+11 0
1.56505e+11 0
2.33045e+11 0
1.68292e+11 3.66957e+10
1.72822e+12 3.74086e+11
1.78126e+12 4.03799e+11
301
1.53817e+11 0
1.54191e+11 0
2.27334e+11 0
1.6647e+11 4.5501e+10
1.67443e+12 3.95755e+11
1.73374e+12 4.31975e+11
302
1.56723e+11 0
1.57114e+11 0
2.33528e+11 0
1.68702e+11 4.0394e+10
1.73529e+12 4.00326e+11
1.79204e+12 4.33777e+11
303
1.51707e+11 0
1.52089e+11 0
2.21177e+11 0
1.65295e+11 4.72802e+10
1.62325e+12 4.33024e+11
1.68702e+12 4.75032e+11
304
1.54477e+11 0
1.54844e+11 0
2.27602e+11 0
1.66679e+11 3.94721e+10
1.68765e+12 4.43573e+11
1.7454e+12 4.79481e+11
305
1.54683e+11 0
1.55019e+11 0
2.27875e+11 0
1.67937e+11 3.94527e+10
1.69677e+12 4.61739e+11
1.75399e+12 4.98007e+11
306
1.57572e+11 0
1.57893e+11 0
2.33858e+11 0
1.69937e+11 3.60822e+10
1.74563e+12 4.66723e+11
1.80333e+12 5.00786e+11
307
1.58102e+11 0
1.58438e+11 0
2.34399e+11 0
1.70001e+11 3.43263e+10
1.7491e+12 4.82624e+11
1.81169e+12 5.20292e+11
308
1.63663e+11 0
1.64025e+11 0
2.46978e+11 0
1.74383e+11 2.70243e+10
1.86724e+12 4.84223e+11
1.9241e+12 5.13439e+11
309
1.58701e+11 0
1.59051e+11 0
2.34754e+11 0
1.70963e+11 3.50028e+10
1.75487e+12 5.21898e+11
1.81739e+12 5.60853e+11
310
1.56545e+11 0
1.56902e+11 0
2.28964e+11 0
1.69447e+11 3.98326e+10
1.70119e+12 5.49936e+11
1.7683e+12 5.94601e+11
311
1.57131e+11 0
1.57472e+11 0
2.29682e+11 0
1.68804e+11 4.00221e+10
1.71552e+12 5.78666e+11
1.77828e+12 6.20094e+11
312
1.57653e+11 0
1.58017e+11 0
2.302e+11 0
1.69513e+11 4.00911e+10
1.71854e+12 5.97942e+11
1.78446e+12 6.42601e+11
313
1.60394e+11 0
1.60787e+11 0
2.36366e+11 0
1.71847e+11 3.62794e+10
1.77132e+12 6.09076e+11
1.83644e+12 6.51622e+11
314
1.60707e+11 0
1.61126e+11 0
2.36719e+11 0
1.72466e+11 3.74245e+10
1.76948e+12 6.28203e+11
1.84039e+12 6.75545e+11
315
1.55533e+11 0
1.55892e+11 0
2.24716e+11 0
1.69136e+11 4.70006e+10
1.6721e+12 6.8242e+11
1.74225e+12 7.35588e+11
316
1.58422e+11 0
1.58746e+11 0
2.30765e+11 0
1.71026e+11 4.32492e+10
1.71858e+12 6.9673e+11
1.78944e+12 7.47485e+11
317
1.61404e+11 0
1.6182e+11 0
2.37595e+11 0
1.73232e+11 3.88411e+10
1.78164e+12 7.19362e+11
1.84695e+12 7.63474e+11
318
1.59247e+11 0
1.59739e+11 0
2.31985e+11 0
1.71716e+11 4.39493e+10
1.71893e+12 7.49297e+11
1.79199e+12 8.05156e+11
319
1.59117e+11 0
1.59558e+11 0
2.31893e+11 0
1.7129e+11 4.45833e+10
1.72476e+12 7.94353e+11
1.79282e+12 8.45585e+11
320
1.56626e+11 0
1.57069e+11 0
2.26162e+11 0
1.70147e+11 5.00692e+10
1.67232e+12 8.36482e+11
1.74398e+12 8.95083e+11
321
1.62207e+11 0
1.62678e+11 0
2.38987e+11 0
1.74277e+11 4.09641e+10
1.7867e+12 8.64267e+11
1.85046e+12 9.14423e+11
322
1.56865e+11 0
1.57283e+11 0
2.26429e+11 0
1.70807e+11 5.13776e+10
1.66906e+12 9.05052e+11
1.73573e+12 9.68693e+11
323
1.59647e+11 0
1.60136e+11 0
2.32753e+11 0
1.7338e+11 4.71882e+10
1.7277e+12 9.36156e+11
1.79325e+12 9.85429e+11
324
1.70816e+11 0
1.71365e+11 0
2.57946e+11 0
1.80138e+11 2.71267e+10
1.95736e+12 9.28458e+11
2.01049e+12 9.67086e+11
325
1.59844e+11 0
1.60331e+11 0
2.33309e+11 0
1.73755e+11 4.83943e+10
1.73994e+12 9.61747e+11
1.80874e+12 1.01852e+12
326
1.65667e+11 0
1.66218e+11 0
2.46171e+11 0
1.78009e+11 3.83183e+10
1.84967e+12 9.7757e+11
1.91773e+12 1.02908e+12
327
1.6008e+11 0
1.60559e+11 0
2.34273e+11 0
1.74519e+11 4.93335e+10
1.76068e+12 1.0251e+12
1.82658e+12 1.07926e+12
328
1.63228e+11 0
1.6366e+11 0
2.41105e+11 0
1.76797e+11 4.37885e+10
1.81544e+12 1.0465e+12
1.88278e+12 1.10105e+12
329
1.63421e+11 0
1.63869e+11 0
2.41331e+11 0
1.78207e+11 4.48497e+10
1.81728e+12 1.07131e+12
1.88716e+12 1.13032e+12
330
1.69574e+11 0
1.70031e+11 0
2.54499e+11 0
1.8087e+11 3.42832e+10
1.94325e+12 1.11743e+12
2.00536e+12 1.16494e+12
331
1.63786e+11 0
1.64209e+11 0
2.41921e+11 0
1.77497e+11 4.52438e+10
1.83642e+12 1.15347e+12
1.9007e+12 1.2065e+12
332
1.70116e+11 0
1.70582e+11 0
2.55095e+11 0
1.81518e+11 3.4588e+10
1.94677e+12 1.18622e+12
2.01173e+12 1.23677e+12
333
1.70437e+11 0
1.70924e+11 0
2.5583e+11 0
1.82182e+11 3.45032e+10
1.95571e+12 1.22639e+12
2.0211e+12 1.27821e+12
334
1.64548e+11 0
1.6502e+11 0
2.43083e+11 0
1.80513e+11 4.68878e+10
1.84592e+12 1.25491e+12
1.913e+12 1.31739e+12
335
1.5852e+11 0
1.58966e+11 0
2.30834e+11 0
1.79358e+11 5.88048e+10
1.74794e+12 1.28801e+12
1.82257e+12 1.36592e+12
336
1.68135e+11 0
1.68668e+11 0
2.50462e+11 0
1.83296e+11 4.13211e+10
1.91248e+12 1.34678e+12
1.98527e+12 1.41392e+12
337
1.71977e+11 0
1.72211e+11 0
2.57813e+11 0
1.85068e+11 3.57441e+10
1.97844e+12 1.41612e+12
2.0559e+12 1.47889e+12
338
1.62453e+11 0
1.63021e+11 0
2.38514e+11 0
1.82145e+11 5.35327e+10
1.81589e+12 1.44756e+12
1.88871e+12 1.52024e+12
339
1.65799e+11 0
1.66458e+11 0
2.45318e+11 0
1.84725e+11 4.8516e+10
1.87289e+12 1.49472e+12
1.95022e+12 1.57505e+12
340
1.72077e+11 0
1.7274e+11 0
2.59723e+11 0
1.87937e+11 3.67858e+10
2.00893e+12 1.6062e+12
2.08003e+12 1.67567e+12
341
1.62327e+11 0
1.6289e+11 0
2.39955e+11 0
1.84392e+11 5.39484e+10
1.83821e+12 1.62517e+12
1.91249e+12 1.7031e+12
342
1.62227e+11 0
1.62761e+11 0
2.40523e+11 0
1.84952e+11 5.36856e+10
1.84717e+12 1.70159e+12
1.92006e+12 1.77574e+12
343
1.68685e+11 0
1.69338e+11 0
2.54208e+11 0
1.88455e+11 4.31102e+10
1.95468e+12 1.78089e+12
2.03223e+12 1.86452e+12
344
1.59119e+11 0
1.59733e+11 0
2.34225e+11 0
1.86844e+11 6.23832e+10
1.7781e+12 1.75799e+12
1.87128e+12 1.87363e+12
345
1.62255e+11 0
1.6285e+11 0
2.41846e+11 0
1.8797e+11 5.58984e+10
1.85526e+12 1.87707e+12
1.93982e+12 1.96635e+12
346
1.58874e+11 0
1.59471e+11 0
2.35706e+11 0
1.87867e+11 6.22055e+10
1.80762e+12 1.88479e+12
1.89342e+12 1.97299e+12
347
1.68673e+11 0
1.69329e+11 0
2.56126e+11 0
1.90844e+11 4.42292e+10
1.9876e+12 1.96893e+12
2.05835e+12 2.04052e+12
348
1.62148e+11 0
1.62649e+11 0
2.43804e+11 0
1.89195e+11 5.50439e+10
1.901e+12 1.97224e+12
1.96674e+12 2.0365e+12
349
1.7215e+11 0
1.72763e+11 0
2.71448e+11 0
1.92779e+11 3.78179e+10
2.10329e+12 2.03455e+12
2.15997e+12 2.07852e+12
350
1.68788e+11 0
1.69406e+11 0
2.59588e+11 0
1.91852e+11 4.34853e+10
2.04363e+12 2.04237e+12
2.12085e+12 2.15522e+12
351
1.59397e+11 0
1.59928e+11 0
2.39986e+11 0
1.90507e+11 6.32191e+10
1.87454e+12 1.98777e+12
1.96887e+12 2.0783e+12
352
1.59716e+11 0
1.60254e+11 0
2.39483e+11 0
1.92051e+11 6.46646e+10
1.88219e+12 1.95617e+12
1.98445e+12 2.00886e+12
353
1.65706e+11 0
1.66316e+11 0
2.54129e+11 0
1.93198e+11 5.12543e+10
1.98986e+12 1.9034e+12
2.08487e+12 1.90581e+12
354
1.62837e+11 0
1.63335e+11 0
2.48117e+11 0
1.93437e+11 5.81345e+10
1.94313e+12 1.64984e+12
2.03697e+12 1.64181e+12
355
1.633e+11 0
1.63935e+11 0
2.48786e+11 0
1.93289e+11 5.89564e+10
1.9422e+12 1.57798e+12
2.03825e+12 1.65621e+12
356
1.69891e+11 0
1.70602e+11 0
2.64477e+11 0
1.96631e+11 4.63097e+10
2.05361e+12 1.64486e+12
2.14613e+12 1.71655e+12
357
1.57069e+11 0
1.57588e+11 0
2.36627e+11 0
1.93165e+11 7.26897e+10
1.83105e+12 1.51557e+12
1.93115e+12 1.60559e+12
358
1.63619e+11 0
1.64266e+11 0
2.5196e+11 0
1.95279e+11 6.12088e+10
1.94078e+12 1.6249e+12
2.03918e+12 1.71444e+12
359
1.69927e+11 0
1.70598e+11 0
2.67262e+11 0
1.9717e+11 4.74893e+10
2.07164e+12 1.77647e+12
2.15954e+12 1.85473e+12
360
1.54406e+11 0
1.5491e+11 0
2.32187e+11 0
1.94416e+11 8.26776e+10
1.79212e+12 1.55784e+12
1.90031e+12 1.66454e+12
361
1.60672e+11 0
1.61249e+11 0
2.47327e+11 0
1.9602e+11 6.9395e+10
1.90882e+12 1.69428e+12
2.01091e+12 1.794e+12
362
1.57744e+11 0
1.58273e+11 0
2.4071e+11 0
1.95983e+11 7.72264e+10
1.86798e+12 1.69039e+12
1.97113e+12 1.79264e+12
363
1.57796e+11 0
1.58278e+11 0
2.41129e+11 0
1.96159e+11 7.77531e+10
1.87843e+12 1.73563e+12
1.97866e+12 1.83504e+12
364
1.70471e+11 0
1.71162e+11 0
2.71454e+11 0
2.00217e+11 5.08673e+10
2.09139e+12 2.00827e+12
2.19062e+12 2.10899e+12
365
1.67445e+11 0
1.68056e+11 0
2.64388e+11 0
1.99724e+11 5.83036e+10
2.05199e+12 2.01219e+12
2.14595e+12 2.10795e+12
366
1.64591e+11 0
1.6523e+11 0
2.57117e+11 0
2.00436e+11 6.68358e+10
1.98277e+12 1.97408e+12
2.08939e+12 2.08807e+12
367
1.64829e+11 0
1.65482e+11 0
2.57829e+11 0
2.01502e+11 6.75964e+10
1.98833e+12 2.01957e+12
2.10103e+12 2.1375e+12
368
1.6773e+11 0
1.68342e+11 0
2.65608e+11 0
2.02034e+11 6.03735e+10
2.06556e+12 2.15373e+12
2.16172e+12 2.24451e+12
369
1.71222e+11 0
1.71916e+11 0
2.7358e+11 0
2.04122e+11 5.39599e+10
2.11511e+12 2.22856e+12
2.22013e+12 2.31758e+12
370
1.80736e+11 0
1.81557e+11 0
2.96005e+11 0
2.10442e+11 3.14505e+10
2.27182e+12 2.45135e+12
2.37119e+12 2.5212e+12
371
1.68625e+11 0
1.69248e+11 0
2.67039e+11 0
2.04988e+11 6.22494e+10
2.07219e+12 2.23523e+12
2.18027e+12 2.33871e+12
372
1.62694e+11 0
1.63218e+11 0
2.5232e+11 0
2.03608e+11 7.80428e+10
1.96065e+12 2.12022e+12
2.07675e+12 2.20439e+12
373
1.6604e+11 0
1.66639e+11 0
2.59385e+11 0
2.05669e+11 7.20083e+10
2.00299e+12 2.11464e+12
2.11467e+12 2.18968e+12
374
1.75707e+11 0
1.76423e+11 0
2.82235e+11 0
2.0855e+11 4.78696e+10
2.16161e+12 2.27483e+12
2.25743e+12 2.31343e+12
375
1.60483e+11 0
1.6108e+11 0
2.44838e+11 0
2.06224e+11 8.88921e+10
1.87188e+12 2.00278e+12
1.99177e+12 2.09511e+12
376
1.70049e+11 0
1.70671e+11 0
2.68003e+11 0
2.09126e+11 6.48845e+10
2.07828e+12 2.18782e+12
2.17932e+12 2.27639e+12
377
1.64072e+11 0
1.64619e+11 0
2.52846e+11 0
2.09462e+11 8.12398e+10
1.97093e+12 2.10069e+12
2.07519e+12 2.19526e+12
378
1.76707e+11 0
1.77465e+11 0
2.82577e+11 0
2.12695e+11 4.94171e+10
2.17887e+12 2.29419e+12
2.28103e+12 2.38123e+12
379
1.73767e+11 0
1.74481e+11 0
2.74273e+11 0
2.12961e+11 5.7893e+10
2.13244e+12 2.2659e+12
2.23326e+12 2.35347e+12
380
1.64698e+11 0
1.65365e+11 0
2.50887e+11 0
2.12316e+11 8.31469e+10
1.94764e+12 2.08992e+12
2.06852e+12 2.20286e+12
381
1.68041e+11 0
1.68675e+11 0
2.59234e+11 0
2.13986e+11 7.38655e+10
2.0492e+12 2.20883e+12
2.15e+12 2.29832e+12
382
1.62323e+11 0
1.6287e+11 0
2.44171e+11 0
2.139e+11 9.16069e+10
1.93192e+12 2.09485e+12
2.04958e+12 2.20428e+12
383
1.68838e+11 0
1.69414e+11 0
2.59255e+11 0
2.15774e+11 7.46253e+10
2.06631e+12 2.24592e+12
2.16951e+12 2.33934e+12
384
1.75351e+11 0
1.76045e+11 0
2.73929e+11 0
2.17824e+11 5.91615e+10
2.17252e+12 2.36983e+12
2.27694e+12 2.46215e+12
385
1.75837e+11 0
1.7657e+11 0
2.74005e+11 0
2.18159e+11 5.97873e+10
2.17136e+12 2.37667e+12
2.28112e+12 2.47898e+12
386
1.67109e+11 0
1.67691e+11 0
2.52613e+11 0
2.17583e+11 8.4027e+10
2.0224e+12 2.20874e+12
2.13416e+12 2.31039e+12
387
1.76753e+11 0
1.77458e+11 0
2.74939e+11 0
2.19571e+11 5.95186e+10
2.21086e+12 2.43902e+12
2.31364e+12 2.53601e+12
388
1.77146e+11 0
1.77915e+11 0
2.74806e+11 0
2.19369e+11 5.99544e+10
2.19217e+12 2.43464e+12
2.30651e+12 2.54234e+12
389
1.80681e+11 0
1.81474e+11 0
2.83107e+11 0
2.20339e+11 5.22948e+10
2.2654e+12 2.54485e+12
2.38457e+12 2.65324e+12
390
1.6907e+11 0
1.69738e+11 0
2.542e+11 0
2.20244e+11 8.7077e+10
2.01061e+12 2.26615e+12
2.14781e+12 2.40327e+12
391
1.81603e+11 0
1.82436e+11 0
2.84084e+11 0
2.2052e+11 5.26573e+10
2.26266e+12 2.60534e+12
2.38237e+12 2.72083e+12
392
1.70014e+11 0
1.70721e+11 0
2.55144e+11 0
2.21035e+11 8.80517e+10
2.01161e+12 2.32868e+12
2.14712e+12 2.47299e+12
393
1.76466e+11 0
1.77242e+11 0
2.70145e+11 0
2.20765e+11 7.03468e+10
2.13852e+12 2.51864e+12
2.26927e+12 2.65669e+12
394
1.73968e+11 0
1.74672e+11 0
2.63404e+11 0
2.21237e+11 7.96808e+10
2.08857e+12 2.49287e+12
2.21862e+12 2.6373e+12
395
1.86606e+11 0
1.87459e+11 0
2.93283e+11 0
2.21526e+11 4.49226e+10
2.34293e+12 2.85193e+12
2.46243e+12 2.97864e+12
396
1.69288e+11 0
1.70014e+11 0
2.49897e+11 0
2.22565e+11 9.93034e+10
1.96081e+12 2.40567e+12
2.11127e+12 2.57402e+12
397
1.87802e+11 0
1.88719e+11 0
2.9337e+11 0
2.21171e+11 4.51086e+10
2.34333e+12 2.89709e+12
2.4668e+12 3.01357e+12
398
1.82266e+11 0
1.83046e+11 0
2.79875e+11 0
2.21831e+11 6.26738e+10
2.25529e+12 2.80949e+12
2.37578e+12 2.92632e+12
399
1.89018e+11 0
1.89929e+11 0
2.94036e+11 0
2.21429e+11 4.61491e+10
2.3629e+12 2.94188e+12
2.48416e+12 3.05957e+12
400
1.86714e+11 0
1.87559e+11 0
2.87641e+11 0
2.21834e+11 5.59404e+10
2.32923e+12 2.90514e+12
2.44806e+12 3.03156e+12
401
1.75351e+11 0
1.7603e+11 0
2.59329e+11 0
2.22136e+11 9.23311e+10
2.11162e+12 2.63891e+12
2.23843e+12 2.78063e+12
402
1.85049e+11 0
1.85858e+11 0
2.81478e+11 0
2.22589e+11 6.68326e+10
2.3197e+12 2.87742e+12
2.44847e+12 3.01174e+12
403
1.82607e+11 0
1.83338e+11 0
2.74543e+11 0
2.2225e+11 7.86869e+10
2.28444e+12 2.83537e+12
2.41582e+12 2.96681e+12
404
1.86534e+11 0
1.87338e+11 0
2.83295e+11 0
2.23186e+11 7.46501e+10
2.36741e+12 2.97168e+12
2.50155e+12 3.10108e+12
405
1.74557e+11 0
1.75311e+11 0
2.53553e+11 0
2.24151e+11 1.23941e+11
2.10253e+12 2.63172e+12
2.25071e+12 2.7855e+12
406
1.844e+11 0
1.85215e+11 0
2.76217e+11 0
2.2437e+11 1.0615e+11
2.31369e+12 2.93062e+12
2.45105e+12 3.06637e+12
407
1.84852e+11 0
1.85666e+11 0
2.7617e+11 0
2.247e+11 1.10426e+11
2.3198e+12 2.94655e+12
2.45489e+12 3.07969e+12
408
1.88603e+11 0
1.89608e+11 0
2.83465e+11 0
2.25493e+11 1.08994e+11
2.33951e+12 2.98573e+12
2.49601e+12 3.14754e+12
409
1.82589e+11 0
1.83369e+11 0
2.69178e+11 0
2.25596e+11 1.31405e+11
2.26058e+12 2.8762e+12
2.40166e+12 3.01557e+12
410
1.83257e+11 0
1.8418e+11 0
2.69884e+11 0
2.26785e+11 1.4137e+11
2.23142e+12 2.83708e+12
2.39342e+12 2.99593e+12
411
1.83817e+11 0
1.84762e+11 0
2.70543e+11 0
2.27044e+11 1.50114e+11
2.23829e+12 2.84362e+12
2.40366e+12 3.00079e+12
412
1.87619e+11 0
1.88424e+11 0
2.79905e+11 18713.6
2.27724e+11 1.44439e+11
2.36503e+12 3.02527e+12
2.50569e+12 3.1616e+12
413
1.94977e+11 0
1.95988e+11 0
2.9472e+11 3.77667e+08
2.27298e+11 1.44605e+11
2.44801e+12 3.16744e+12
2.60162e+12 3.31614e+12
414
1.81726e+11 0
1.82627e+11 0
2.66506e+11 8.32622e+08
2.2938e+11 1.88051e+11
2.23464e+12 2.84349e+12
2.39467e+12 3.00209e+12
415
1.9223e+11 0
1.93262e+11 0
2.89979e+11 7.53219e+09
2.29139e+11 1.77428e+11
2.41879e+12 3.14946e+12
2.57871e+12 3.3e+12
416
1.92414e+11 0
1.93397e+11 0
2.8998e+11 1.90964e+10
2.28978e+11 1.90927e+11
2.41981e+12 3.16699e+12
2.57082e+12 3.30887e+12
417
1.85729e+11 0
1.86636e+11 0
2.76371e+11 3.88042e+10
2.31185e+11 2.18125e+11
2.29541e+12 2.99769e+12
2.45157e+12 3.15469e+12
418
1.89754e+11 0
1.90751e+11 0
2.85063e+11 6.83033e+10
2.31923e+11 2.2543e+11
2.35275e+12 3.11511e+12
2.5114e+12 3.26154e+12
419
1.8645e+11 0
1.87394e+11 0
2.77971e+11 8.08351e+10
2.32955e+11 2.41051e+11
2.29297e+12 3.01607e+12
2.44971e+12 3.1729e+12
420
1.93977e+11 0
1.95053e+11 0
2.94535e+11 1.03912e+11
2.33202e+11 2.44406e+11
2.41052e+12 3.21789e+12
2.57044e+12 3.37635e+12
421
1.94247e+11 0
1.95213e+11 0
2.96152e+11 1.21369e+11
2.33678e+11 2.56402e+11
2.44703e+12 3.27164e+12
2.59546e+12 3.41605e+12
422
1.8742e+11 0
1.88448e+11 0
2.81419e+11 1.23312e+11
2.36285e+11 2.83489e+11
2.30696e+12 3.052e+12
2.4662e+12 3.21501e+12
423
1.91229e+11 0
1.9226e+11 0
2.90812e+11 1.52422e+11
2.37064e+11 2.96629e+11
2.39671e+12 3.18944e+12
2.5513e+12 3.35073e+12
424
1.9175e+11 0
1.92887e+11 0
2.9217e+11 1.70793e+11
2.38346e+11 3.20813e+11
2.37924e+12 3.20069e+12
2.55248e+12 3.41427e+12
425
1.8857e+11 0
1.89609e+11 0
2.85341e+11 1.8324e+11
2.40258e+11 3.4278e+11
2.3308e+12 3.15305e+12
2.50258e+12 3.35253e+12
426
1.85285e+11 0
1.86264e+11 0
2.77795e+11 1.92986e+11
2.41128e+11 3.65261e+11
2.27004e+12 3.06137e+12
2.44002e+12 3.24417e+12
427
1.92712e+11 0
1.93823e+11 0
2.95281e+11 2.44967e+11
2.41188e+11 3.90105e+11
2.40723e+12 3.28854e+12
2.5751e+12 3.46495e+12
428
1.89535e+11 5.27343e+08
1.90568e+11 7.62821e+08
2.88191e+11 2.61505e+11
2.42891e+11 4.0579e+11
2.35755e+12 3.19126e+12
2.52744e+12 3.37055e+12
429
1.83015e+11 1.8273e+09
1.83907e+11 2.07984e+09
2.73603e+11 2.5456e+11
2.45411e+11 3.99393e+11
2.25353e+12 3.02112e+12
2.4304e+12 3.21112e+12
430
2.00842e+11 1.5216e+10
2.02036e+11 1.65715e+10
3.15113e+11 3.62112e+11
2.42633e+11 4.16133e+11
2.58033e+12 3.56246e+12
2.73948e+12 3.72979e+12
431
1.90795e+11 1.45638e+10
1.9178e+11 1.48787e+10
2.91531e+11 3.33465e+11
2.4538e+11 3.95228e+11
2.40789e+12 3.27907e+12
2.57493e+12 3.45586e+12
432
1.9838e+11 2.53117e+10
1.99506e+11 2.58062e+10
3.08942e+11 4.0391e+11
2.44995e+11 3.84171e+11
2.54084e+12 3.50355e+12
2.71127e+12 3.68346e+12
433
1.88258e+11 1.52976e+10
1.89262e+11 1.56112e+10
2.85099e+11 3.66052e+11
2.48217e+11 3.68097e+11
2.34611e+12 3.18892e+12
2.53408e+12 3.39045e+12
434
1.9229e+11 2.39555e+10
1.93342e+11 2.43404e+10
2.94392e+11 4.30947e+11
2.48921e+11 3.8936e+11
2.43391e+12 3.3295e+12
2.61523e+12 3.52933e+12
435
1.89178e+11 2.05735e+10
1.90233e+11 2.10947e+10
2.85416e+11 4.39162e+11
2.49886e+11 3.92545e+11
2.35348e+12 3.20676e+12
2.54572e+12 3.41996e+12
436
1.93279e+11 3.41978e+10
1.94383e+11 3.52767e+10
2.94532e+11 5.20324e+11
2.50855e+11 4.15053e+11
2.44382e+12 3.34679e+12
2.63438e+12 3.52344e+12
437
1.97414e+11 5.94876e+10
1.9862e+11 6.15679e+10
3.03259e+11 6.03038e+11
2.51835e+11 4.29081e+11
2.5104e+12 3.43106e+12
2.70842e+12 3.627e+12
438
1.94323e+11 8.31448e+10
1.95429e+11 8.43775e+10
2.95145e+11 6.10275e+11
2.52926e+11 4.22854e+11
2.46049e+12 3.33289e+12
2.65417e+12 3.53216e+12
439
1.91301e+11 8.59777e+10
1.92136e+11 8.66746e+10
2.88191e+11 5.85945e+11
2.5401e+11 4.16141e+11
2.4743e+12 3.33247e+12
2.63938e+12 3.50509e+12
440
1.95289e+11 1.12009e+11
1.96323e+11 1.13323e+11
2.96586e+11 6.25074e+11
2.55404e+11 4.29223e+11
2.54766e+12 3.40966e+12
2.74196e+12 3.60464e+12
441
2.03124e+11 1.53073e+11
2.04445e+11 1.55069e+11
3.13378e+11 6.44159e+11
2.55968e+11 4.50965e+11
2.63184e+12 3.60112e+12
2.82867e+12 3.8189e+12
442
2.07322e+11 1.94218e+11
2.08783e+11 1.96767e+11
3.21788e+11 5.89853e+11
2.55662e+11 4.6959e+11
2.68595e+12 3.69373e+12
2.88907e+12 3.91746e+12
443
2.00421e+11 1.77953e+11
2.01661e+11 1.80575e+11
3.04932e+11 5.09026e+11
2.58092e+11 4.61224e+11
2.59655e+12 3.50748e+12
2.78874e+12 3.71309e+12
444
2.01979e+11 2.1232e+11
2.03379e+11 2.15787e+11
3.07334e+11 5.27871e+11
2.59166e+11 4.71306e+11
2.58978e+12 3.50045e+12
2.805e+12 3.72894e+12
445
1.95017e+11 2.1533e+11
1.96205e+11 2.19393e+11
2.91367e+11 5.13515e+11
2.61682e+11 4.57792e+11
2.4965e+12 3.3229e+12
2.70919e+12 3.54329e+12
446
1.95424e+11 2.51944e+11
1.96414e+11 2.5429e+11
2.93056e+11 5.53662e+11
2.6228e+11 4.63814e+11
2.56508e+12 3.39164e+12
2.75811e+12 3.58366e+12
447
1.95961e+11 2.8939e+11
1.97048e+11 2.9289e+11
2.93359e+11 5.83353e+11
2.63502e+11 4.68526e+11
2.53996e+12 3.35643e+12
2.74825e+12 3.5672e+12
448
2.00037e+11 3.4196e+11
2.01246e+11 3.45888e+11
3.01928e+11 6.42273e+11
2.63645e+11 4.84456e+11
2.58897e+12 3.44952e+12
2.80221e+12 3.66779e+12
449
2.04377e+11 4.00112e+11
2.05663e+11 4.03151e+11
3.11246e+11 6.98411e+11
2.63831e+11 5.03015e+11
2.65469e+12 3.57868e+12
2.87438e+12 3.80246e+12
450
1.95758e+11 3.54441e+11
1.96838e+11 3.57801e+11
2.86784e+11 6.32691e+11
2.68292e+11 4.80289e+11
2.43427e+12 3.21638e+12
2.67311e+12 3.46666e+12
451
1.99516e+11 4.18151e+11
2.00725e+11 4.18948e+11
2.96447e+11 6.86117e+11
2.68105e+11 5.01688e+11
2.53984e+12 3.40161e+12
2.76282e+12 3.62997e+12
452
2.17732e+11 5.033e+11
2.19457e+11 5.08337e+11
3.37398e+11 8.46424e+11
2.62965e+11 5.68824e+11
2.79637e+12 3.91386e+12
3.04089e+12 4.15713e+12
453
2.1846e+11 5.47466e+11
2.19983e+11 5.51844e+11
3.40802e+11 8.69483e+11
2.64855e+11 5.84572e+11
2.86114e+12 4.05619e+12
3.08563e+12 4.305e+12
454
2.01099e+11 5.44661e+11
2.02216e+11 5.47079e+11
2.99333e+11 7.53825e+11
2.71387e+11 5.32962e+11
2.54372e+12 3.54486e+12
2.76226e+12 3.79208e+12
455
2.12575e+11 6.26674e+11
2.14026e+11 6.30236e+11
3.24848e+11 8.45181e+11
2.69009e+11 5.79814e+11
2.68943e+12 3.86926e+12
2.92207e+12 4.12889e+12
456
1.99349e+11 5.93517e+11
2.00323e+11 5.95273e+11
2.93121e+11 7.64078e+11
2.76574e+11 5.37813e+11
2.47168e+12 3.48787e+12
2.69567e+12 3.73669e+12
457
2.18619e+11 7.00464e+11
2.20164e+11 7.01798e+11
3.35947e+11 9.06432e+11
2.70236e+11 6.15436e+11
2.79178e+12 4.0878e+12
3.01127e+12 4.32764e+12
458
2.08274e+11 5.69146e+11
2.09561e+11 5.72529e+11
3.11989e+11 8.71088e+11
2.75993e+11 5.82409e+11
2.61875e+12 3.77527e+12
2.84282e+12 4.02192e+12
459
2.20309e+11 6.31084e+11
2.21917e+11 6.35455e+11
3.39025e+11 9.82435e+11
2.72518e+11 6.3936e+11
2.79079e+12 4.12351e+12
3.03451e+12 4.39163e+12
460
2.09684e+11 6.40995e+11
2.10928e+11 6.44706e+11
3.13953e+11 9.68603e+11
2.77484e+11 5.93904e+11
2.65632e+12 3.84978e+12
2.87317e+12 4.08447e+12
461
2.17957e+11 6.94766e+11
2.19386e+11 6.98144e+11
3.33056e+11 1.06304e+12
2.75567e+11 6.36109e+11
2.77824e+12 4.10693e+12
3.01089e+12 4.37195e+12
462
2.14671e+11 7.11067e+11
2.16196e+11 7.13772e+11
3.23368e+11 1.06145e+12
2.7767e+11 6.17473e+11
2.67127e+12 3.9319e+12
2.91344e+12 4.20279e+12
463
2.19279e+11 7.54164e+11
2.20841e+11 7.54516e+11
3.34566e+11 1.11845e+12
2.76984e+11 6.43331e+11
2.77339e+12 4.13234e+12
3.01535e+12 4.3824e+12
464
2.19784e+11 7.10638e+11
2.21321e+11 7.13235e+11
3.36132e+11 1.08048e+12
2.77081e+11 6.48664e+11
2.78496e+12 4.1465e+12
3.0208e+12 4.3939e+12
465
2.20293e+11 7.24156e+11
2.21822e+11 7.26682e+11
3.36987e+11 1.09656e+12
2.77734e+11 6.54921e+11
2.80817e+12 4.17928e+12
3.03789e+12 4.41942e+12
466
2.16771e+11 7.29409e+11
2.18399e+11 7.32751e+11
3.28888e+11 1.08682e+12
2.80276e+11 6.43803e+11
2.70083e+12 3.99352e+12
2.95255e+12 4.26619e+12
467
2.25094e+11 7.7703e+11
2.26817e+11 7.80397e+11
3.47853e+11 1.16581e+12
2.78146e+11 6.84144e+11
2.86317e+12 4.30976e+12
3.1024e+12 4.57137e+12
468
2.21259e+11 7.87409e+11
2.22948e+11 7.91221e+11
3.39804e+11 1.15588e+12
2.80619e+11 6.74943e+11
2.79637e+12 4.19534e+12
3.0359e+12 4.46183e+12
469
2.13168e+11 7.86361e+11
2.14772e+11 7.90214e+11
3.22117e+11 1.11661e+12
2.8416e+11 6.42437e+11
2.64106e+12 3.90568e+12
2.88769e+12 4.18723e+12
470
2.30123e+11 8.61692e+11
2.31991e+11 8.656e+11
3.61993e+11 1.23178e+12
2.80442e+11 7.30946e+11
2.97365e+12 4.5345e+12
3.2123e+12 4.79993e+12
471
2.18393e+11 8.35247e+11
2.20027e+11 8.37896e+11
3.36874e+11 1.16842e+12
2.8529e+11 6.90024e+11
2.78281e+12 4.15862e+12
3.03498e+12 4.44448e+12
472
2.22451e+11 8.65773e+11
2.24466e+11 8.69857e+11
3.45743e+11 1.2021e+12
2.85056e+11 7.11489e+11
2.78953e+12 4.19594e+12
3.06419e+12 4.51286e+12
473
2.14837e+11 8.58358e+11
2.16436e+11 8.61936e+11
3.29316e+11 1.1683e+12
2.88449e+11 6.78092e+11
2.72054e+12 4.03025e+12
2.97786e+12 4.32379e+12
474
2.15128e+11 8.82782e+11
2.16772e+11 8.87147e+11
3.29579e+11 1.17962e+12
2.89224e+11 6.82001e+11
2.70777e+12 4.00478e+12
2.96836e+12 4.30532e+12
475
2.23706e+11 9.42189e+11
2.25563e+11 9.47048e+11
3.49513e+11 1.24504e+12
2.87926e+11 7.31465e+11
2.86235e+12 4.29759e+12
3.12644e+12 4.60187e+12
476
2.24255e+11 9.6113e+11
2.25956e+11 9.63994e+11
3.50973e+11 1.26163e+12
2.88802e+11 7.39955e+11
2.92113e+12 4.39228e+12
3.16872e+12 4.67347e+12
477
2.21044e+11 9.63446e+11
2.2274e+11 9.66702e+11
3.43752e+11 1.25834e+12
2.91833e+11 7.30598e+11
2.8673e+12 4.29413e+12
3.13319e+12 4.60015e+12
478
2.17189e+11 9.65693e+11
2.18872e+11 9.69307e+11
3.32062e+11 1.25426e+12
2.93484e+11 7.00626e+11
2.76584e+12 4.10387e+12
3.03667e+12 4.50427e+12
479
2.29939e+11 1.02831e+12
2.31974e+11 1.03324e+12
3.60695e+11 1.36425e+12
2.91873e+11 7.68952e+11
2.96934e+12 4.52156e+12
3.25158e+12 4.85441e+12
480
2.18735e+11 1.01476e+12
2.20634e+11 1.0202e+12
3.32516e+11 1.3138e+12
2.97162e+11 7.08327e+11
2.73954e+12 4.09988e+12
3.04201e+12 4.46353e+12
481
2.27512e+11 1.05588e+12
2.29404e+11 1.06003e+12
3.53078e+11 1.3891e+12
2.9692e+11 7.60985e+11
2.95524e+12 4.51793e+12
3.24108e+12 4.86957e+12
482
2.28209e+11 1.0675e+12
2.30424e+11 1.07116e+12
3.52042e+11 1.40327e+12
2.98379e+11 7.60657e+11
2.89156e+12 4.45257e+12
3.20802e+12 4.84014e+12
483
2.33319e+11 1.0864e+12
2.35202e+11 1.09001e+12
3.65786e+11 1.45451e+12
2.98197e+11 7.96683e+11
3.10366e+12 4.84353e+12
3.39181e+12 5.17866e+12
484
2.25862e+11 1.07512e+12
2.27771e+11 1.0792e+12
3.45204e+11 1.41448e+12
3.02442e+11 7.47971e+11
2.89539e+12 4.46642e+12
3.20622e+12 4.81984e+12
485
2.22818e+11 1.08393e+12
2.24348e+11 1.08887e+12
3.3869e+11 1.39964e+12
3.04913e+11 7.33686e+11
2.92642e+12 4.48717e+12
3.20538e+12 4.7975e+12
486
2.3964e+11 1.15433e+12
2.41814e+11 1.15907e+12
3.75442e+11 1.4936e+12
3.00011e+11 8.25261e+11
3.11902e+12 4.94511e+12
3.42981e+12 5.30379e+12
487
2.40459e+11 1.16125e+12
2.42879e+11 1.16256e+12
3.74218e+11 1.49502e+12
3.00694e+11 8.275e+11
3.04773e+12 4.85226e+12
3.37511e+12 5.24992e+12
488
2.37484e+11 1.15811e+12
2.39475e+11 1.16239e+12
3.68212e+11 1.48475e+12
3.03062e+11 8.16032e+11
3.10111e+12 4.88226e+12
3.39253e+12 5.21304e+12
489
2.30521e+11 1.14573e+12
2.32423e+11 1.15033e+12
3.50913e+11 1.45097e+12
3.08209e+11 7.82537e+11
2.95498e+12 4.56422e+12
3.26064e+12 4.89773e+12
490
2.35405e+11 1.19834e+12
2.37522e+11 1.20327e+12
3.60057e+11 1.48631e+12
3.06219e+11 8.12852e+11
2.99929e+12 4.66347e+12
3.31564e+12 5.019e+12
491
2.40357e+11 1.22434e+12
2.42518e+11 1.22859e+12
3.69962e+11 1.52235e+12
3.05248e+11 8.45702e+11
3.09318e+12 4.83164e+12
3.39712e+12 5.17861e+12
492
2.45611e+11 1.23454e+12
2.47711e+11 1.23633e+12
3.84052e+11 1.56003e+12
3.05285e+11 8.92436e+11
3.24472e+12 5.11631e+12
3.55067e+12 5.46231e+12
493
2.4252e+11 1.23671e+12
2.44487e+11 1.2406e+12
3.75115e+11 1.54414e+12
3.07273e+11 8.74091e+11
3.19351e+12 4.9934e+12
3.48631e+12 5.32443e+12
494
2.27229e+11 1.21416e+12
2.28983e+11 1.21979e+12
3.37497e+11 1.4738e+12
3.15607e+11 7.77098e+11
2.86121e+12 4.29619e+12
3.17387e+12 4.64701e+12
495
2.32175e+11 1.24143e+12
2.33976e+11 1.24526e+12
3.47807e+11 1.51366e+12
3.14643e+11 8.07347e+11
2.95574e+12 4.4657e+12
3.25544e+12 4.79189e+12
496
2.4152e+11 1.2719e+12
2.43796e+11 1.27543e+12
3.67644e+11 1.58169e+12
3.11495e+11 8.64745e+11
3.03818e+12 4.67772e+12
3.37266e+12 5.05682e+12
497
2.30389e+11 1.23747e+12
2.32466e+11 1.24256e+12
3.40784e+11 1.54425e+12
3.19394e+11 7.89887e+11
2.80338e+12 4.20765e+12
3.15576e+12 4.61356e+12
498
2.35651e+11 1.25988e+12
2.37548e+11 1.26393e+12
3.53631e+11 1.60325e+12
3.1826e+11 8.26272e+11
2.99135e+12 4.52044e+12
3.30946e+12 4.88252e+12
499
2.45046e+11 1.29524e+12
2.47426e+11 1.30037e+12
3.73298e+11 1.67379e+12
3.15874e+11 8.82883e+11
3.07287e+12 4.72613e+12
3.41993e+12 5.12815e+12
500
2.41482e+11 1.29333e+12
2.43472e+11 1.29702e+12
3.65256e+11 1.66378e+12
3.18639e+11 8.57612e+11
3.09503e+12 4.70034e+12
3.41087e+12 5.06395e+12
501
2.42659e+11 1.30024e+12
2.45093e+11 1.30576e+12
3.65893e+11 1.66772e+12
3.20313e+11 8.64884e+11
2.99065e+12 4.57787e+12
3.35723e+12 5.00996e+12
502
2.43262e+11 1.31033e+12
2.45408e+11 1.31546e+12
3.67917e+11 1.68373e+12
3.21158e+11 8.70312e+11
3.09289e+12 4.7271e+12
3.41954e+12 5.10832e+12
503
2.48395e+11 1.34278e+12
2.50739e+11 1.34896e+12
3.80008e+11 1.71624e+12
3.2118e+11 9.08297e+11
3.17359e+12 4.90237e+12
3.51147e+12 5.30143e+12
504
2.53464e+11 1.37348e+12
2.56024e+11 1.3792e+12
3.91797e+11 1.75178e+12
3.21672e+11 9.47527e+11
3.24687e+12 5.05684e+12
3.60097e+12 5.47742e+12
505
2.49748e+11 1.37706e+12
2.52415e+11 1.38332e+12
3.82586e+11 1.73093e+12
3.24892e+11 9.26195e+11
3.14252e+12 4.86567e+12
3.52463e+12 5.31184e+12
506
2.41134e+11 1.3613e+12
2.43398e+11 1.36906e+12
3.64153e+11 1.685e+12
3.29783e+11 8.76583e+11
3.04979e+12 4.66524e+12
3.40274e+12 5.08862e+12
507
2.46058e+11 1.41167e+12
2.48402e+11 1.41744e+12
3.75634e+11 1.72586e+12
3.29529e+11 9.21175e+11
3.15246e+12 4.86743e+12
3.49382e+12 5.28221e+12
508
2.37684e+11 1.39474e+12
2.40044e+11 1.40019e+12
3.56547e+11 1.68609e+12
3.35122e+11 8.67377e+11
2.95679e+12 4.51826e+12
3.32868e+12 4.96993e+12
509
2.47086e+11 1.43838e+12
2.49402e+11 1.44333e+12
3.80098e+11 1.76579e+12
3.32954e+11 9.36531e+11
3.19891e+12 4.98154e+12
3.55306e+12 5.40431e+12
510
2.47659e+11 1.46065e+12
2.50254e+11 1.46764e+12
3.79653e+11 1.7898e+12
3.34637e+11 9.46945e+11
3.13802e+12 4.90756e+12
3.52146e+12 5.36589e+12
511
2.52809e+11 1.49295e+12
2.55434e+11 1.49899e+12
3.91918e+11 1.84324e+12
3.33875e+11 9.89949e+11
3.2694e+12 5.16791e+12
3.64097e+12 5.60883e+12
512
2.31456e+11 1.4412e+12
2.33406e+11 1.4453e+12
3.40597e+11 1.72949e+12
3.46726e+11 8.42861e+11
2.90143e+12 4.36851e+12
3.27147e+12 4.78595e+12
513
2.59016e+11 1.52351e+12
2.61867e+11 1.52943e+12
4.05129e+11 1.91507e+12
3.3673e+11 1.0464e+12
3.32791e+12 5.34713e+12
3.7334e+12 5.81395e+12
514
2.64328e+11 1.54493e+12
2.67344e+11 1.55226e+12
4.16364e+11 1.96658e+12
3.36242e+11 1.08766e+12
3.39425e+12 5.52204e+12
3.80655e+12 5.99644e+12
515
2.56683e+11 1.53618e+12
2.59082e+11 1.54144e+12
3.98419e+11 1.94822e+12
3.4258e+11 1.02957e+12
3.34469e+12 5.34286e+12
3.72691e+12 5.78079e+12
516
2.49039e+11 1.51906e+12
2.51452e+11 1.52471e+12
3.7618e+11 1.90729e+12
3.48543e+11 9.53585e+11
3.12484e+12 4.91157e+12
3.51696e+12 5.36884e+12
517
2.62936e+11 1.57354e+12
2.65732e+11 1.5803e+12
4.0762e+11 2.02347e+12
3.42672e+11 1.05081e+12
3.36036e+12 5.43975e+12
3.74923e+12 5.88952e+12
518
2.55189e+11 1.56224e+12
2.57516e+11 1.56812e+12
3.88244e+11 1.98081e+12
3.47469e+11 9.87134e+11
3.27355e+12 5.1928e+12
3.64033e+12 5.61535e+12
519
2.48336e+11 1.55158e+12
2.50839e+11 1.55969e+12
3.67052e+11 1.9276e+12
3.54231e+11 9.24868e+11
2.99317e+12 4.6774e+12
3.41499e+12 5.17634e+12
520
2.76279e+11 1.66507e+12
2.79328e+11 1.67365e+12
4.34742e+11 2.1289e+12
3.4019e+11 1.13607e+12
3.58137e+12 5.91764e+12
3.98313e+12 6.39637e+12
521
2.63238e+11 1.64088e+12
2.66155e+11 1.64941e+12
4.00374e+11 2.02797e+12
3.48554e+11 1.02834e+12
3.27329e+12 5.26759e+12
3.68022e+12 5.75355e+12
522
2.55731e+11 1.62651e+12
2.581e+11 1.64964e+12
3.83014e+11 1.97285e+12
3.53258e+11 9.71528e+11
3.20414e+12 5.07125e+12
3.58945e+12 5.52594e+12
523
2.70656e+11 1.70379e+12
2.74173e+11 1.71427e+12
4.13935e+11 2.06413e+12
3.49305e+11 1.07321e+12
3.26494e+12 5.34643e+12
3.72129e+12 5.90818e+12
524
2.67667e+11 1.71482e+12
2.70479e+11 1.72259e+12
4.08996e+11 2.05685e+12
3.51153e+11 1.05439e+12
3.37164e+12 5.47028e+12
3.77991e+12 5.9646e+12
525
2.64209e+11 1.71867e+12
2.66782e+11 1.73044e+12
3.99512e+11 2.04807e+12
3.54198e+11 1.02373e+12
3.33324e+12 5.35183e+12
3.72313e+12 5.81947e+12
526
2.5194e+11 1.69202e+12
2.54712e+11 1.70041e+12
3.67765e+11 1.9695e+12
3.62571e+11 9.3101e+11
2.96773e+12 4.64673e+12
3.41029e+12 5.18462e+12
527
2.71816e+11 1.76399e+12
2.74627e+11 1.77105e+12
4.17576e+11 2.11043e+12
3.55371e+11 1.08564e+12
3.44334e+12 5.63257e+12
3.86603e+12 6.15321e+12
528
2.72714e+11 1.77873e+12
2.75828e+11 1.785e+12
4.15704e+11 2.11603e+12
3.56855e+11 1.08697e+12
3.36458e+12 5.49812e+12
3.80224e+12 6.02848e+12
529
2.79123e+11 1.79151e+12
2.82239e+11 1.79802e+12
4.30742e+11 2.16236e+12
3.56403e+11 1.14038e+12
3.51922e+12 5.78866e+12
3.95464e+12 6.32059e+12
530
2.61218e+11 1.74269e+12
2.63926e+11 1.74915e+12
3.86186e+11 2.06341e+12
3.66206e+11 1.00324e+12
3.18595e+12 5.04565e+12
3.60773e+12 5.56328e+12
531
2.81602e+11 1.80235e+12
2.85221e+11 1.80994e+12
4.33054e+11 2.19231e+12
3.60863e+11 1.16431e+12
3.45107e+12 5.71448e+12
3.932e+12 6.33278e+12
532
2.73399e+11 1.7801e+12
2.76673e+11 1.78721e+12
4.141e+11 2.1534e+12
3.66733e+11 1.10633e+12
3.34209e+12 5.45435e+12
3.81432e+12 6.0474e+12
533
2.73822e+11 1.78491e+12
2.77118e+11 1.79263e+12
4.13214e+11 2.16445e+12
3.69388e+11 1.10464e+12
3.3269e+12 5.41796e+12
3.7897e+12 5.99548e+12
534
2.70248e+11 1.78139e+12
2.73321e+11 1.7891e+12
4.06879e+11 2.16694e+12
3.7348e+11 1.08348e+12
3.3289e+12 5.37803e+12
3.78501e+12 5.93887e+12
535
2.90504e+11 1.85037e+12
2.94671e+11 1.86069e+12
4.52034e+11 2.3121e+12
3.66889e+11 1.23647e+12
3.53149e+12 5.93247e+12
4.05502e+12 6.58745e+12
536
2.71112e+11 1.80302e+12
2.74073e+11 1.81031e+12
4.06697e+11 2.20764e+12
3.76504e+11 1.07387e+12
3.37186e+12 5.38191e+12
3.80605e+12 5.90009e+12
537
2.81829e+11 1.84696e+12
2.85206e+11 1.85558e+12
4.32346e+11 2.29712e+12
3.73847e+11 1.16036e+12
3.54214e+12 5.77164e+12
3.99937e+12 6.31769e+12
538
2.5747e+11 1.78838e+12
2.59908e+11 1.79484e+12
3.7631e+11 2.15003e+12
3.87932e+11 9.71759e+11
3.19251e+12 4.89577e+12
3.6184e+12 5.38697e+12
539
2.93633e+11 1.92167e+12
2.97492e+11 1.93213e+12
4.61997e+11 2.4002e+12
3.75421e+11 1.2645e+12
3.68742e+12 6.16451e+12
4.19474e+12 6.77099e+12
540
2.73948e+11 1.87636e+12
2.77441e+11 1.88642e+12
4.136e+11 2.27111e+12
3.86518e+11 1.1066e+12
3.30616e+12 5.30746e+12
3.80991e+12 5.90945e+12
541
2.89683e+11 1.95269e+12
2.93381e+11 1.96327e+12
4.51556e+11 2.38636e+12
3.80247e+11 1.23406e+12
3.63499e+12 6.00751e+12
4.12603e+12 6.59035e+12
542
2.71084e+11 1.91361e+12
2.74341e+11 1.92366e+12
4.06873e+11 2.27387e+12
3.92506e+11 1.08763e+12
3.28714e+12 5.22966e+12
3.78769e+12 5.82473e+12
543
2.91657e+11 2.00197e+12
2.95278e+11 2.01094e+12
4.56097e+11 2.42446e+12
3.84919e+11 1.25685e+12
3.67526e+12 6.0928e+12
4.17032e+12 6.69222e+12
544
2.87819e+11 2.00616e+12
2.9145e+11 2.01586e+12
4.44647e+11 2.41152e+12
3.88599e+11 1.22446e+12
3.57495e+12 5.88849e+12
4.07982e+12 6.50472e+12
545
2.74078e+11 1.97893e+12
2.77394e+11 1.98744e+12
4.09496e+11 2.33434e+12
3.97854e+11 1.11097e+12
3.29821e+12 5.28251e+12
3.8048e+12 5.89795e+12
546
2.74746e+11 1.98862e+12
2.77587e+11 1.99587e+12
4.0963e+11 2.35278e+12
3.97565e+11 1.10988e+12
3.42474e+12 5.45481e+12
3.87577e+12 5.99671e+12
547
2.96389e+11 2.06278e+12
3.00584e+11 2.07308e+12
4.59141e+11 2.50158e+12
3.91299e+11 1.29667e+12
3.5988e+12 6.03694e+12
4.14943e+12 6.72765e+12
548
2.88045e+11 2.04389e+12
2.91725e+11 2.05335e+12
4.38445e+11 2.45885e+12
3.96185e+11 1.22746e+12
3.5297e+12 5.81007e+12
4.06101e+12 6.46658e+12
549
2.68403e+11 1.99184e+12
2.70709e+11 1.99772e+12
3.89815e+11 2.3367e+12
4.0548e+11 1.05147e+12
3.36223e+12 5.24698e+12
3.78081e+12 5.74738e+12
550
2.95236e+11 2.08344e+12
2.98968e+11 2.09321e+12
4.51812e+11 2.52185e+12
3.96108e+11 1.28321e+12
3.65908e+12 6.07755e+12
4.16905e+12 6.71491e+12
551
3.07094e+11 2.13223e+12
3.11215e+11 2.14307e+12
4.79896e+11 2.62446e+12
3.92972e+11 1.39082e+12
3.86382e+12 6.53682e+12
4.41345e+12 7.21874e+12
552
2.88478e+11 2.08418e+12
2.9202e+11 2.09397e+12
4.32488e+11 2.50038e+12
4.0404e+11 1.22068e+12
3.51587e+12 5.74543e+12
4.04244e+12 6.39753e+12
553
2.8979e+11 2.09994e+12
2.93469e+11 2.11011e+12
4.32709e+11 2.51752e+12
4.05684e+11 1.22016e+12
3.49885e+12 5.72422e+12
4.03117e+12 6.39154e+12
554
2.86134e+11 2.10036e+12
2.89133e+11 2.10873e+12
4.23878e+11 2.51218e+12
4.09141e+11 1.17733e+12
3.56941e+12 5.75221e+12
4.04681e+12 6.33997e+12
555
2.92936e+11 2.13694e+12
2.96781e+11 2.1473e+12
4.3622e+11 2.56659e+12
4.09959e+11 1.22371e+12
3.50676e+12 5.74467e+12
4.05394e+12 6.42753e+12
556
2.84777e+11 2.12084e+12
2.88415e+11 2.13167e+12
4.15582e+11 2.52101e+12
4.17839e+11 1.14698e+12
3.34467e+12 5.36651e+12
3.90632e+12 6.05506e+12
557
3.12314e+11 2.237e+12
3.16411e+11 2.2475e+12
4.8285e+11 2.7259e+12
4.0628e+11 1.38479e+12
3.92177e+12 6.61264e+12
4.48947e+12 7.31363e+12
558
3.03042e+11 2.21458e+12
3.07749e+11 2.22853e+12
4.53914e+11 2.64416e+12
4.15103e+11 1.2836e+12
3.503e+12 5.81153e+12
4.12608e+12 6.587e+12
559
3.09974e+11 2.26111e+12
3.14084e+11 2.27313e+12
4.73293e+11 2.70525e+12
4.13202e+11 1.34407e+12
3.83355e+12 6.37438e+12
4.40084e+12 7.06461e+12
560
3.16141e+11 2.29769e+12
3.20834e+11 2.3106e+12
4.85185e+11 2.7392e+12
4.14302e+11 1.388e+12
3.80779e+12 6.40401e+12
4.41464e+12 7.14936e+12
561
3.1776e+11 2.3181e+12
3.22281e+11 2.32998e+12
4.90002e+11 2.76224e+12
4.16077e+11 1.40335e+12
3.90268e+12 6.55087e+12
4.49561e+12 7.2716e+12
562
3.24529e+11 2.34865e+12
3.29293e+11 2.36047e+12
5.06197e+11 2.81687e+12
4.15904e+11 1.46268e+12
4.00105e+12 6.78999e+12
4.61163e+12 7.53666e+12
563
3.10211e+11 2.31309e+12
3.14743e+11 2.32469e+12
4.69159e+11 2.72941e+12
4.26253e+11 1.33204e+12
3.68499e+12 6.08452e+12
4.29657e+12 6.8331e+12
564
3.27295e+11 2.36434e+12
3.32476e+11 2.37726e+12
5.09545e+11 2.84676e+12
4.20171e+11 1.48025e+12
3.92709e+12 6.70421e+12
4.57153e+12 7.50492e+12
565
3.02425e+11 2.2967e+12
3.06447e+11 2.30702e+12
4.46928e+11 2.69441e+12
4.34491e+11 1.25473e+12
3.57795e+12 5.79305e+12
4.16008e+12 6.50338e+12
566
3.0898e+11 2.32018e+12
3.13202e+11 2.33129e+12
4.62759e+11 2.74839e+12
4.34549e+11 1.31758e+12
3.67622e+12 6.06466e+12
4.27039e+12 6.811e+12
567
3.15927e+11 2.34944e+12
3.20359e+11 2.36118e+12
4.77913e+11 2.80461e+12
4.33961e+11 1.37575e+12
3.78303e+12 6.33273e+12
4.38274e+12 7.0753e+12
568
3.22764e+11 2.38025e+12
3.27929e+11 2.39435e+12
4.93234e+11 2.86347e+12
4.35149e+11 1.44186e+12
3.75579e+12 6.40516e+12
4.41816e+12 7.24444e+12
569
3.07495e+11 2.34572e+12
3.11568e+11 2.35736e+12
4.55987e+11 2.77571e+12
4.4212e+11 1.30147e+12
3.63831e+12 5.98418e+12
4.22451e+12 6.71707e+12
570
3.25602e+11 2.41767e+12
3.30829e+11 2.43233e+12
4.99931e+11 2.91411e+12
4.39335e+11 1.4718e+12
3.79526e+12 6.5183e+12
4.46993e+12 7.37994e+12
571
3.37048e+11 2.47098e+12
3.4237e+11 2.48543e+12
5.24037e+11 3.00331e+12
4.33682e+11 1.5569e+12
4.04362e+12 7.02979e+12
4.68461e+12 7.85378e+12
572
3.22378e+11 2.44066e+12
3.27578e+11 2.45562e+12
4.87304e+11 2.92081e+12
4.44874e+11 1.42367e+12
3.70231e+12 6.30598e+12
4.37113e+12 7.16448e+12
573
3.12681e+11 2.42686e+12
3.17896e+11 2.44272e+12
4.6136e+11 2.86658e+12
4.53242e+11 1.32975e+12
3.45076e+12 5.77821e+12
4.14093e+12 6.66286e+12
574
3.24832e+11 2.48526e+12
3.29745e+11 2.49947e+12
4.92665e+11 2.97453e+12
4.49519e+11 1.43623e+12
3.82434e+12 6.50607e+12
4.4738e+12 7.33759e+12
575
3.26118e+11 2.50892e+12
3.30741e+11 2.52261e+12
4.95243e+11 2.99227e+12
4.49978e+11 1.44101e+12
3.9218e+12 6.65478e+12
4.54603e+12 7.4463e+12
576
3.2762e+11 2.53359e+12
3.33687e+11 2.55227e+12
4.92614e+11 2.99543e+12
4.55265e+11 1.44566e+12
3.59825e+12 6.1737e+12
4.34094e+12 7.13382e+12
577
3.34625e+11 2.57804e+12
3.40453e+11 2.59519e+12
5.10383e+11 3.05367e+12
4.54502e+11 1.50577e+12
3.83026e+12 6.60586e+12
4.54787e+12 7.52968e+12
578
3.24866e+11 2.56132e+12
3.29512e+11 2.57484e+12
4.86211e+11 2.99783e+12
4.59068e+11 1.40842e+12
3.86852e+12 6.45619e+12
4.50092e+12 7.24406e+12
579
3.20852e+11 2.56193e+12
3.26034e+11 2.57741e+12
4.71595e+11 2.97304e+12
4.68197e+11 1.3684e+12
3.58603e+12 5.93583e+12
4.27942e+12 6.80582e+12
580
3.34591e+11 2.61263e+12
3.40179e+11 2.62815e+12
5.03267e+11 3.07341e+12
4.63425e+11 1.48844e+12
3.83171e+12 6.47719e+12
4.54929e+12 7.38286e+12
581
3.54151e+11 2.67778e+12
3.59965e+11 2.69306e+12
5.52452e+11 3.22304e+12
4.56811e+11 1.6726e+12
4.26632e+12 7.41818e+12
5.00461e+12 8.34248e+12
582
3.43791e+11 2.65022e+12
3.49887e+11 2.66704e+12
5.19977e+11 3.14918e+12
4.66707e+11 1.55779e+12
3.89384e+12 6.64081e+12
4.64506e+12 7.58801e+12
583
3.39939e+11 2.64543e+12
3.45816e+11 2.66171e+12
5.08175e+11 3.13323e+12
4.70614e+11 1.51372e+12
3.84215e+12 6.46942e+12
4.57367e+12 7.38922e+12
584
3.36029e+11 2.64385e+12
3.4123e+11 2.65853e+12
5.0034e+11 3.12732e+12
4.74887e+11 1.47941e+12
3.90146e+12 6.48244e+12
4.59677e+12 7.34505e+12
585
3.43413e+11 2.68044e+12
3.49765e+11 2.69969e+12
5.15466e+11 3.18424e+12
4.76676e+11 1.54751e+12
3.80681e+12 6.44756e+12
4.58608e+12 7.43848e+12
586
3.44859e+11 2.70453e+12
3.50168e+11 2.7193e+12
5.20884e+11 3.21777e+12
4.75813e+11 1.55497e+12
4.07538e+12 6.83879e+12
4.77062e+12 7.71174e+12
587
3.35653e+11 2.6905e+12
3.41484e+11 2.70828e+12
4.95231e+11 3.16255e+12
4.86069e+11 1.46602e+12
3.71436e+12 6.16628e+12
4.48063e+12 7.12724e+12
588
3.37199e+11 2.71763e+12
3.42566e+11 2.73365e+12
4.99328e+11 3.19452e+12
4.88519e+11 1.47607e+12
3.83701e+12 6.36786e+12
4.56981e+12 7.28557e+12
589
3.43909e+11 2.76012e+12
3.49995e+11 2.77864e+12
5.09978e+11 3.25172e+12
4.88882e+11 1.5221e+12
3.81638e+12 6.40646e+12
4.57878e+12 7.37644e+12
590
3.51998e+11 2.80408e+12
3.57946e+11 2.82192e+12
5.32141e+11 3.33374e+12
4.89519e+11 1.60261e+12
4.04408e+12 6.88518e+12
4.8107e+12 7.85994e+12
591
3.47712e+11 2.80951e+12
3.53897e+11 2.82869e+12
5.17851e+11 3.30739e+12
4.95749e+11 1.54758e+12
3.85549e+12 6.52514e+12
4.64049e+12 7.52665e+12
592
3.61449e+11 2.87546e+12
3.67321e+11 2.89299e+12
5.53132e+11 3.42291e+12
4.89943e+11 1.66977e+12
4.26064e+12 7.34639e+12
5.01456e+12 8.30986e+12
593
3.51018e+11 2.86101e+12
3.57096e+11 2.87969e+12
5.23475e+11 3.35325e+12
4.99215e+11 1.56059e+12
3.93611e+12 6.68925e+12
4.7151e+12 7.68789e+12
594
3.70402e+11 2.94276e+12
3.77033e+11 2.96168e+12
5.69928e+11 3.49367e+12
4.91818e+11 1.73283e+12
4.28304e+12 7.50689e+12
5.07951e+12 8.53476e+12
595
3.36763e+11 2.84954e+12
3.42557e+11 2.86827e+12
4.84406e+11 3.26447e+12
5.12316e+11 1.41461e+12
3.61363e+12 5.96302e+12
4.3938e+12 6.95017e+12
596
3.6717e+11 2.95684e+12
3.73655e+11 2.97508e+12
5.58073e+11 3.47673e+12
5.01245e+11 1.68799e+12
4.18611e+12 7.26172e+12
4.9696e+12 8.27706e+12
597
3.39441e+11 2.87899e+12
3.44269e+11 2.89303e+12
4.86117e+11 3.29156e+12
5.15091e+11 1.41001e+12
3.81758e+12 6.21696e+12
4.51373e+12 7.08808e+12
598
3.72386e+11 2.98484e+12
3.78978e+11 3.00328e+12
5.67215e+11 3.52759e+12
5.05855e+11 1.72532e+12
4.25032e+12 7.4194e+12
5.06602e+12 8.47475e+12
599
3.74836e+11 2.99727e+12
3.82286e+11 3.01854e+12
5.66329e+11 3.54014e+12
5.10657e+11 1.73246e+12
4.0952e+12 7.16796e+12
4.96295e+12 8.29223e+12
600
3.58659e+11 2.9534e+12
3.64805e+11 2.97139e+12
5.24554e+11 3.43651e+12
5.20096e+11 1.5671e+12
3.95419e+12 6.65059e+12
4.74416e+12 7.65757e+12
601
3.67146e+11 2.99212e+12
3.73834e+11 3.01186e+12
5.42806e+11 3.50263e+12
5.19585e+11 1.63949e+12
4.03013e+12 6.87113e+12
4.85769e+12 7.92624e+12
602
3.82499e+11 3.05444e+12
3.89463e+11 3.07484e+12
5.80588e+11 3.6277e+12
5.14617e+11 1.7801e+12
4.32333e+12 7.5363e+12
5.17851e+12 8.63116e+12
603
3.72382e+11 3.03619e+12
3.79439e+11 3.05744e+12
5.52171e+11 3.56321e+12
5.25648e+11 1.67449e+12
4.02579e+12 6.89594e+12
4.89679e+12 8.01097e+12
604
3.79088e+11 3.07405e+12
3.85772e+11 3.09353e+12
5.6599e+11 3.62546e+12
5.25235e+11 1.71929e+12
4.26141e+12 7.282e+12
5.06311e+12 8.30621e+12
605
3.69835e+11 3.06301e+12
3.76688e+11 3.08384e+12
5.42388e+11 3.57711e+12
5.35203e+11 1.63418e+12
4.00211e+12 6.75611e+12
4.85398e+12 7.83555e+12
606
3.82914e+11 3.1288e+12
3.90262e+11 3.15094e+12
5.74928e+11 3.69259e+12
5.33719e+11 1.75516e+12
4.19555e+12 7.22165e+12
5.06041e+12 8.33418e+12
607
3.71801e+11 3.11399e+12
3.78362e+11 3.13442e+12
5.47789e+11 3.63264e+12
5.41579e+11 1.64576e+12
4.08031e+12 6.85297e+12
4.9093e+12 7.90751e+12
608
3.99368e+11 3.22968e+12
4.07267e+11 3.25341e+12
6.15904e+11 3.84919e+12
5.3421e+11 1.91417e+12
4.47912e+12 7.88723e+12
5.39033e+12 9.07203e+12
609
3.76683e+11 3.17592e+12
3.83922e+11 3.19896e+12
5.55148e+11 3.69462e+12
5.48542e+11 1.68505e+12
4.02921e+12 6.84671e+12
4.92769e+12 8.00021e+12
610
3.90154e+11 3.24305e+12
3.96712e+11 3.26233e+12
5.88661e+11 3.81487e+12
5.4203e+11 1.80071e+12
4.49705e+12 7.72812e+12
5.32485e+12 8.79088e+12
611
3.98977e+11 3.28957e+12
4.06721e+11 3.3126e+12
6.08889e+11 3.89813e+12
5.46906e+11 1.89163e+12
4.44602e+12 7.81371e+12
5.36142e+12 9.00959e+12
612
4.00648e+11 3.31024e+12
4.08889e+11 3.33481e+12
6.07148e+11 3.90921e+12
5.49248e+11 1.8878e+12
4.35881e+12 7.67102e+12
5.29446e+12 8.89578e+12
613
4.03161e+11 3.33688e+12
4.11703e+11 3.36205e+12
6.1146e+11 3.93629e+12
5.52684e+11 1.90817e+12
4.33917e+12 7.66979e+12
5.3079e+12 8.9365e+12
614
3.986e+11 3.34284e+12
4.06478e+11 3.36626e+12
5.97905e+11 3.91409e+12
5.5631e+11 1.84709e+12
4.35215e+12 7.56697e+12
5.27184e+12 8.76272e+12
615
4.07612e+11 3.38815e+12
4.16642e+11 3.41494e+12
6.16289e+11 3.98476e+12
5.58499e+11 1.9253e+12
4.32576e+12 7.6403e+12
5.3304e+12 8.9523e+12
616
3.9729e+11 3.3668e+12
4.05854e+11 3.39317e+12
5.88026e+11 3.91874e+12
5.67902e+11 1.81557e+12
4.12535e+12 7.14447e+12
5.11556e+12 8.43343e+12
617
4.00468e+11 3.38938e+12
4.08837e+11 3.41521e+12
5.9429e+11 3.94786e+12
5.70259e+11 1.83557e+12
4.22272e+12 7.31121e+12
5.21379e+12 8.59162e+12
618
4.20981e+11 3.47141e+12
4.2951e+11 3.4971e+12
6.41215e+11 4.09821e+12
5.62221e+11 2.01294e+12
4.67458e+12 8.24096e+12
5.6448e+12 9.50496e+12
619
4.05838e+11 3.43287e+12
4.14629e+11 3.46015e+12
5.99199e+11 3.99358e+12
5.77394e+11 1.85797e+12
4.20858e+12 7.28112e+12
5.23431e+12 8.59715e+12
620
4.2089e+11 3.49282e+12
4.30733e+11 3.52259e+12
6.31962e+11 4.10656e+12
5.76213e+11 1.99121e+12
4.32317e+12 7.65771e+12
5.39199e+12 9.05159e+12
621
4.03862e+11 3.44992e+12
4.12764e+11 3.47801e+12
5.86288e+11 3.99275e+12
5.87368e+11 1.80425e+12
4.06024e+12 6.95279e+12
5.0821e+12 8.26872e+12
622
4.19092e+11 3.51707e+12
4.28114e+11 3.54547e+12
6.23687e+11 4.12463e+12
5.84585e+11 1.94058e+12
4.37891e+12 7.63433e+12
5.38382e+12 8.93948e+12
623
4.0874e+11 3.50171e+12
4.1671e+11 3.52744e+12
5.96666e+11 4.06588e+12
5.90991e+11 1.82356e+12
4.30572e+12 7.34197e+12
5.26814e+12 8.58094e+12
624
4.31392e+11 3.60054e+12
4.41217e+11 3.63151e+12
6.49831e+11 4.23681e+12
5.91122e+11 2.04165e+12
4.43599e+12 7.90246e+12
5.50633e+12 9.31745e+12
625
4.41161e+11 3.65646e+12
4.51762e+11 3.6893e+12
6.69255e+11 4.3118e+12
5.9219e+11 2.12218e+12
4.48327e+12 8.10815e+12
5.60213e+12 9.60377e+12
626
4.3671e+11 3.66246e+12
4.46896e+11 3.6936e+12
6.58259e+11 4.29988e+12
5.98118e+11 2.07128e+12
4.45273e+12 7.97572e+12
5.54597e+12 9.42905e+12
627
4.46073e+11 3.7101e+12
4.56386e+11 3.74059e+12
6.83508e+11 4.39239e+12
5.9782e+11 2.16217e+12
4.68832e+12 8.48571e+12
5.79472e+12 9.96247e+12
628
4.48648e+11 3.7364e+12
4.58094e+11 3.7643e+12
6.89661e+11 4.4282e+12
5.9664e+11 2.17171e+12
4.90898e+12 8.84506e+12
5.971e+12 1.02455e+13
629
4.23194e+11 3.67065e+12
4.32279e+11 3.69908e+12
6.17461e+11 4.24002e+12
6.14255e+11 1.90017e+12
4.30494e+12 7.4546e+12
5.33813e+12 8.80081e+12
630
4.38832e+11 3.74242e+12
4.49508e+11 3.77525e+12
6.51788e+11 4.3582e+12
6.15742e+11 2.04581e+12
4.36605e+12 7.75365e+12
5.48629e+12 9.23457e+12
631
4.5417e+11 3.81289e+12
4.65812e+11 3.8481e+12
6.89557e+11 4.48497e+12
6.18484e+11 2.19987e+12
4.53698e+12 8.21381e+12
5.70287e+12 9.77165e+12
632
4.35943e+11 3.77091e+12
4.45681e+11 3.80102e+12
6.41936e+11 4.3685e+12
6.24876e+11 2.00258e+12
4.44083e+12 7.71744e+12
5.51261e+12 9.11888e+12
633
4.73053e+11 3.90961e+12
4.85e+11 3.94464e+12
7.33793e+11 4.65889e+12
6.16588e+11 2.37238e+12
4.93759e+12 9.02838e+12
6.13257e+12 1.06313e+13
634
4.62683e+11 3.89198e+12
4.73689e+11 3.92519e+12
7.07597e+11 4.61413e+12
6.2718e+11 2.26776e+12
4.82494e+12 8.67087e+12
5.99075e+12 1.0213e+13
635
4.58223e+11 3.89797e+12
4.69791e+11 3.934e+12
6.90603e+11 4.58958e+12
6.36385e+11 2.21181e+12
4.58716e+12 8.19624e+12
5.7825e+12 9.77691e+12
636
4.62021e+11 3.93651e+12
4.73233e+11 3.97371e+12
6.99909e+11 4.64162e+12
6.37488e+11 2.23978e+12
4.72088e+12 8.43809e+12
5.91996e+12 1.00159e+13
637
4.65579e+11 3.97591e+12
4.75816e+11 4.00828e+12
7.07613e+11 4.7003e+12
6.34459e+11 2.24995e+12
4.97698e+12 8.84315e+12
6.13419e+12 1.03497e+13
638
4.47172e+11 3.93714e+12
4.57072e+11 3.96937e+12
6.52891e+11 4.56049e+12
6.50179e+11 2.03598e+12
4.52498e+12 7.80762e+12
5.6571e+12 9.26975e+12
639
4.72187e+11 4.0501e+12
4.83988e+11 4.08599e+12
7.1205e+11 4.74783e+12
6.48431e+11 2.27679e+12
4.73873e+12 8.52217e+12
5.98511e+12 1.01709e+13
640
4.88453e+11 4.12753e+12
5.01439e+11 4.16605e+12
7.47418e+11 4.86405e+12
6.51043e+11 2.41545e+12
4.83415e+12 8.87605e+12
6.12495e+12 1.06129e+13
641
4.57581e+11 4.03525e+12
4.68515e+11 4.06814e+12
6.61051e+11 4.63222e+12
6.63721e+11 2.05919e+12
4.4159e+12 7.67977e+12
5.58809e+12 9.21815e+12
642
4.59667e+11 4.05044e+12
4.69879e+11 4.08215e+12
6.63758e+11 4.65305e+12
6.64705e+11 2.05463e+12
4.57644e+12 7.90785e+12
5.69881e+12 9.37208e+12
643
4.70887e+11 4.10377e+12
4.8167e+11 4.13701e+12
6.95842e+11 4.76072e+12
6.6723e+11 2.1739e+12
4.7376e+12 8.3603e+12
5.91794e+12 9.91324e+12
644
4.88727e+11 4.18241e+12
5.01198e+11 4.22035e+12
7.40642e+11 4.90978e+12
6.69215e+11 2.35608e+12
4.85772e+12 8.83706e+12
6.14893e+12 1.05633e+13
645
4.81986e+11 4.18007e+12
4.9342e+11 4.2152e+12
7.19991e+11 4.86904e+12
6.7314e+11 2.26672e+12
4.86022e+12 8.67561e+12
6.07163e+12 1.0289e+13
646
4.85241e+11 4.21221e+12
4.97897e+11 4.25169e+12
7.21707e+11 4.89792e+12
6.83291e+11 2.2924e+12
4.66816e+12 8.40213e+12
5.94677e+12 1.01099e+13
647
5.20029e+11 4.34681e+12
5.33912e+11 4.3883e+12
8.12509e+11 5.19126e+12
6.75456e+11 2.6496e+12
5.29037e+12 9.911e+12
6.68498e+12 1.17969e+13
648
4.9939e+11 4.29724e+12
5.11644e+11 4.33495e+12
7.49871e+11 5.04008e+12
6.84491e+11 2.39719e+12
5.0223e+12 9.04969e+12
6.28931e+12 1.07446e+13
649
4.88243e+11 4.28372e+12
5.00721e+11 4.32364e+12
7.16367e+11 4.96728e+12
6.98578e+11 2.2694e+12
4.65476e+12 8.25494e+12
5.92523e+12 9.95107e+12
650
5.04789e+11 4.36731e+12
5.16894e+11 4.40512e+12
7.58234e+11 5.12098e+12
6.93757e+11 2.4206e+12
5.10942e+12 9.13599e+12
6.35473e+12 1.07897e+13
651
5.17531e+11 4.44267e+12
5.31153e+11 4.48486e+12
7.90198e+11 5.24398e+12
6.97054e+11 2.55057e+12
5.17656e+12 9.42591e+12
6.543e+12 1.12512e+13
652
4.75075e+11 4.32801e+12
4.85906e+11 4.36425e+12
6.72589e+11 4.9286e+12
7.16744e+11 2.07803e+12
4.56408e+12 7.72803e+12
5.76071e+12 9.27142e+12
653
5.23881e+11 4.52028e+12
5.36937e+11 4.56078e+12
8e+11 5.33359e+12
7.02537e+11 2.576e+12
5.37259e+12 9.72344e+12
6.73719e+12 1.15283e+13
654
5.12985e+11 4.50985e+12
5.27009e+11 4.55523e+12
7.62231e+11 5.24988e+12
7.21334e+11 2.4474e+12
4.84319e+12 8.70632e+12
6.24004e+12 1.05575e+13
655
5.29993e+11 4.59322e+12
5.44761e+11 4.6386e+12
8.00212e+11 5.38212e+12
7.1976e+11 2.5904e+12
5.09134e+12 9.29548e+12
6.50622e+12 1.11991e+13
656
5.27294e+11 4.60396e+12
5.40684e+11 4.6454e+12
7.91839e+11 5.38384e+12
7.21481e+11 2.53451e+12
5.21521e+12 9.41093e+12
6.58423e+12 1.12375e+13
657
5.25496e+11 4.61516e+12
5.39212e+11 4.65825e+12
7.82464e+11 5.37406e+12
7.31533e+11 2.49708e+12
5.06584e+12 9.12425e+12
6.45724e+12 1.09809e+13
658
5.36312e+11 4.67314e+12
5.51949e+11 4.72932e+12
8.01979e+11 5.44691e+12
7.41053e+11 2.58626e+12
4.92626e+12 9.04456e+12
6.40971e+12 1.10549e+13
659
5.24911e+11 4.65637e+12
5.40259e+11 4.70428e+12
7.65852e+11 5.36318e+12
7.52607e+11 2.4422e+12
4.66209e+12 8.4051e+12
6.10899e+12 1.0356e+13
660
5.19956e+11 4.65693e+12
5.33221e+11 4.6994e+12
7.51697e+11 5.34395e+12
7.52045e+11 2.35918e+12
4.86912e+12 8.58383e+12
6.21226e+12 1.03572e+13
661
5.4727e+11 4.76977e+12
5.63774e+11 4.82149e+12
8.20006e+11 5.5642e+12
7.58939e+11 2.64631e+12
4.95055e+12 9.14075e+12
6.48572e+12 1.12116e+13
662
5.58849e+11 4.8324e+12
5.74315e+11 4.88007e+12
8.53387e+11 5.68886e+12
7.55499e+11 2.75556e+12
5.40525e+12 9.9819e+12
6.91394e+12 1.20072e+13
663
5.6127e+11 4.86778e+12
5.77192e+11 4.91704e+12
8.54256e+11 5.72382e+12
7.62682e+11 2.76848e+12
5.34654e+12 9.8706e+12
6.86753e+12 1.19268e+13
664
5.49268e+11 4.85342e+12
5.65398e+11 4.90507e+12
8.12114e+11 5.63448e+12
7.77701e+11 2.61954e+12
4.94429e+12 8.98474e+12
6.4529e+12 1.10218e+13
665
5.72873e+11 4.9601e+12
5.89469e+11 5.01326e+12
8.72593e+11 5.85602e+12
7.72585e+11 2.8519e+12
5.39338e+12 1.00362e+13
7.0028e+12 1.22184e+13
666
5.66112e+11 4.97006e+12
5.82368e+11 5.02275e+12
8.46494e+11 5.81564e+12
7.83001e+11 2.73964e+12
5.23181e+12 9.58083e+12
6.77248e+12 1.16489e+13
667
5.88056e+11 5.08365e+12
6.06656e+11 5.14103e+12
9.02666e+11 6.01342e+12
7.83857e+11 2.95374e+12
5.47327e+12 1.02573e+13
7.13937e+12 1.25216e+13
668
5.68141e+11 5.05531e+12
5.86136e+11 5.11349e+12
8.41545e+11 5.85766e+12
8.03503e+11 2.7213e+12
4.93961e+12 9.05053e+12
6.56394e+12 1.12357e+13
669
5.72656e+11 5.09961e+12
5.88123e+11 5.14827e+12
8.56547e+11 5.92403e+12
7.94822e+11 2.74319e+12
5.46936e+12 9.89398e+12
7.02496e+12 1.19619e+13
670
5.9192e+11 5.17908e+12
6.0993e+11 5.23471e+12
8.98953e+11 6.07191e+12
8.0667e+11 2.93078e+12
5.42746e+12 1.00897e+13
7.09484e+12 1.23471e+13
671
5.71693e+11 5.12569e+12
5.86787e+11 5.1738e+12
8.36168e+11 5.92183e+12
8.10222e+11 2.65909e+12
5.32901e+12 9.5153e+12
6.82781e+12 1.15107e+13
672
5.76901e+11 5.17222e+12
5.93692e+11 5.22689e+12
8.40146e+11 5.95993e+12
8.21565e+11 2.68587e+12
5.10738e+12 9.21805e+12
6.68256e+12 1.13386e+13
673
6.04358e+11 5.29563e+12
6.23041e+11 5.35463e+12
9.06776e+11 6.18586e+12
8.22608e+11 2.94453e+12
5.43203e+12 1.00846e+13
7.10545e+12 1.23808e+13
674
5.84932e+11 5.26063e+12
6.01478e+11 5.31404e+12
8.50737e+11 6.04895e+12
8.30951e+11 2.70578e+12
5.25402e+12 9.44104e+12
6.81826e+12 1.15409e+13
675
5.88513e+11 5.30114e+12
6.05603e+11 5.35576e+12
8.5525e+11 6.08864e+12
8.42354e+11 2.72568e+12
5.20113e+12 9.34388e+12
6.77514e+12 1.14576e+13
676
6.29778e+11 5.46261e+12
6.49761e+11 5.52461e+12
9.69425e+11 6.45312e+12
8.42489e+11 3.1747e+12
5.73939e+12 1.08704e+13
7.5529e+12 1.33444e+13
677
6.08364e+11 5.41901e+12
6.27e+11 5.47861e+12
9.01456e+11 6.28995e+12
8.54939e+11 2.90808e+12
5.3621e+12 9.84446e+12
7.06582e+12 1.21361e+13
678
5.99045e+11 5.4222e+12
6.14983e+11 5.47371e+12
8.68062e+11 6.23142e+12
8.5535e+11 2.75409e+12
5.49035e+12 9.72993e+12
6.99573e+12 1.17364e+13
679
6.25782e+11 5.54848e+12
6.45523e+11 5.61206e+12
9.37844e+11 6.47868e+12
8.6644e+11 3.04883e+12
5.52065e+12 1.0241e+13
7.29981e+12 1.26605e+13
680
6.21249e+11 5.56742e+12
6.40078e+11 5.62886e+12
9.13429e+11 6.44694e+12
8.74922e+11 2.94555e+12
5.43456e+12 9.91186e+12
7.13967e+12 1.22219e+13
681
6.1968e+11 5.59903e+12
6.37328e+11 5.65669e+12
9.02799e+11 6.44915e+12
8.76244e+11 2.87847e+12
5.5457e+12 9.97486e+12
7.20009e+12 1.2189e+13
682
6.23704e+11 5.64931e+12
6.44113e+11 5.71508e+12
9.02821e+11 6.48028e+12
8.96585e+11 2.90473e+12
5.158e+12 9.37435e+12
6.90461e+12 1.17332e+13
683
6.20645e+11 5.67108e+12
6.40288e+11 5.73545e+12
8.92286e+11 6.47809e+12
9.04571e+11 2.85211e+12
5.12661e+12 9.23446e+12
6.85506e+12 1.15528e+13
684
6.26666e+11 5.71865e+12
6.46742e+11 5.78383e+12
8.98518e+11 6.52767e+12
9.08287e+11 2.87933e+12
5.15304e+12 9.31281e+12
6.92204e+12 1.16947e+13
685
6.38452e+11 5.77963e+12
6.57527e+11 5.84148e+12
9.26889e+11 6.64738e+12
9.09858e+11 2.96673e+12
5.50624e+12 9.96029e+12
7.23422e+12 1.22917e+13
686
6.52819e+11 5.85837e+12
6.72074e+11 5.92089e+12
9.5968e+11 6.78127e+12
9.10971e+11 3.07733e+12
5.77286e+12 1.05361e+13
7.52972e+12 1.29195e+13
687
6.90852e+11 6.02835e+12
7.14273e+11 6.10246e+12
1.06573e+12 7.13549e+12
9.22929e+11 3.49828e+12
6.04991e+12 1.15997e+13
8.09647e+12 1.44209e+13
688
6.76669e+11 6.01999e+12
6.99347e+11 6.09082e+12
1.01297e+12 7.00908e+12
9.33388e+11 3.29139e+12
5.76842e+12 1.08071e+13
7.7357e+12 1.34896e+13
689
6.62743e+11 6.00739e+12
6.84087e+11 6.07562e+12
9.60237e+11 6.89045e+12
9.4064e+11 3.08035e+12
5.52757e+12 1.00736e+13
7.38637e+12 1.25877e+13
690
6.68452e+11 6.05325e+12
6.88379e+11 6.11783e+12
9.76911e+11 6.98013e+12
9.46457e+11 3.12035e+12
5.78816e+12 1.0516e+13
7.59747e+12 1.29451e+13
691
6.64821e+11 6.07961e+12
6.84935e+11 6.14636e+12
9.56646e+11 6.96468e+12
9.5729e+11 3.04407e+12
5.61233e+12 1.01128e+13
7.425e+12 1.25369e+13
692
6.86791e+11 6.19651e+12
7.06463e+11 6.26032e+12
1.01253e+12 7.17685e+12
9.52133e+11 3.23128e+12
6.16007e+12 1.12043e+13
7.98414e+12 1.36659e+13
693
6.77852e+11 6.21002e+12
6.9887e+11 6.2801e+12
9.71109e+11 7.09556e+12
9.72935e+11 3.09416e+12
5.63813e+12 1.01837e+13
7.50416e+12 1.26969e+13
694
7.04477e+11 6.33928e+12
7.27851e+11 6.41453e+12
1.0445e+12 7.34914e+12
9.81381e+11 3.36951e+12
5.92201e+12 1.10082e+13
7.94888e+12 1.37686e+13
695
7.19054e+11 6.42467e+12
7.45322e+11 6.50887e+12
1.07313e+12 7.46835e+12
1.00038e+12 3.50325e+12
5.76276e+12 1.09077e+13
7.90743e+12 1.3849e+13
696
7.13876e+11 6.44538e+12
7.38944e+11 6.52674e+12
1.04864e+12 7.43487e+12
1.00692e+12 3.40023e+12
5.72653e+12 1.06613e+13
7.79736e+12 1.34869e+13
697
7.02876e+11 6.44198e+12
7.26053e+11 6.51788e+12
1.00738e+12 7.35799e+12
1.01467e+12 3.22706e+12
5.61651e+12 1.02191e+13
7.57826e+12 1.28704e+13
698
7.19806e+11 6.53016e+12
7.43816e+11 6.60962e+12
1.04736e+12 7.52075e+12
1.02095e+12 3.36945e+12
5.83494e+12 1.07521e+13
7.85097e+12 1.34981e+13
699
7.2949e+11 6.6111e+12
7.55562e+11 6.69711e+12
1.05984e+12 7.60694e+12
1.03384e+12 3.42478e+12
5.70446e+12 1.0626e+13
7.83473e+12 1.35423e+13
700
7.57556e+11 6.75311e+12
7.85061e+11 6.84211e+12
1.13115e+12 7.85361e+12
1.04402e+12 3.69322e+12
6.07744e+12 1.15098e+13
8.26496e+12 1.45385e+13
701
7.58757e+11 6.79414e+12
7.84392e+11 6.87592e+12
1.1343e+12 7.90202e+12
1.0413e+12 3.66307e+12
6.36348e+12 1.19289e+13
8.53298e+12 1.4894e+13
702
7.36742e+11 6.75449e+12
7.6215e+11 6.83866e+12
1.05061e+12 7.70234e+12
1.06876e+12 3.36812e+12
5.61564e+12 1.02769e+13
7.67004e+12 1.30645e+13
703
7.67457e+11 6.8996e+12
7.95584e+11 6.99174e+12
1.13132e+12 7.99073e+12
1.07786e+12 3.67199e+12
5.9364e+12 1.12036e+13
8.18431e+12 1.42963e+13
704
7.68868e+11 6.95407e+12
7.9509e+11 7.03949e+12
1.12197e+12 8.01447e+12
1.07714e+12 3.60164e+12
6.17543e+12 1.1422e+13
8.30316e+12 1.43381e+13
705
7.7782e+11 7.0449e+12
8.07635e+11 7.14178e+12
1.14107e+12 8.11924e+12
1.10803e+12 3.70725e+12
5.82007e+12 1.09778e+13
8.09322e+12 1.41143e+13
706
7.58068e+11 7.02389e+12
7.85369e+11 7.11491e+12
1.0658e+12 7.95373e+12
1.11153e+12 3.40954e+12
5.5978e+12 1.01794e+13
7.73215e+12 1.3067e+13
707
7.90068e+11 7.17266e+12
8.17191e+11 7.26066e+12
1.15478e+12 8.26038e+12
1.10774e+12 3.71108e+12
6.34041e+12 1.17269e+13
8.54784e+12 1.47399e+13
708
8.31079e+11 7.35703e+12
8.62817e+11 7.45788e+12
1.2729e+12 8.65684e+12
1.13083e+12 4.18194e+12
6.60512e+12 1.27862e+13
9.10957e+12 1.62686e+13
709
8.10156e+11 7.32671e+12
8.3957e+11 7.42387e+12
1.19025e+12 8.46823e+12
1.13693e+12 3.84815e+12
6.28303e+12 1.17847e+13
8.62512e+12 1.49978e+13
710
8.04419e+11 7.3573e+12
8.32033e+11 7.44856e+12
1.15279e+12 8.40857e+12
1.13816e+12 3.67819e+12
6.28966e+12 1.15067e+13
8.50707e+12 1.45298e+13
711
8.27382e+11 7.48328e+12
8.56647e+11 7.57859e+12
1.21502e+12 8.63722e+12
1.15606e+12 3.90424e+12
6.44147e+12 1.20773e+13
8.78571e+12 1.52886e+13
712
8.45441e+11 7.58228e+12
8.76594e+11 7.68283e+12
1.24983e+12 8.78387e+12
1.16997e+12 4.03572e+12
6.50551e+12 1.23236e+13
8.93733e+12 1.5686e+13
713
8.46176e+11 7.62811e+12
8.76671e+11 7.72745e+12
1.23516e+12 8.78981e+12
1.17952e+12 3.95905e+12
6.4788e+12 1.2142e+13
8.85904e+12 1.54261e+13
714
8.70465e+11 7.76754e+12
9.03061e+11 7.8724e+12
1.31107e+12 9.07395e+12
1.19494e+12 4.22595e+12
6.78487e+12 1.30077e+13
9.33713e+12 1.65469e+13
715
8.40953e+11 7.73233e+12
8.69261e+11 7.82644e+12
1.19438e+12 8.80305e+12
1.19748e+12 3.77782e+12
6.45431e+12 1.17615e+13
8.71747e+12 1.48232e+13
716
8.2987e+11 7.76092e+12
8.57537e+11 7.8544e+12
1.14234e+12 8.71877e+12
1.21492e+12 3.58465e+12
6.12348e+12 1.08981e+13
8.29997e+12 1.38145e+13
717
8.95029e+11 8.03597e+12
9.29055e+11 8.14522e+12
1.34022e+12 9.35706e+12
1.23041e+12 4.33116e+12
6.94337e+12 1.32185e+13
9.6058e+12 1.68929e+13
718
8.81629e+11 8.04594e+12
9.13501e+11 8.15296e+12
1.27852e+12 9.24825e+12
1.24285e+12 4.08201e+12
6.69951e+12 1.24326e+13
9.20297e+12 1.58411e+13
719
9.01417e+11 8.18259e+12
9.34734e+11 8.29208e+12
1.32386e+12 9.43819e+12
1.25766e+12 4.239e+12
6.83696e+12 1.2834e+13
9.43579e+12 1.63926e+13
720
9.14027e+11 8.26658e+12
9.5028e+11 8.38345e+12
1.32965e+12 9.49709e+12
1.28304e+12 4.28664e+12
6.55465e+12 1.24216e+13
9.22059e+12 1.61116e+13
721
9.42089e+11 8.39151e+12
9.79786e+11 8.51187e+12
1.40584e+12 9.76648e+12
1.2946e+12 4.53467e+12
6.93558e+12 1.33911e+13
9.74192e+12 1.72895e+13
722
9.32622e+11 8.41821e+12
9.69342e+11 8.53836e+12
1.3514e+12 9.66406e+12
1.30664e+12 4.322e+12
6.68156e+12 1.26386e+13
9.3364e+12 1.63329e+13
723
9.38415e+11 8.49626e+12
9.73743e+11 8.61206e+12
1.35245e+12 9.73899e+12
1.31849e+12 4.30432e+12
6.79193e+12 1.27536e+13
9.41743e+12 1.63699e+13
724
9.76002e+11 8.69541e+12
1.01517e+12 8.82101e+12
1.4634e+12 1.01377e+13
1.33606e+12 4.70274e+12
7.229e+12 1.39596e+13
1.01243e+13 1.79791e+13
725
9.89516e+11 8.81705e+12
1.03152e+12 8.95227e+12
1.47812e+12 1.02628e+13
1.36374e+12 4.7892e+12
7.07887e+12 1.37e+13
1.0043e+13 1.78472e+13
726
9.53868e+11 8.76964e+12
9.88589e+11 8.88653e+12
1.33901e+12 9.94981e+12
1.36325e+12 4.22349e+12
6.79446e+12 1.23857e+13
9.34341e+12 1.58458e+13
727
9.90503e+11 8.97847e+12
1.02954e+12 9.10854e+12
1.43228e+12 1.02986e+13
1.38356e+12 4.55932e+12
7.05194e+12 1.32295e+13
9.88307e+12 1.7124e+13
728
9.95401e+11 9.05592e+12
1.03369e+12 9.17961e+12
1.42959e+12 1.03453e+13
1.39954e+12 4.51987e+12
7.08383e+12 1.31777e+13
9.84466e+12 1.69623e+13
729
1.01157e+12 9.1615e+12
1.0526e+12 9.29539e+12
1.45867e+12 1.04895e+13
1.42879e+12 4.63996e+12
6.93726e+12 1.31287e+13
9.83634e+12 1.7141e+13
730
1.04984e+12 9.34761e+12
1.09527e+12 9.4929e+12
1.55751e+12 1.08383e+13
1.45564e+12 5.0015e+12
7.20459e+12 1.40303e+13
1.03501e+13 1.84341e+13
731
1.03687e+12 9.36265e+12
1.07904e+12 9.50041e+12
1.48364e+12 1.06959e+13
1.46311e+12 4.70829e+12
7.03311e+12 1.32742e+13
9.93894e+12 1.73006e+13
732
1.0352e+12 9.42079e+12
1.07099e+12 9.53918e+12
1.45467e+12 1.06947e+13
1.44558e+12 4.52452e+12
7.48619e+12 1.36748e+13
1.01983e+13 1.73596e+13
733
1.0983e+12 9.70587e+12
1.14623e+12 9.86225e+12
1.62652e+12 1.12943e+13
1.5118e+12 5.20583e+12
7.45863e+12 1.45015e+13
1.07231e+13 1.90517e+13
734
1.11429e+12 9.88232e+12
1.16129e+12 1.00342e+13
1.66689e+12 1.15056e+13
1.51558e+12 5.29277e+12
7.86732e+12 1.52511e+13
1.12105e+13 1.98967e+13
735
1.11798e+12 9.97181e+12
1.1677e+12 1.01326e+13
1.63215e+12 1.14914e+13
1.55465e+12 5.19071e+12
7.40081e+12 1.42323e+13
1.06481e+13 1.87783e+13
736
1.16053e+12 1.02011e+13
1.21348e+12 1.03707e+13
1.75376e+12 1.19224e+13
1.58531e+12 5.60613e+12
7.8263e+12 1.5433e+13
1.13383e+13 2.03846e+13
737
1.14474e+12 1.02083e+13
1.1924e+12 1.0361e+13
1.6646e+12 1.17408e+13
1.60014e+12 5.25498e+12
7.54889e+12 1.44234e+13
1.07798e+13 1.88941e+13
738
1.18719e+12 1.04123e+13
1.23805e+12 1.05723e+13
1.76784e+12 1.21162e+13
1.6041e+12 5.57148e+12
8.22645e+12 1.58836e+13
1.17301e+13 2.07532e+13
739
1.1798e+12 1.04789e+13
1.22961e+12 1.06382e+13
1.71414e+12 1.20608e+13
1.63277e+12 5.36324e+12
7.87452e+12 1.49849e+13
1.12133e+13 1.96122e+13
740
1.17244e+12 1.0564e+13
1.21853e+12 1.07154e+13
1.64583e+12 1.19781e+13
1.63932e+12 5.08592e+12
7.79273e+12 1.44413e+13
1.09743e+13 1.88043e+13
741
1.21928e+12 1.07869e+13
1.26799e+12 1.09437e+13
1.76917e+12 1.24128e+13
1.67648e+12 5.4993e+12
8.21963e+12 1.55999e+13
1.15731e+13 2.02533e+13
742
1.23325e+12 1.08985e+13
1.28749e+12 1.10749e+13
1.73951e+12 1.24168e+13
1.7227e+12 5.41169e+12
7.67663e+12 1.44682e+13
1.1009e+13 1.90814e+13
743
1.30703e+12 1.12479e+13
1.36822e+12 1.144e+13
1.97219e+12 1.31713e+13
1.75578e+12 6.17268e+12
8.58366e+12 1.68932e+13
1.24979e+13 2.2394e+13
744
1.28098e+12 1.12596e+13
1.33436e+12 1.14322e+13
1.82902e+12 1.2892e+13
1.77527e+12 5.62766e+12
8.09153e+12 1.53123e+13
1.15651e+13 2.01168e+13
745
1.34446e+12 1.16057e+13
1.40503e+12 1.17951e+13
2.00207e+12 1.34955e+13
1.82042e+12 6.19742e+12
8.73454e+12 1.70011e+13
1.26026e+13 2.24458e+13
746
1.3799e+12 1.17841e+13
1.44601e+12 1.19912e+13
2.05599e+12 1.37289e+13
1.8727e+12 6.36737e+12
8.6256e+12 1.68772e+13
1.26509e+13 2.24997e+13
747
1.3687e+12 1.1829e+13
1.42505e+12 1.20065e+13
1.95977e+12 1.35588e+13
1.85924e+12 5.91868e+12
8.83607e+12 1.65272e+13
1.25268e+13 2.15742e+13
748
1.40484e+12 1.20483e+13
1.47251e+12 1.2252e+13
2.01193e+12 1.38185e+13
1.93528e+12 6.1095e+12
8.45574e+12 1.60416e+13
1.22542e+13 2.13048e+13
749
1.44902e+12 1.22781e+13
1.51094e+12 1.24819e+13
2.08357e+12 1.41335e+13
1.95437e+12 6.2397e+12
9.02491e+12 1.7095e+13
1.29306e+13 2.25221e+13
750
1.50115e+12 1.24907e+13
1.57012e+12 1.27057e+13
2.14288e+12 1.43398e+13
2.02116e+12 6.38081e+12
8.89417e+12 1.69093e+13
1.28946e+13 2.24722e+13
751
1.57586e+12 1.27524e+13
1.64538e+12 1.29775e+13
2.28566e+12 1.47916e+13
2.08168e+12 6.75313e+12
9.20306e+12 1.77405e+13
1.3495e+13 2.37003e+13
752
1.68204e+12 1.2902e+13
1.73541e+12 1.31118e+13
2.29069e+12 1.47771e+13
2.11206e+12 6.45633e+12
9.19264e+12 1.72097e+13
1.32915e+13 2.28115e+13
753
1.70064e+12 1.32243e+13
1.77695e+12 1.3434e+13
2.41921e+12 1.50944e+13
2.1691e+12 6.53298e+12
9.63807e+12 1.78141e+13
1.37557e+13 2.34371e+13
754
1.74005e+12 1.35843e+13
1.82454e+12 1.38206e+13
2.57849e+12 1.57375e+13
2.36906e+12 7.12267e+12
1.00507e+13 1.88944e+13
1.46145e+13 2.51694e+13
755
1.73211e+12 1.38077e+13
1.81944e+12 1.4053e+13
2.52632e+12 1.59157e+13
2.46592e+12 7.11991e+12
1.02863e+13 1.86358e+13
1.47684e+13 2.47921e+13
756
1.75273e+12 1.42097e+13
1.84542e+12 1.44562e+13
2.59766e+12 1.6447e+13
2.50002e+12 7.48392e+12
1.10525e+13 1.95158e+13
1.62533e+13 2.61685e+13
757
1.73697e+12 1.44416e+13
1.82641e+12 1.47104e+13
2.5205e+12 1.66276e+13
2.51419e+12 7.42493e+12
1.09633e+13 1.9553e+13
1.60328e+13 2.61697e+13
758
1.79433e+12 1.49546e+13
1.89039e+12 1.52503e+13
2.73419e+12 1.75888e+13
2.55166e+12 8.35089e+12
1.1241e+13 2.17869e+13
1.67877e+13 2.96537e+13
759
1.8009e+12 1.53712e+13
1.89722e+12 1.56839e+13
2.75076e+12 1.81753e+13
2.5466e+12 8.68114e+12
1.137e+13 2.35452e+13
1.70288e+13 3.23544e+13
760
1.77654e+12 1.58114e+13
1.86432e+12 1.61317e+13
2.6349e+12 1.84626e+13
2.52611e+12 8.82668e+12
1.11833e+13 2.29552e+13
1.65721e+13 3.06933e+13
761
1.75151e+12 1.62776e+13
1.83761e+12 1.66085e+13
2.52211e+12 1.90158e+13
2.52832e+12 8.68282e+12
1.07859e+13 2.16766e+13
1.5856e+13 2.89124e+13
762
1.74229e+12 1.73371e+13
1.82756e+12 1.78794e+13
2.47327e+12 2.02773e+13
2.51333e+12 8.43602e+12
1.09205e+13 2.15328e+13
1.57048e+13 2.83423e+13
763
1.78082e+12 1.83594e+13
1.87891e+12 1.86813e+13
2.6163e+12 2.09579e+13
2.56047e+12 9.02215e+12
1.10203e+13 2.24229e+13
1.62339e+13 2.99762e+13
764
1.77892e+12 1.83516e+13
1.86831e+12 1.86697e+13
2.59163e+12 2.0925e+13
2.54611e+12 8.90227e+12
1.09267e+13 2.21925e+13
1.60675e+13 2.95564e+13
765
1.74633e+12 1.82768e+13
1.8266e+12 1.8564e+13
2.43696e+12 2.04949e+13
2.51195e+12 8.2578e+12
1.06644e+13 2.09421e+13
1.53695e+13 2.75877e+13
766
1.80063e+12 1.85096e+13
1.8936e+12 1.88398e+13
2.65081e+12 2.11992e+13
2.54383e+12 9.07167e+12
1.11116e+13 2.27451e+13
1.64478e+13 3.04621e+13
767
1.75299e+12 1.83899e+13
1.832e+12 1.86722e+13
2.4331e+12 2.05843e+13
2.50253e+12 8.18424e+12
1.08127e+13 2.10631e+13
1.54608e+13 2.7604e+13
768
1.7893e+12 1.85628e+13
1.8728e+12 1.88576e+13
2.56252e+12 2.10229e+13
2.53455e+12 8.69174e+12
1.09122e+13 2.18584e+13
1.58706e+13 2.8921e+13
769
1.78373e+12 1.85931e+13
1.86607e+12 1.88864e+13
2.53698e+12 2.09959e+13
2.50645e+12 8.50742e+12
1.12002e+13 2.20752e+13
1.61371e+13 2.90793e+13
770
1.77012e+12 1.85978e+13
1.85295e+12 1.8894e+13
2.45235e+12 2.07782e+13
2.55706e+12 8.26713e+12
1.03658e+13 2.03957e+13
1.50637e+13 2.70149e+13
771
1.80232e+12 1.87054e+13
1.88973e+12 1.90155e+13
2.57803e+12 2.1171e+13
2.54527e+12 8.68528e+12
1.10765e+13 2.20567e+13
1.60058e+13 2.90828e+13
772
1.8294e+12 1.88437e+13
1.91857e+12 1.91587e+13
2.67891e+12 2.15296e+13
2.57102e+12 9.08272e+12
1.10514e+13 2.26029e+13
1.63631e+13 3.02214e+13
773
1.83913e+12 1.8924e+13
1.93311e+12 1.92555e+13
2.68921e+12 2.16081e+13
2.60292e+12 9.14463e+12
1.07591e+13 2.21771e+13
1.60212e+13 2.97627e+13
774
1.85509e+12 1.90275e+13
1.94659e+12 1.93501e+13
2.75171e+12 2.18461e+13
2.57304e+12 9.29308e+12
1.13301e+13 2.33101e+13
1.67348e+13 3.11066e+13
775
1.84711e+12 1.9044e+13
1.94e+12 1.9373e+13
2.68449e+12 2.16991e+13
2.60227e+12 9.0747e+12
1.08314e+13 2.21459e+13
1.59678e+13 2.95201e+13
776
1.84882e+12 1.91038e+13
1.94041e+12 1.94292e+13
2.66949e+12 2.17089e+13
2.60838e+12 8.99859e+12
1.06803e+13 2.17934e+13
1.5777e+13 2.90908e+13
777
1.87706e+12 1.92566e+13
1.97367e+12 1.9596e+13
2.77796e+12 2.20785e+13
2.62593e+12 9.38784e+12
1.09051e+13 2.26741e+13
1.63352e+13 3.05107e+13
778
1.89091e+12 1.9334e+13
1.99116e+12 1.96851e+13
2.82547e+12 2.22578e+13
2.62637e+12 9.53429e+12
1.11467e+13 2.32327e+13
1.67098e+13 3.12956e+13
779
1.87616e+12 1.93148e+13
1.97022e+12 1.96464e+13
2.74388e+12 2.20538e+13
2.61247e+12 9.20206e+12
1.0991e+13 2.25404e+13
1.62954e+13 3.0162e+13
780
1.89941e+12 1.9442e+13
1.99517e+12 1.97785e+13
2.8265e+12 2.23534e+13
2.62546e+12 9.49573e+12
1.11402e+13 2.31883e+13
1.66419e+13 3.11358e+13
781
1.89361e+12 1.94734e+13
1.99302e+12 1.98257e+13
2.77439e+12 2.22522e+13
2.64382e+12 9.29929e+12
1.08547e+13 2.24144e+13
1.61328e+13 3.00391e+13
782
1.85323e+12 1.93757e+13
1.93872e+12 1.96813e+13
2.5806e+12 2.17172e+13
2.59272e+12 8.5259e+12
1.06323e+13 2.10584e+13
1.54497e+13 2.78643e+13
783
1.91577e+12 1.96489e+13
2.01156e+12 1.99868e+13
2.84224e+12 2.25708e+13
2.63405e+12 9.48463e+12
1.11756e+13 2.32018e+13
1.67508e+13 3.12351e+13
784
1.89682e+12 1.96464e+13
1.98984e+12 1.99759e+13
2.73401e+12 2.22973e+13
2.63602e+12 9.07177e+12
1.07702e+13 2.19798e+13
1.59836e+13 2.94366e+13
785
1.93457e+12 1.98167e+13
2.03421e+12 2.01659e+13
2.87908e+12 2.27747e+13
2.66319e+12 9.60765e+12
1.10259e+13 2.30746e+13
1.66108e+13 3.1155e+13
786
1.92352e+12 1.9807e+13
2.0176e+12 2.01391e+13
2.8129e+12 2.26177e+13
2.64288e+12 9.31427e+12
1.10365e+13 2.27023e+13
1.64221e+13 3.04296e+13
787
1.88906e+12 1.97345e+13
1.97495e+12 2.00409e+13
2.63506e+12 2.21336e+13
2.61894e+12 8.6323e+12
1.06161e+13 2.11418e+13
1.55e+13 2.8044e+13
788
1.90221e+12 1.98342e+13
1.98795e+12 2.01391e+13
2.68138e+12 2.2325e+13
2.60588e+12 8.73666e+12
1.09933e+13 2.18914e+13
1.59973e+13 2.89881e+13
789
1.97161e+12 2.01275e+13
2.07262e+12 2.04824e+13
2.95448e+12 2.32114e+13
2.68713e+12 9.78195e+12
1.11488e+13 2.34492e+13
1.6798e+13 3.16208e+13
790
1.95919e+12 2.01434e+13
2.05499e+12 2.04813e+13
2.88365e+12 2.30573e+13
2.65987e+12 9.45922e+12
1.11874e+13 2.31035e+13
1.67143e+13 3.10412e+13
791
1.97046e+12 2.02423e+13
2.07037e+12 2.0594e+13
2.90689e+12 2.31771e+13
2.68944e+12 9.54771e+12
1.10246e+13 2.29143e+13
1.65081e+13 3.08204e+13
792
1.90583e+12 2.00315e+13
1.98271e+12 2.03047e+13
2.61186e+12 2.23099e+13
2.5759e+12 8.34052e+12
1.11769e+13 2.16009e+13
1.59026e+13 2.82031e+13
793
1.96812e+12 2.03089e+13
2.06303e+12 2.06452e+13
2.84753e+12 2.31024e+13
2.66407e+12 9.27117e+12
1.10387e+13 2.26104e+13
1.64499e+13 3.03503e+13
794
1.99182e+12 2.04594e+13
2.09257e+12 2.08149e+13
2.91729e+12 2.33775e+13
2.70258e+12 9.5307e+12
1.09319e+13 2.27263e+13
1.63968e+13 3.0604e+13
795
1.97786e+12 2.04574e+13
2.0713e+12 2.07881e+13
2.83563e+12 2.31834e+13
2.66738e+12 9.16942e+12
1.10381e+13 2.24083e+13
1.62783e+13 2.98893e+13
796
2.0155e+12 2.06577e+13
2.11669e+12 2.10149e+13
2.98222e+12 2.37002e+13
2.70522e+12 9.68302e+12
1.12321e+13 2.33533e+13
1.68261e+13 3.14181e+13
797
2.03911e+12 2.08093e+13
2.14405e+12 2.11776e+13
3.06328e+12 2.40066e+13
2.73453e+12 9.97296e+12
1.11973e+13 2.36794e+13
1.69802e+13 3.20657e+13
798
2.02481e+12 2.07935e+13
2.12671e+12 2.11523e+13
2.96831e+12 2.3766e+13
2.72532e+12 9.61501e+12
1.09866e+13 2.28403e+13
1.64927e+13 3.07672e+13
799
2.03848e+12 2.08979e+13
2.13993e+12 2.12556e+13
3.0092e+12 2.39563e+13
2.72316e+12 9.71813e+12
1.11744e+13 2.32891e+13
1.67927e+13 3.13854e+13
800
2.06443e+12 2.10576e+13
2.16828e+12 2.14219e+13
3.10203e+12 2.43066e+13
2.74276e+12 1.00233e+13
1.1323e+13 2.39261e+13
1.71056e+13 3.23101e+13
801
2.014e+12 2.09336e+13
2.10623e+12 2.12605e+13
2.83651e+12 2.35627e+13
2.68999e+12 9.02539e+12
1.09298e+13 2.19683e+13
1.60674e+13 2.92585e+13
802
2.08022e+12 2.12431e+13
2.18721e+12 2.16192e+13
3.10949e+12 2.44697e+13
2.76113e+12 1.00096e+13
1.11888e+13 2.36354e+13
1.69864e+13 3.20311e+13
803
2.08304e+12 2.13164e+13
2.18813e+12 2.16854e+13
3.10756e+12 2.45236e+13
2.75636e+12 9.95405e+12
1.13295e+13 2.37689e+13
1.7085e+13 3.20902e+13
804
2.10275e+12 2.14301e+13
2.21159e+12 2.18119e+13
3.1598e+12 2.4737e+13
2.77374e+12 1.01291e+13
1.13284e+13 2.39865e+13
1.72229e+13 3.25354e+13
805
2.09288e+12 2.14586e+13
2.19655e+12 2.18237e+13
3.08277e+12 2.45752e+13
2.75831e+12 9.82037e+12
1.12091e+13 2.33981e+13
1.6818e+13 3.14892e+13
806
2.11573e+12 2.16076e+13
2.22361e+12 2.19873e+13
3.15696e+12 2.48784e+13
2.78044e+12 1.00664e+13
1.12746e+13 2.37969e+13
1.71051e+13 3.22372e+13
807
2.11619e+12 2.16827e+13
2.22173e+12 2.20549e+13
3.13275e+12 2.48807e+13
2.76736e+12 9.91901e+12
1.13723e+13 2.37445e+13
1.71264e+13 3.20423e+13
808
2.11182e+12 2.17359e+13
2.21553e+12 2.21012e+13
3.08231e+12 2.47939e+13
2.76226e+12 9.7096e+12
1.1267e+13 2.32983e+13
1.68554e+13 3.13313e+13
809
2.11389e+12 2.17921e+13
2.2168e+12 2.21559e+13
3.05612e+12 2.47755e+13
2.77165e+12 9.61506e+12
1.11128e+13 2.28876e+13
1.6614e+13 3.07642e+13
810
2.1502e+12 2.19921e+13
2.26115e+12 2.23837e+13
3.19132e+12 2.5266e+13
2.80688e+12 1.00674e+13
1.12271e+13 2.36603e+13
1.70589e+13 3.20986e+13
811
2.14507e+12 2.20377e+13
2.25032e+12 2.24084e+13
3.13324e+12 2.51565e+13
2.78628e+12 9.81962e+12
1.12529e+13 2.3379e+13
1.69108e+13 3.15244e+13
812
2.21036e+12 2.23543e+13
2.32654e+12 2.27614e+13
3.41438e+12 2.60979e+13
2.84997e+12 1.07745e+13
1.16192e+13 2.51663e+13
1.7872e+13 3.42995e+13
813
2.15544e+12 2.22353e+13
2.26255e+12 2.26147e+13
3.11391e+12 2.52704e+13
2.79861e+12 9.69339e+12
1.11351e+13 2.29678e+13
1.67082e+13 3.09509e+13
814
2.15252e+12 2.22753e+13
2.25394e+12 2.26343e+13
3.06679e+12 2.51815e+13
2.7812e+12 9.49284e+12
1.11833e+13 2.27764e+13
1.66201e+13 3.05386e+13
815
2.18803e+12 2.2471e+13
2.29477e+12 2.28475e+13
3.20279e+12 2.56714e+13
2.81255e+12 9.93307e+12
1.13447e+13 2.36002e+13
1.7015e+13 3.1771e+13
816
2.20999e+12 2.26286e+13
2.32245e+12 2.30256e+13
3.26293e+12 2.59464e+13
2.83642e+12 1.01275e+13
1.13199e+13 2.37814e+13
1.71832e+13 3.22432e+13
817
2.21606e+12 2.27393e+13
2.32709e+12 2.31308e+13
3.26207e+12 2.60311e+13
2.83592e+12 1.00717e+13
1.13788e+13 2.37865e+13
1.71819e+13 3.21554e+13
818
2.24036e+12 2.28911e+13
2.35409e+12 2.32902e+13
3.33827e+12 2.63266e+13
2.85732e+12 1.03109e+13
1.1442e+13 2.41787e+13
1.73899e+13 3.27865e+13
819
2.19909e+12 2.28105e+13
2.30055e+12 2.31713e+13
3.10837e+12 2.57165e+13
2.79843e+12 9.46854e+12
1.12952e+13 2.28621e+13
1.66867e+13 3.0536e+13
820
2.28119e+12 2.31827e+13
2.39913e+12 2.35969e+13
3.45536e+12 2.68501e+13
2.8849e+12 1.06383e+13
1.15947e+13 2.48197e+13
1.77466e+13 3.37718e+13
821
2.27085e+12 2.32283e+13
2.38465e+12 2.36286e+13
3.36962e+12 2.66776e+13
2.86895e+12 1.03055e+13
1.15344e+13 2.42637e+13
1.74484e+13 3.28228e+13
822
2.25839e+12 2.32748e+13
2.36888e+12 2.36662e+13
3.27545e+12 2.64901e+13
2.85141e+12 9.94984e+12
1.13849e+13 2.35591e+13
1.71185e+13 3.1772e+13
823
2.32949e+12 2.35969e+13
2.45012e+12 2.402e+13
3.58071e+12 2.74925e+13
2.91607e+12 1.0946e+13
1.18245e+13 2.55284e+13
1.81451e+13 3.47574e+13
824
2.32559e+12 2.36502e+13
2.44415e+12 2.40663e+13
3.51054e+12 2.73515e+13
2.90726e+12 1.0675e+13
1.16882e+13 2.49606e+13
1.78308e+13 3.39002e+13
825
2.29505e+12 2.36498e+13
2.40663e+12 2.40451e+13
3.33465e+12 2.69379e+13
2.86941e+12 1.00419e+13
1.15189e+13 2.3835e+13
1.72833e+13 3.21028e+13
826
2.36523e+12 2.39902e+13
2.48842e+12 2.4422e+13
3.63492e+12 2.79384e+13
2.94036e+12 1.10182e+13
1.18359e+13 2.55788e+13
1.82379e+13 3.49171e+13
827
2.36224e+12 2.40294e+13
2.48062e+12 2.44433e+13
3.57021e+12 2.77908e+13
2.92263e+12 1.07391e+13
1.18205e+13 2.52166e+13
1.79798e+13 3.4177e+13
828
2.39884e+12 2.42528e+13
2.52371e+12 2.46913e+13
3.71439e+12 2.83486e+13
2.95908e+12 1.11895e+13
1.19827e+13 2.60049e+13
1.84452e+13 3.54512e+13
829
2.39386e+12 2.43479e+13
2.51589e+12 2.47767e+13
3.64555e+12 2.82511e+13
2.94745e+12 1.09194e+13
1.19252e+13 2.5531e+13
1.8209e+13 3.46751e+13
830
2.36469e+12 2.42968e+13
2.47768e+12 2.46931e+13
3.45146e+12 2.77216e+13
2.90214e+12 1.02275e+13
1.17416e+13 2.43735e+13
1.75493e+13 3.27275e+13
831
2.3867e+12 2.44588e+13
2.50179e+12 2.48651e+13
3.49932e+12 2.79641e+13
2.91533e+12 1.03377e+13
1.17837e+13 2.45499e+13
1.76692e+13 3.30269e+13
832
2.45127e+12 2.48189e+13
2.5792e+12 2.52667e+13
3.79828e+12 2.89917e+13
2.99361e+12 1.12995e+13
1.20244e+13 2.61352e+13
1.85535e+13 3.56804e+13
833
2.39473e+12 2.46774e+13
2.50855e+12 2.508e+13
3.43526e+12 2.79733e+13
2.9046e+12 1.0043e+13
1.17128e+13 2.40079e+13
1.74601e+13 3.22213e+13
834
2.45533e+12 2.49772e+13
2.57805e+12 2.54081e+13
3.69789e+12 2.88469e+13
2.97244e+12 1.08661e+13
1.20487e+13 2.56023e+13
1.82621e+13 3.46398e+13
835
2.47632e+12 2.51669e+13
2.5986e+12 2.55982e+13
3.76601e+12 2.92011e+13
2.98897e+12 1.10522e+13
1.21828e+13 2.59659e+13
1.84614e+13 3.5075e+13
836
2.44738e+12 2.51702e+13
2.56539e+12 2.55858e+13
3.55699e+12 2.86571e+13
2.94664e+12 1.03151e+13
1.1745e+13 2.44028e+13
1.76802e+13 3.29329e+13
837
2.51674e+12 2.54843e+13
2.64413e+12 2.59309e+13
3.86516e+12 2.9675e+13
3.01196e+12 1.12602e+13
1.23228e+13 2.64539e+13
1.87281e+13 3.58015e+13
838
2.55554e+12 2.57691e+13
2.68708e+12 2.62301e+13
4.02253e+12 3.02955e+13
3.05388e+12 1.17246e+13
1.24794e+13 2.72378e+13
1.91923e+13 3.7068e+13
839
2.52592e+12 2.57304e+13
2.64959e+12 2.61621e+13
3.78855e+12 2.96565e+13
2.99661e+12 1.09029e+13
1.22488e+13 2.58636e+13
1.84607e+13 3.4869e+13
840
2.53502e+12 2.5869e+13
2.6543e+12 2.62905e+13
3.78179e+12 2.97729e+13
2.99618e+12 1.08387e+13
1.24246e+13 2.59899e+13
1.84445e+13 3.46755e+13
841
2.58368e+12 2.61747e+13
2.71209e+12 2.66255e+13
3.99477e+12 3.0542e+13
3.04091e+12 1.14263e+13
1.26014e+13 2.70352e+13
1.90957e+13 3.64996e+13
842
2.59246e+12 2.62751e+13
2.71758e+12 2.67166e+13
3.97545e+12 3.05626e+13
3.04032e+12 1.13256e+13
1.27003e+13 2.70247e+13
1.90352e+13 3.62315e+13
843
2.61701e+12 2.65057e+13
2.74569e+12 2.69584e+13
4.05442e+12 3.09512e+13
3.07862e+12 1.15356e+13
1.25867e+13 2.70788e+13
1.89857e+13 3.64167e+13
844
2.63492e+12 2.66314e+13
2.76271e+12 2.70788e+13
4.06953e+12 3.10708e+13
3.05919e+12 1.14874e+13
1.29076e+13 2.74979e+13
1.92776e+13 3.67517e+13
845
2.67939e+12 2.69395e+13
2.81736e+12 2.74244e+13
4.24655e+12 3.17714e+13
3.10783e+12 1.20142e+13
1.29038e+13 2.81646e+13
1.97302e+13 3.82028e+13
846
2.63775e+12 2.68561e+13
2.76405e+12 2.72983e+13
3.91227e+12 3.08559e+13
3.04465e+12 1.09522e+13
1.24495e+13 2.60617e+13
1.86318e+13 3.49817e+13
847
2.65346e+12 2.70747e+13
2.77655e+12 2.75075e+13
3.96747e+12 3.11124e+13
3.04826e+12 1.09967e+13
1.27208e+13 2.6545e+13
1.88363e+13 3.53565e+13
848
2.48152e+12 2.74152e+13
2.60555e+12 2.78733e+13
3.94868e+12 3.20599e+13
3.07443e+12 1.17094e+13
1.34431e+13 2.8496e+13
1.9727e+13 3.76809e+13
849
2.34753e+12 2.74753e+13
2.45972e+12 2.79187e+13
3.59574e+12 3.18606e+13
2.81548e+12 1.13379e+13
1.25614e+13 2.77111e+13
1.8493e+13 3.64461e+13
850
2.26909e+12 2.76473e+13
2.37866e+12 2.81029e+13
3.44506e+12 3.20425e+13
2.67285e+12 1.12978e+13
1.14704e+13 2.71888e+13
1.70257e+13 3.58437e+13
851
2.23235e+12 2.8027e+13
2.34392e+12 2.84643e+13
3.46979e+12 3.2711e+13
2.60669e+12 1.11593e+13
1.10104e+13 2.52462e+13
1.66674e+13 3.3703e+13
852
2.19877e+12 2.61522e+13
2.3081e+12 2.65379e+13
3.46598e+12 3.01802e+13
2.53751e+12 1.06584e+13
1.09845e+13 2.49201e+13
1.64565e+13 3.30837e+13
853
2.14288e+12 2.47882e+13
2.25136e+12 2.51817e+13
3.31795e+12 2.86062e+13
2.46573e+12 1.00007e+13
1.03066e+13 2.31455e+13
1.56881e+13 3.1139e+13
854
2.11723e+12 2.40234e+13
2.2238e+12 2.44114e+13
3.32903e+12 2.79316e+13
2.41756e+12 9.86863e+12
1.02659e+13 2.30505e+13
1.55248e+13 3.08563e+13
855
2.08476e+12 2.33748e+13
2.19197e+12 2.37652e+13
3.26462e+12 2.71845e+13
2.3648e+12 9.57878e+12
9.92794e+12 2.22727e+13
1.51847e+13 3.00796e+13
856
2.04384e+12 2.27949e+13
2.14806e+12 2.31751e+13
3.14525e+12 2.63695e+13
2.31073e+12 9.14477e+12
9.5227e+12 2.11489e+13
1.45416e+13 2.85683e+13
857
2.0048e+12 2.23087e+13
2.10454e+12 2.26712e+13
3.03577e+12 2.5648e+13
2.24965e+12 8.71112e+12
9.3499e+12 2.04426e+13
1.41081e+13 2.74424e+13
858
1.97701e+12 2.19027e+13
2.07543e+12 2.22619e+13
2.99196e+12 2.51946e+13
2.21187e+12 8.51598e+12
9.11777e+12 1.9895e+13
1.38166e+13 2.67853e+13
859
1.98757e+12 2.16672e+13
2.0881e+12 2.20297e+13
3.13436e+12 2.53265e+13
2.19852e+12 8.84596e+12
9.38393e+12 2.08699e+13
1.42107e+13 2.80137e+13
860
1.93936e+12 2.12581e+13
2.03446e+12 2.16031e+13
2.94821e+12 2.4515e+13
2.14e+12 8.24657e+12
8.99422e+12 1.95203e+13
1.35223e+13 2.61528e+13
861
1.93082e+12 2.10066e+13
2.02962e+12 2.13628e+13
2.96346e+12 2.43198e+13
2.12086e+12 8.2576e+12
8.79135e+12 1.93022e+13
1.34424e+13 2.61479e+13
862
1.89868e+12 2.06897e+13
1.99167e+12 2.10269e+13
2.85349e+12 2.37727e+13
2.07105e+12 7.86619e+12
8.60619e+12 1.8584e+13
1.2937e+13 2.49148e+13
863
1.90277e+12 2.05391e+13
1.99968e+12 2.08879e+13
2.94034e+12 2.38529e+13
2.06227e+12 8.05774e+12
8.64692e+12 1.89566e+13
1.31696e+13 2.56096e+13
864
1.90675e+12 2.03812e+13
2.00708e+12 2.07404e+13
3.01296e+12 2.38935e+13
2.06682e+12 8.25123e+12
8.5282e+12 1.90571e+13
1.31937e+13 2.59578e+13
865
1.87599e+12 2.01169e+13
1.97117e+12 2.04583e+13
2.8941e+12 2.33637e+13
2.01635e+12 7.83474e+12
8.38191e+12 1.83671e+13
1.2777e+13 2.48298e+13
866
1.88142e+12 2.00087e+13
1.97909e+12 2.03573e+13
2.9573e+12 2.34195e+13
2.01853e+12 7.98334e+12
8.28546e+12 1.84322e+13
1.27545e+13 2.50311e+13
867
1.84761e+12 1.97562e+13
1.93932e+12 2.00848e+13
2.8085e+12 2.28209e+13
1.97158e+12 7.49519e+12
8.05714e+12 1.74913e+13
1.22014e+13 2.35609e+13
868
1.85206e+12 1.96501e+13
1.94823e+12 1.99936e+13
2.87098e+12 2.28876e+13
1.96212e+12 7.61899e+12
8.05014e+12 1.77024e+13
1.24099e+13 2.41142e+13
869
1.84436e+12 1.95257e+13
1.93686e+12 1.98564e+13
2.8479e+12 2.27106e+13
1.93928e+12 7.48582e+12
8.05158e+12 1.75712e+13
1.22425e+13 2.37185e+13
870
1.82981e+12 1.9374e+13
1.92098e+12 1.96993e+13
2.77592e+12 2.23837e+13
1.90853e+12 7.22374e+12
7.96626e+12 1.71331e+13
1.20515e+13 2.30975e+13
871
1.83235e+12 1.93019e+13
1.92443e+12 1.96295e+13
2.79488e+12 2.23489e+13
1.90122e+12 7.22162e+12
7.90243e+12 1.70519e+13
1.19985e+13 2.30347e+13
872
1.8296e+12 1.92055e+13
1.92131e+12 1.95316e+13
2.76148e+12 2.21647e+13
1.89289e+12 7.0869e+12
7.68267e+12 1.65559e+13
1.16987e+13 2.24178e+13
873
1.85112e+12 1.92305e+13
1.94471e+12 1.95612e+13
2.86411e+12 2.24131e+13
1.89964e+12 7.2805e+12
7.88497e+12 1.71226e+13
1.20086e+13 2.31568e+13
874
1.84016e+12 1.9128e+13
1.9311e+12 1.94488e+13
2.75622e+12 2.20157e+13
1.87872e+12 6.91979e+12
7.65174e+12 1.62964e+13
1.15753e+13 2.19994e+13
875
1.86578e+12 1.91613e+13
1.96024e+12 1.94949e+13
2.82305e+12 2.2179e+13
1.88183e+12 7.01999e+12
7.70998e+12 1.6508e+13
1.1789e+13 2.24352e+13
876
1.91008e+12 1.92627e+13
2.00652e+12 1.95975e+13
2.94976e+12 2.24765e+13
1.91409e+12 7.21316e+12
7.85026e+12 1.69442e+13
1.19755e+13 2.29691e+13
877
1.95976e+12 1.93597e+13
2.05886e+12 1.96983e+13
3.01294e+12 2.25649e+13
1.93885e+12 7.18649e+12
7.90623e+12 1.68878e+13
1.20916e+13 2.29579e+13
878
2.01239e+12 1.94576e+13
2.1115e+12 1.97935e+13
3.07438e+12 2.26725e+13
1.96627e+12 7.14276e+12
8.25322e+12 1.72189e+13
1.24476e+13 2.32464e+13
879
2.10016e+12 1.9893e+13
2.21236e+12 2.0268e+13
3.34809e+12 2.35883e+13
2.06264e+12 7.70952e+12
8.42074e+12 1.80826e+13
1.31031e+13 2.48845e+13
880
2.13668e+12 2.03067e+13
2.2442e+12 2.06732e+13
3.28811e+12 2.37796e+13
2.06878e+12 7.50784e+12
8.62503e+12 1.80844e+13
1.32771e+13 2.47888e+13
881
2.20668e+12 2.09601e+13
2.32228e+12 2.13555e+13
3.42615e+12 2.46715e+13
2.13949e+12 7.83328e+12
8.59673e+12 1.83092e+13
1.32543e+13 2.50627e+13
882
2.24524e+12 2.15147e+13
2.35756e+12 2.18954e+13
3.41326e+12 2.50421e+13
2.14893e+12 7.68697e+12
9.03387e+12 1.86914e+13
1.37042e+13 2.54069e+13
883
2.32069e+12 2.2129e+13
2.43547e+12 2.25217e+13
3.52834e+12 2.57975e+13
2.20387e+12 7.89567e+12
9.26391e+12 1.92053e+13
1.40309e+13 2.60296e+13
884
2.21088e+12 2.28361e+13
2.34787e+12 2.32428e+13
3.57423e+12 2.65963e+13
2.26523e+12 8.13495e+12
9.35542e+12 1.94588e+13
1.43069e+13 2.65224e+13
885
1.8052e+12 2.3452e+13
1.90022e+12 2.38565e+13
2.81558e+12 2.72276e+13
1.95145e+12 8.22817e+12
9.14979e+12 2.00586e+13
1.41251e+13 2.70527e+13
886
1.61219e+12 2.43757e+13
1.70094e+12 2.48199e+13
2.58963e+12 2.8711e+13
1.67794e+12 8.8276e+12
7.3177e+12 1.98737e+13
1.14502e+13 2.61775e+13
887
1.42783e+12 2.31936e+13
1.50821e+12 2.34256e+13
2.31755e+12 2.59506e+13
1.47988e+12 7.32037e+12
6.34499e+12 1.60042e+13
9.97893e+12 2.16969e+13
888
1.24705e+12 1.89771e+13
1.31741e+12 1.92677e+13
2.00332e+12 2.17495e+13
1.28428e+12 6.20627e+12
5.54381e+12 1.3806e+13
8.64177e+12 1.86726e+13
889
1.04333e+12 1.66562e+13
1.10212e+12 1.69127e+13
1.68862e+12 1.91107e+13
1.09596e+12 5.4132e+12
4.83719e+12 1.20805e+13
7.5343e+12 1.62972e+13
890
8.00308e+11 1.46432e+13
8.48857e+11 1.48654e+13
1.33276e+12 1.67919e+13
8.92448e+11 4.72793e+12
4.06354e+12 1.0572e+13
6.29597e+12 1.41488e+13
891
3.61131e+11 1.26417e+13
3.78755e+11 1.28062e+13
5.42429e+11 1.40832e+13
6.02514e+11 3.63405e+12
2.95188e+12 8.08944e+12
4.55385e+12 1.07441e+13
892
3.77735e+11 1.05651e+13
3.95864e+11 1.07019e+13
5.71775e+11 1.1814e+13
3.41252e+11 3.02082e+12
1.45181e+12 6.29435e+12
2.178e+12 8.18275e+12
893
3.77271e+11 7.66821e+12
3.93953e+11 7.71497e+12
5.52842e+11 8.06406e+12
3.38651e+11 1.27997e+12
1.50611e+12 3.00685e+12
2.21421e+12 4.00871e+12
894
3.92942e+11 3.87622e+12
4.11021e+11 3.93859e+12
5.90781e+11 4.4864e+12
3.46265e+11 1.24919e+12
1.56844e+12 3.20127e+12
2.32322e+12 4.27815e+12
895
3.99601e+11 3.95963e+12
4.17745e+11 4.02222e+12
5.94724e+11 4.56207e+12
3.52542e+11 1.24651e+12
1.56205e+12 3.16884e+12
2.32266e+12 4.25129e+12
896
3.93062e+11 3.99667e+12
4.09304e+11 4.05388e+12
5.4516e+11 4.47922e+12
3.50205e+11 1.11243e+12
1.52394e+12 2.91716e+12
2.19886e+12 3.85396e+12
897
4.12481e+11 4.13001e+12
4.30552e+11 4.1929e+12
5.95394e+11 4.70077e+12
3.62957e+11 1.22634e+12
1.56029e+12 3.10637e+12
2.30888e+12 4.16264e+12
898
4.1856e+11 4.21691e+12
4.36313e+11 4.27895e+12
5.9364e+11 4.76641e+12
3.67004e+11 1.20702e+12
1.56597e+12 3.07272e+12
2.30671e+12 4.11091e+12
899
4.35834e+11 4.34488e+12
4.55583e+11 4.41324e+12
6.34998e+11 4.96379e+12
3.75932e+11 1.29449e+12
1.62721e+12 3.27164e+12
2.43147e+12 4.41076e+12
900
4.5245e+11 4.47501e+12
4.73377e+11 4.5472e+12
6.74371e+11 5.15996e+12
3.87668e+11 1.3719e+12
1.66439e+12 3.40719e+12
2.49087e+12 4.58773e+12
901
4.60529e+11 4.57486e+12
4.81254e+11 4.64655e+12
6.76548e+11 5.24411e+12
3.93366e+11 1.36378e+12
1.66425e+12 3.37945e+12
2.49207e+12 4.55692e+12
902
4.67583e+11 4.67609e+12
4.88389e+11 4.74853e+12
6.7349e+11 5.31956e+12
3.97574e+11 1.341e+12
1.67629e+12 3.34881e+12
2.48226e+12 4.48829e+12
903
4.83064e+11 4.80843e+12
5.05298e+11 4.88532e+12
7.03675e+11 5.49328e+12
4.05882e+11 1.39576e+12
1.71769e+12 3.46906e+12
2.57905e+12 4.69069e+12
904
4.93415e+11 4.92302e+12
5.15097e+11 4.99827e+12
7.10947e+11 5.60247e+12
4.13237e+11 1.39954e+12
1.71885e+12 3.45663e+12
2.5771e+12 4.67195e+12
905
5.1317e+11 5.07926e+12
5.3738e+11 5.16269e+12
7.58992e+11 5.83882e+12
4.23767e+11 1.48639e+12
1.78979e+12 3.66036e+12
2.69755e+12 4.95547e+12
906
5.30706e+11 5.22664e+12
5.56607e+11 5.31569e+12
7.95758e+11 6.04248e+12
4.34541e+11 1.55442e+12
1.83236e+12 3.79599e+12
2.7766e+12 5.14999e+12
907
5.50517e+11 5.38893e+12
5.77911e+11 5.48278e+12
8.39228e+11 6.2736e+12
4.4623e+11 1.63159e+12
1.87501e+12 3.94075e+12
2.86656e+12 5.37075e+12
908
5.57866e+11 5.50661e+12
5.84345e+11 5.59775e+12
8.29344e+11 6.34391e+12
4.50944e+11 1.59209e+12
1.87407e+12 3.8673e+12
2.84648e+12 5.25909e+12
909
5.71081e+11 5.65147e+12
5.97923e+11 5.74428e+12
8.39726e+11 6.48404e+12
4.59657e+11 1.59927e+12
1.88377e+12 3.86562e+12
2.84632e+12 5.24009e+12
910
5.8113e+11 5.78736e+12
6.07396e+11 5.87843e+12
8.36289e+11 6.5833e+12
4.64231e+11 1.56968e+12
1.89913e+12 3.82968e+12
2.84586e+12 5.1722e+12
911
6.02396e+11 5.96808e+12
6.30797e+11 6.06649e+12
8.79286e+11 6.82907e+12
4.76333e+11 1.64272e+12
1.95307e+12 3.98439e+12
2.92983e+12 5.37604e+12
912
6.22264e+11 6.14769e+12
6.52536e+11 6.25202e+12
9.15847e+11 7.05586e+12
4.87478e+11 1.69883e+12
2.00013e+12 4.10661e+12
3.03414e+12 5.58254e+12
913
6.50682e+11 6.36213e+12
6.83555e+11 6.47497e+12
9.86322e+11 7.39268e+12
5.03309e+11 1.82402e+12
2.06671e+12 4.34988e+12
3.17381e+12 5.94539e+12
914
6.73027e+11 6.56145e+12
7.06948e+11 6.67761e+12
1.02907e+12 7.65056e+12
5.16569e+11 1.89046e+12
2.11258e+12 4.47631e+12
3.24343e+12 6.10904e+12
915
6.82559e+11 6.71912e+12
7.15454e+11 6.83266e+12
1.00949e+12 7.73026e+12
5.20039e+11 1.82388e+12
2.12147e+12 4.38069e+12
3.2069e+12 5.93467e+12
916
7.13724e+11 6.95999e+12
7.50244e+11 7.08501e+12
1.0873e+12 8.10287e+12
5.39272e+11 1.96107e+12
2.18889e+12 4.63113e+12
3.3735e+12 6.34127e+12
917
7.35397e+11 7.17397e+12
7.73134e+11 7.30337e+12
1.11389e+12 8.33537e+12
5.49913e+11 1.9872e+12
2.22241e+12 4.6913e+12
3.4266e+12 6.42816e+12
918
7.50167e+11 7.36838e+12
7.8739e+11 7.49666e+12
1.10869e+12 8.47623e+12
5.57315e+11 1.95231e+12
2.24817e+12 4.65389e+12
3.41403e+12 6.32361e+12
919
7.84874e+11 7.64302e+12
8.25456e+11 7.78208e+12
1.18959e+12 8.8833e+12
5.76938e+11 2.08456e+12
2.3195e+12 4.90155e+12
3.57996e+12 6.71909e+12
920
8.10311e+11 7.88555e+12
8.50948e+11 8.02485e+12
1.22369e+12 9.15383e+12
5.88434e+11 2.12038e+12
2.37629e+12 5.0066e+12
3.63806e+12 6.8241e+12
921
8.33887e+11 8.14198e+12
8.764e+11 8.28789e+12
1.24598e+12 9.40874e+12
6.01515e+11 2.13181e+12
2.4069e+12 5.03052e+12
3.6959e+12 6.88043e+12
922
8.67738e+11 8.4314e+12
9.12805e+11 8.58575e+12
1.30886e+12 9.78411e+12
6.19193e+11 2.21894e+12
2.47226e+12 5.21165e+12
3.81858e+12 7.15069e+12
923
8.91929e+11 8.70536e+12
9.36789e+11 8.85944e+12
1.31833e+12 1.00189e+13
6.30533e+11 2.20615e+12
2.51456e+12 5.21981e+12
3.84496e+12 7.1243e+12
924
9.26953e+11 9.02919e+12
9.75336e+11 9.19519e+12
1.37479e+12 1.04076e+13
6.50248e+11 2.27634e+12
2.56751e+12 5.34808e+12
3.95266e+12 7.33359e+12
925
9.54537e+11 9.32874e+12
1.00133e+12 9.49015e+12
1.38005e+12 1.0649e+13
6.5968e+11 2.24976e+12
2.63102e+12 5.37403e+12
3.96813e+12 7.27593e+12
926
1.00319e+12 9.72796e+12
1.05372e+12 9.90098e+12
1.48567e+12 1.12102e+13
6.85222e+11 2.40028e+12
2.73419e+12 5.67703e+12
4.1759e+12 7.74143e+12
927
1.04161e+12 1.01053e+13
1.09332e+12 1.02829e+13
1.52818e+12 1.16045e+13
7.0312e+11 2.43526e+12
2.81621e+12 5.79776e+12
4.26294e+12 7.86142e+12
928
1.10729e+12 1.05844e+13
1.16401e+12 1.07777e+13
1.69577e+12 1.23715e+13
7.35543e+11 2.67605e+12
2.98251e+12 6.3161e+12
4.58022e+12 8.62158e+12
929
1.15039e+12 1.10111e+13
1.20963e+12 1.12125e+13
1.72714e+12 1.27683e+13
7.57439e+11 2.6867e+12
3.02985e+12 6.33899e+12
4.65153e+12 8.66893e+12
930
1.19998e+12 1.14921e+13
1.26085e+12 1.16998e+13
1.7788e+12 1.32604e+13
7.81909e+11 2.72353e+12
3.12795e+12 6.46715e+12
4.75755e+12 8.79461e+12
931
1.2595e+12 1.20245e+13
1.32205e+12 1.2238e+13
1.84714e+12 1.3825e+13
8.08662e+11 2.78291e+12
3.23977e+12 6.64027e+12
4.89994e+12 9.00564e+12
932
1.34379e+12 1.26695e+13
1.41253e+12 1.29021e+13
2.01969e+12 1.47142e+13
8.51317e+11 3.00115e+12
3.42327e+12 7.12265e+12
5.2395e+12 9.72317e+12
933
1.41667e+12 1.33153e+13
1.48716e+12 1.35536e+13
2.08329e+12 1.53387e+13
8.84702e+11 3.03221e+12
3.54987e+12 7.26015e+12
5.36186e+12 9.8402e+12
934
1.51842e+12 1.41036e+13
1.59278e+12 1.43532e+13
2.23821e+12 1.62749e+13
9.30133e+11 3.192e+12
3.77309e+12 7.69574e+12
5.69367e+12 1.0428e+13
935
1.64317e+12 1.50226e+13
1.72606e+12 1.52989e+13
2.43932e+12 1.74023e+13
9.94486e+11 3.40062e+12
3.98932e+12 8.14685e+12
6.0646e+12 1.10973e+13
936
1.799e+12 1.61043e+13
1.88907e+12 1.64019e+13
2.65668e+12 1.86512e+13
1.0679e+12 3.59982e+12
4.27465e+12 8.65321e+12
6.4692e+12 1.17617e+13
937
2.01802e+12 1.74456e+13
2.12151e+12 1.77805e+13
2.97868e+12 2.02459e+13
1.17485e+12 3.88575e+12
4.63143e+12 9.30101e+12
7.04452e+12 1.27014e+13
938
2.37275e+12 1.92048e+13
2.48888e+12 1.95689e+13
3.48874e+12 2.2361e+13
1.32783e+12 4.26644e+12
5.25714e+12 1.03524e+13
7.94256e+12 1.41069e+13
939
3.21905e+12 2.16478e+13
3.36185e+12 2.20636e+13
4.51063e+12 2.50859e+13
1.62118e+12 4.71672e+12
6.22773e+12 1.1614e+13
9.31564e+12 1.5816e+13
940
2.87026e+12 2.59153e+13
3.03584e+12 2.64365e+13
4.585e+12 3.05519e+13
2.31139e+12 5.96244e+12
1.17588e+13 1.52515e+13
1.70852e+13 2.11751e+13
941
1.91519e+12 3.91046e+13
2.02136e+12 4.02882e+13
3.05089e+12 5.28404e+13
1.30818e+12 8.79684e+12
5.8723e+12 1.65759e+13
9.12007e+12 2.17767e+13
942
1.2748e+12 2.73255e+13
1.33945e+12 2.76692e+13
2.00615e+12 3.03996e+13
7.84655e+11 4.79481e+12
3.78046e+12 1.05723e+13
5.98179e+12 1.41669e+13
943
1.14866e+12 1.80239e+13
1.20687e+12 1.8203e+13
1.84945e+12 2.00094e+13
6.6902e+11 2.95198e+12
3.06298e+12 7.03469e+12
4.68145e+12 9.47308e+12
944
1.05576e+12 1.29832e+13
1.10984e+12 1.31881e+13
1.74664e+12 1.52696e+13
5.98594e+11 2.70179e+12
2.78259e+12 6.46893e+12
4.26667e+12 8.71689e+12
945
9.54094e+11 1.16103e+13
1.00259e+12 1.17927e+13
1.56956e+12 1.36286e+13
5.35657e+11 2.36307e+12
2.50234e+12 5.72801e+12
3.81776e+12 7.7094e+12
946
8.68581e+11 1.05616e+13
9.11385e+11 1.07244e+13
1.43431e+12 1.24306e+13
4.79139e+11 2.11815e+12
2.271e+12 5.18051e+12
3.36147e+12 6.82452e+12
947
7.83763e+11 9.57441e+12
8.2243e+11 9.72152e+12
1.30045e+12 1.12733e+13
4.29079e+11 1.89975e+12
2.04123e+12 4.65592e+12
3.04268e+12 6.16717e+12
948
7.02486e+11 8.67887e+12
7.3648e+11 8.80945e+12
1.16504e+12 1.02151e+13
3.80092e+11 1.68205e+12
1.82245e+12 4.14717e+12
2.66127e+12 5.41191e+12
949
6.21134e+11 7.81689e+12
6.52051e+11 7.93697e+12
1.05096e+12 9.25198e+12
3.33039e+11 1.52071e+12
1.62047e+12 3.73716e+12
2.40187e+12 4.91834e+12
950
5.38221e+11 7.00667e+12
5.65105e+11 7.11301e+12
9.20305e+11 8.30625e+12
2.83875e+11 1.35015e+12
1.40449e+12 3.30911e+12
2.08157e+12 4.34541e+12
951
4.38528e+11 6.08607e+12
4.60019e+11 6.17458e+12
7.5465e+11 7.18625e+12
2.33399e+11 1.13375e+12
1.18609e+12 2.81105e+12
1.69249e+12 3.59672e+12
952
3.31408e+11 5.13396e+12
3.48285e+11 5.20629e+12
5.87716e+11 6.05425e+12
1.81796e+11 9.35553e+11
9.19961e+11 2.26746e+12
1.33839e+12 2.92511e+12
953
1.97916e+11 4.08973e+12
2.0862e+11 4.14539e+12
3.66434e+11 4.81375e+12
1.18592e+11 7.21392e+11
6.49624e+11 1.7243e+12
9.13431e+11 2.15743e+12
954
1.03457e+11 2.85997e+12
1.08675e+11 2.89236e+12
1.88175e+11 3.28699e+12
5.89063e+10 4.64747e+11
3.38776e+11 1.05388e+12
4.69247e+11 1.28941e+12
955
1.11412e+11 1.47024e+12
1.1617e+11 1.48323e+12
1.84092e+11 1.65959e+12
4.65944e+10 2.30091e+11
2.20292e+11 5.36341e+11
3.01241e+11 6.58918e+11
956
3.28389e+11 9.61228e+11
3.41682e+11 9.78069e+11
5.20799e+11 1.19739e+12
1.1913e+11 1.9417e+11
4.81669e+11 5.36302e+11
6.73592e+11 7.15544e+11
957
5.09542e+11 2.21715e+12
5.3206e+11 2.28103e+12
8.34109e+11 3e+12
2.03505e+11 5.17082e+11
9.15904e+11 1.52713e+12
1.31129e+12 2.03407e+12
958
6.09844e+11 4.35855e+12
6.37179e+11 4.44591e+12
1.00373e+12 5.47116e+12
2.50649e+11 8.48176e+11
1.17685e+12 2.33469e+12
1.67042e+12 3.03683e+12
959
7.10252e+11 5.72032e+12
7.43094e+11 5.82343e+12
1.17212e+12 7.00414e+12
2.91077e+11 1.02747e+12
1.35641e+12 2.71878e+12
1.95249e+12 3.55971e+12
960
7.94974e+11 6.8217e+12
8.32495e+11 6.94472e+12
1.30399e+12 8.3058e+12
3.22116e+11 1.18389e+12
1.49076e+12 3.06579e+12
2.18796e+12 4.05976e+12
961
8.75737e+11 7.7836e+12
9.1663e+11 7.91982e+12
1.42816e+12 9.4095e+12
3.49132e+11 1.29841e+12
1.61904e+12 3.34527e+12
2.36257e+12 4.40858e+12
962
9.62233e+11 8.69797e+12
1.00807e+12 8.85065e+12
1.5762e+12 1.05055e+13
3.74874e+11 1.42422e+12
1.73581e+12 3.6347e+12
2.56267e+12 4.82317e+12
963
1.02888e+12 9.49375e+12
1.07806e+12 9.65943e+12
1.65442e+12 1.13638e+13
3.95926e+11 1.48326e+12
1.79283e+12 3.75294e+12
2.66412e+12 5.0105e+12
964
1.09732e+12 1.02932e+13
1.14809e+12 1.04656e+13
1.72325e+12 1.21895e+13
4.1349e+11 1.52906e+12
1.86297e+12 3.86521e+12
2.73934e+12 5.12339e+12
965
1.17543e+12 1.11142e+13
1.23162e+12 1.13046e+13
1.85981e+12 1.31818e+13
4.32906e+11 1.62257e+12
1.93476e+12 4.05773e+12
2.88134e+12 5.42383e+12
966
1.24522e+12 1.18761e+13
1.30673e+12 1.20855e+13
1.96828e+12 1.40738e+13
4.49984e+11 1.69476e+12
1.98372e+12 4.19231e+12
3.00981e+12 5.67789e+12
967
1.30965e+12 1.26158e+13
1.37313e+12 1.28329e+13
2.02838e+12 1.48178e+13
4.62326e+11 1.71149e+12
2.01824e+12 4.22839e+12
3.03648e+12 5.6979e+12
968
1.38088e+12 1.33721e+13
1.44891e+12 1.36047e+13
2.1366e+12 1.56893e+13
4.76712e+11 1.76947e+12
2.06134e+12 4.33848e+12
3.12533e+12 5.87611e+12
969
1.45297e+12 1.41346e+13
1.52581e+12 1.43843e+13
2.25386e+12 1.65886e+13
4.89927e+11 1.82497e+12
2.10553e+12 4.44751e+12
3.20245e+12 6.03633e+12
970
1.51696e+12 1.48547e+13
1.59204e+12 1.51128e+13
2.30497e+12 1.72951e+13
4.98449e+11 1.82403e+12
2.11219e+12 4.42893e+12
3.19982e+12 5.99725e+12
971
1.5883e+12 1.56105e+13
1.66734e+12 1.58824e+13
2.40114e+12 1.8131e+13
5.09722e+11 1.85989e+12
2.12993e+12 4.47958e+12
3.23564e+12 6.07417e+12
972
1.66971e+12 1.63976e+13
1.75475e+12 1.66906e+13
2.56037e+12 1.91528e+13
5.22317e+11 1.93597e+12
2.16967e+12 4.61847e+12
3.32351e+12 6.29066e+12
973
1.74379e+12 1.71696e+13
1.83372e+12 1.74792e+13
2.67013e+12 2.00327e+13
5.31375e+11 1.96766e+12
2.18386e+12 4.66244e+12
3.35795e+12 6.36479e+12
974
1.80025e+12 1.78715e+13
1.88941e+12 1.8181e+13
2.67053e+12 2.06031e+13
5.3203e+11 1.90834e+12
2.17734e+12 4.55998e+12
3.2849e+12 6.15676e+12
975
1.8826e+12 1.8691e+13
1.97971e+12 1.90272e+13
2.8197e+12 2.16216e+13
5.42436e+11 1.96403e+12
2.18703e+12 4.62816e+12
3.34544e+12 6.3029e+12
976
1.94037e+12 1.94317e+13
2.04095e+12 1.97814e+13
2.84127e+12 2.2262e+13
5.44132e+11 1.91077e+12
2.17474e+12 4.52505e+12
3.26904e+12 6.10185e+12
977
2.00949e+12 2.02186e+13
2.11197e+12 2.05792e+13
2.91067e+12 2.30687e+13
5.46759e+11 1.89578e+12
2.18415e+12 4.50767e+12
3.26475e+12 6.05779e+12
978
1.7134e+12 2.09904e+13
1.80729e+12 2.13972e+13
2.48483e+12 2.38462e+13
4.8303e+11 1.86277e+12
1.98146e+12 4.46907e+12
2.94456e+12 5.96163e+12
979
1.56658e+12 1.89102e+13
1.64554e+12 1.92023e+13
2.28996e+12 2.1313e+13
4.12736e+11 1.56718e+12
1.67334e+12 3.63899e+12
2.51842e+12 4.87962e+12
980
1.46298e+12 1.69061e+13
1.53606e+12 1.7177e+13
2.13617e+12 1.91342e+13
3.69677e+11 1.37615e+12
1.48915e+12 3.20584e+12
2.25554e+12 4.32436e+12
981
1.40021e+12 1.57747e+13
1.47304e+12 1.60426e+13
2.1145e+12 1.81069e+13
3.39161e+11 1.30509e+12
1.37879e+12 3.02341e+12
2.10716e+12 4.09565e+12
982
1.31673e+12 1.48151e+13
1.38434e+12 1.50636e+13
1.94529e+12 1.68726e+13
3.0722e+11 1.14267e+12
1.24242e+12 2.66938e+12
1.89072e+12 3.61609e+12
983
1.27757e+12 1.4128e+13
1.34631e+12 1.43791e+13
1.95881e+12 1.63317e+13
2.83675e+11 1.10571e+12
1.16538e+12 2.56553e+12
1.80123e+12 3.50421e+12
984
1.19357e+12 1.33628e+13
1.25328e+12 1.35824e+13
1.75276e+12 1.5191e+13
2.55067e+11 9.38185e+11
1.0491e+12 2.22591e+12
1.58908e+12 3.0111e+12
985
1.14222e+12 1.27535e+13
1.19804e+12 1.29585e+13
1.68816e+12 1.45341e+13
2.32454e+11 8.63236e+11
9.7038e+11 2.06198e+12
1.46873e+12 2.7872e+12
986
1.07318e+12 1.21073e+13
1.12311e+12 1.22917e+13
1.54404e+12 1.36558e+13
2.09447e+11 7.454e+11
8.79994e+11 1.81793e+12
1.3074e+12 2.43301e+12
987
1.04526e+12 1.1634e+13
1.09563e+12 1.18186e+13
1.56264e+12 1.33115e+13
1.90992e+11 7.22285e+11
8.30264e+11 1.76138e+12
1.25693e+12 2.38319e+12
988
9.8267e+11 1.10537e+13
1.02751e+12 1.12191e+13
1.44839e+12 1.25741e+13
1.71407e+11 6.30494e+11
7.58963e+11 1.57553e+12
1.11967e+12 2.09667e+12
989
9.30923e+11 1.05158e+13
9.72108e+11 1.06682e+13
1.37248e+12 1.19587e+13
1.5299e+11 5.63271e+11
6.97544e+11 1.43684e+12
1.0218e+12 1.90374e+12
990
8.78366e+11 9.98203e+12
9.16535e+11 1.0124e+13
1.29645e+12 1.13493e+13
1.35393e+11 5.00128e+11
6.37976e+11 1.30492e+12
9.26782e+11 1.72028e+12
991
8.36243e+11 9.46903e+12
8.72345e+11 9.6031e+12
1.25708e+12 1.08392e+13
1.19109e+11 4.56048e+11
5.92647e+11 1.21879e+12
8.55048e+11 1.59786e+12
992
7.51895e+11 8.81139e+12
7.80443e+11 8.9201e+12
1.07498e+12 9.88356e+12
1.0229e+11 3.55585e+11
5.16116e+11 1.00461e+12
7.23542e+11 1.29637e+12
993
7.24477e+11 8.34863e+12
7.52479e+11 8.45449e+12
1.09531e+12 9.56627e+12
8.81378e+10 3.44321e+11
4.88145e+11 9.86612e+11
6.8379e+11 1.26717e+12
994
6.72962e+11 7.77737e+12
6.97213e+11 7.86963e+12
1.02971e+12 8.94916e+12
7.36337e+10 3.01128e+11
4.46255e+11 9.03838e+11
6.12461e+11 1.1431e+12
995
6.16877e+11 7.18139e+12
6.37085e+11 7.25926e+12
9.62276e+11 8.32174e+12
6.01363e+10 2.61276e+11
4.05378e+11 8.22489e+11
5.4322e+11 1.02118e+12
996
5.19494e+11 6.38477e+12
5.33393e+11 6.44054e+12
7.84858e+11 7.27905e+12
4.8556e+10 1.90414e+11
3.34349e+11 6.43852e+11
4.31542e+11 7.80071e+11
997
4.44451e+11 5.66107e+12
4.54231e+11 5.70192e+12
6.89933e+11 6.50121e+12
3.67596e+10 1.55715e+11
2.89691e+11 5.60699e+11
3.61338e+11 6.61355e+11
998
3.63501e+11 4.8636e+12
3.6952e+11 4.89028e+12
5.89646e+11 5.65792e+12
2.4744e+10 1.29155e+11
2.47019e+11 4.95943e+11
2.93461e+11 5.6312e+11
999
2.02158e+11 3.75783e+12
2.03912e+11 3.76832e+12
3.47472e+11 4.33517e+12
1.38817e+10 8.2891e+10
1.69558e+11 3.44233e+11
1.88764e+11 3.72325e+11
