0
8.76213e+10 0
9.04075e+10 0
1.25361e+11 0
5.48025e+10 0
1.59477e+11 4.2595e+06
2.08407e+11 6.54621e+06
1
8.76246e+10 0
9.04107e+10 0
1.25378e+11 0
5.48153e+10 0
1.59595e+11 4.77163e+06
2.08525e+11 7.14948e+06
2
8.76359e+10 0
9.04264e+10 0
1.25478e+11 0
5.48556e+10 0
1.59895e+11 5.52352e+06
2.08849e+11 7.97655e+06
3
8.76479e+10 0
9.04423e+10 0
1.25578e+11 0
5.49113e+10 485.297
1.60188e+11 5.17956e+06
2.09167e+11 8.26957e+06
4
8.76347e+10 0
9.0421e+10 0
1.25436e+11 0
5.48593e+10 11355.1
1.59951e+11 6.42939e+06
2.08933e+11 9.00289e+06
5
8.76509e+10 0
9.04378e+10 0
1.25447e+11 0
5.48674e+10 36345.5
1.59997e+11 7.07792e+06
2.09029e+11 1.0306e+07
6
8.76591e+10 0
9.04461e+10 0
1.25466e+11 0
5.48817e+10 76082.5
1.60101e+11 7.81429e+06
2.09163e+11 1.21396e+07
7
8.76705e+10 0
9.04653e+10 0
1.25652e+11 0
5.49617e+10 129297
1.60644e+11 8.45667e+06
2.09704e+11 1.27274e+07
8
8.76545e+10 0
9.0433e+10 0
1.25342e+11 0
5.48574e+10 183287
1.59966e+11 8.57115e+06
2.09053e+11 1.34518e+07
9
8.76872e+10 0
9.04788e+10 0
1.25602e+11 0
5.49511e+10 299370
1.60614e+11 1.06589e+07
2.09753e+11 1.63158e+07
10
8.7721e+10 0
9.05251e+10 0
1.25859e+11 0
5.50662e+10 342702
1.61257e+11 9.89384e+06
2.10426e+11 1.60504e+07
11
8.77034e+10 0
9.04959e+10 0
1.25639e+11 0
5.49793e+10 527244
1.6082e+11 1.26201e+07
2.10021e+11 1.97105e+07
12
8.76913e+10 0
9.04786e+10 0
1.25579e+11 0
5.49703e+10 644580
1.60808e+11 1.27394e+07
2.09973e+11 1.65924e+07
13
8.77087e+10 0
9.04931e+10 0
1.25508e+11 0
5.49526e+10 761606
1.60633e+11 1.36323e+07
2.09885e+11 2.0842e+07
14
8.77133e+10 0
9.04938e+10 0
1.25437e+11 0
5.49337e+10 890768
1.60514e+11 1.36122e+07
2.09778e+11 1.79987e+07
15
8.7747e+10 0
9.05406e+10 0
1.25703e+11 0
5.50322e+10 1.2105e+06
1.61187e+11 1.71553e+07
2.10519e+11 2.53472e+07
16
8.77554e+10 0
9.05494e+10 0
1.25719e+11 0
5.50442e+10 1.44079e+06
1.61293e+11 1.80813e+07
2.10631e+11 2.42321e+07
17
8.77684e+10 0
9.05627e+10 0
1.25733e+11 0
5.50627e+10 1.52375e+06
1.61371e+11 1.76664e+07
2.10739e+11 2.39987e+07
18
8.77594e+10 0
9.05532e+10 0
1.25767e+11 0
5.50893e+10 1.74415e+06
1.61595e+11 1.93929e+07
2.10971e+11 2.82973e+07
19
8.77815e+10 0
9.05763e+10 0
1.25777e+11 0
5.50975e+10 2.00466e+06
1.61625e+11 2.09463e+07
2.11063e+11 3.14147e+07
20
8.7778e+10 0
9.05719e+10 0
1.25806e+11 0
5.51127e+10 2.51541e+06
1.61826e+11 2.42563e+07
2.1126e+11 3.50197e+07
21
8.77924e+10 0
9.05833e+10 0
1.2573e+11 0
5.50923e+10 2.7486e+06
1.61661e+11 2.37805e+07
2.1113e+11 3.02137e+07
22
8.77878e+10 0
9.05782e+10 0
1.25762e+11 0
5.51163e+10 3.06258e+06
1.61867e+11 2.61986e+07
2.11345e+11 3.68734e+07
23
8.78109e+10 0
9.06023e+10 0
1.25774e+11 0
5.51281e+10 3.41205e+06
1.61904e+11 2.89309e+07
2.11471e+11 4.28377e+07
24
8.78133e+10 0
9.06094e+10 0
1.25886e+11 0
5.51733e+10 3.95468e+06
1.62286e+11 3.05631e+07
2.11832e+11 4.16948e+07
25
8.78194e+10 0
9.06115e+10 0
1.25819e+11 0
5.516e+10 4.21132e+06
1.62188e+11 3.10232e+07
2.11771e+11 4.25475e+07
26
8.78603e+10 0
9.06612e+10 0
1.25991e+11 0
5.523e+10 4.62417e+06
1.62592e+11 3.23647e+07
2.12243e+11 4.36857e+07
27
8.78313e+10 0
9.0619e+10 0
1.25778e+11 0
5.51672e+10 4.88318e+06
1.62242e+11 3.33878e+07
2.11885e+11 4.51943e+07
28
8.78626e+10 0
9.0659e+10 0
1.25954e+11 0
5.52388e+10 5.31126e+06
1.62696e+11 3.28232e+07
2.12372e+11 4.13209e+07
29
8.78556e+10 0
9.06439e+10 0
1.25814e+11 0
5.51961e+10 5.83448e+06
1.62453e+11 3.61639e+07
2.12169e+11 4.86269e+07
30
8.78411e+10 0
9.06296e+10 0
1.25854e+11 0
5.52266e+10 6.27546e+06
1.62728e+11 3.88986e+07
2.12417e+11 5.42795e+07
31
8.78709e+10 0
9.06593e+10 0
1.25862e+11 0
5.52322e+10 6.88593e+06
1.62733e+11 4.05619e+07
2.1251e+11 5.57716e+07
32
8.79035e+10 0
9.06974e+10 0
1.25954e+11 0
5.52701e+10 7.78906e+06
1.62958e+11 4.41506e+07
2.12812e+11 5.97986e+07
33
8.79042e+10 0
9.06978e+10 0
1.25983e+11 0
5.52927e+10 8.39072e+06
1.63149e+11 4.70369e+07
2.13014e+11 6.55742e+07
34
8.79004e+10 0
9.06938e+10 0
1.26016e+11 0
5.53305e+10 8.13263e+06
1.63387e+11 5.03183e+07
2.13244e+11 7.31626e+07
35
8.79376e+10 0
9.07399e+10 0
1.26188e+11 0
5.53915e+10 9.64848e+06
1.6381e+11 4.95255e+07
2.13727e+11 6.6254e+07
36
8.79355e+10 0
9.07304e+10 0
1.26046e+11 0
5.53508e+10 9.48479e+06
1.63534e+11 4.77829e+07
2.13474e+11 6.17501e+07
37
8.79486e+10 0
9.07515e+10 0
1.26242e+11 0
5.54287e+10 1.1112e+07
1.64135e+11 5.19883e+07
2.14073e+11 6.60947e+07
38
8.79708e+10 0
9.07702e+10 0
1.26167e+11 0
5.54129e+10 1.14718e+07
1.63963e+11 5.46819e+07
2.13994e+11 7.05956e+07
39
8.79416e+10 0
9.07281e+10 0
1.25958e+11 0
5.53502e+10 1.16716e+07
1.6362e+11 5.50054e+07
2.13652e+11 7.13635e+07
40
8.7995e+10 0
9.07995e+10 0
1.263e+11 0
5.54798e+10 1.35749e+07
1.64463e+11 6.31388e+07
2.14587e+11 8.62692e+07
41
8.7976e+10 0
9.07681e+10 0
1.26079e+11 0
5.54088e+10 1.39174e+07
1.64052e+11 5.85531e+07
2.14173e+11 7.32177e+07
42
8.80079e+10 0
9.08125e+10 0
1.26355e+11 0
5.55206e+10 1.52391e+07
1.64805e+11 6.59542e+07
2.14969e+11 8.73219e+07
43
8.8022e+10 0
9.08191e+10 0
1.26199e+11 0
5.54672e+10 1.63473e+07
1.64444e+11 6.89625e+07
2.1469e+11 8.68316e+07
44
8.80288e+10 0
9.08253e+10 0
1.26229e+11 0
5.54895e+10 1.72207e+07
1.64619e+11 7.24743e+07
2.14933e+11 9.58647e+07
45
8.80444e+10 0
9.08451e+10 0
1.26335e+11 0
5.55369e+10 1.88226e+07
1.64983e+11 7.37018e+07
2.1528e+11 9.21652e+07
46
8.80524e+10 0
9.08519e+10 0
1.26366e+11 0
5.55632e+10 1.98865e+07
1.65175e+11 8.10161e+07
2.1551e+11 1.07527e+08
47
8.80379e+10 0
9.0819e+10 0
1.26061e+11 0
5.54775e+10 1.79611e+07
1.6453e+11 8.07256e+07
2.14938e+11 1.17679e+08
48
8.80733e+10 0
9.08711e+10 0
1.26415e+11 0
5.56107e+10 1.95121e+07
1.65498e+11 7.67568e+07
2.15859e+11 9.33278e+07
49
8.80963e+10 0
9.08935e+10 0
1.26433e+11 0
5.56276e+10 2.09062e+07
1.65597e+11 8.45677e+07
2.16035e+11 1.09321e+08
50
8.80855e+10 0
9.08684e+10 0
1.26215e+11 0
5.55613e+10 2.12159e+07
1.65167e+11 8.42889e+07
2.15641e+11 1.13e+08
51
8.81212e+10 0
9.09204e+10 0
1.26573e+11 0
5.56974e+10 2.35049e+07
1.6616e+11 8.71346e+07
2.16646e+11 1.09028e+08
52
8.81164e+10 0
9.09011e+10 0
1.26351e+11 0
5.56334e+10 2.44568e+07
1.65724e+11 9.7095e+07
2.16247e+11 1.29505e+08
53
8.8126e+10 0
9.09057e+10 0
1.26291e+11 0
5.5619e+10 2.406e+07
1.65636e+11 9.0846e+07
2.16235e+11 1.18186e+08
54
8.81513e+10 0
9.09363e+10 0
1.26394e+11 0
5.56612e+10 2.56562e+07
1.65951e+11 9.17003e+07
2.1659e+11 1.1229e+08
55
8.81785e+10 0
9.09697e+10 0
1.26587e+11 0
5.57507e+10 2.69842e+07
1.66547e+11 9.8525e+07
2.17212e+11 1.26951e+08
56
8.81641e+10 0
9.09418e+10 0
1.26462e+11 0
5.57197e+10 2.80845e+07
1.66423e+11 1.00554e+08
2.17109e+11 1.27401e+08
57
8.81782e+10 0
9.09528e+10 0
1.26402e+11 0
5.5724e+10 2.65003e+07
1.6635e+11 1.11918e+08
2.171e+11 1.48668e+08
58
8.81926e+10 0
9.09663e+10 0
1.2643e+11 0
5.57333e+10 2.92479e+07
1.66505e+11 1.11964e+08
2.17278e+11 1.39445e+08
59
8.82232e+10 0
9.10066e+10 0
1.26709e+11 0
5.58479e+10 3.18329e+07
1.67323e+11 1.12427e+08
2.181e+11 1.45329e+08
60
8.82578e+10 0
9.10486e+10 0
1.26805e+11 0
5.58983e+10 3.24625e+07
1.67599e+11 1.20381e+08
2.18428e+11 1.59585e+08
61
8.826e+10 0
9.10429e+10 0
1.26663e+11 0
5.58406e+10 3.51016e+07
1.67325e+11 1.15954e+08
2.18174e+11 1.40749e+08
62
8.82859e+10 0
9.10746e+10 0
1.2677e+11 0
5.58851e+10 3.7498e+07
1.67661e+11 1.20827e+08
2.18537e+11 1.43617e+08
63
8.82937e+10 0
9.10777e+10 0
1.2681e+11 0
5.59206e+10 4.07049e+07
1.67928e+11 1.34531e+08
2.18849e+11 1.72088e+08
64
8.82823e+10 0
9.10488e+10 0
1.26596e+11 0
5.58694e+10 3.85522e+07
1.67546e+11 1.32292e+08
2.18515e+11 1.7586e+08
65
8.83219e+10 0
9.11009e+10 0
1.26871e+11 0
5.59704e+10 4.34097e+07
1.6832e+11 1.39913e+08
2.19292e+11 1.77707e+08
66
8.82954e+10 0
9.10479e+10 0
1.26584e+11 0
5.58956e+10 3.79892e+07
1.67805e+11 1.32341e+08
2.18806e+11 1.65065e+08
67
8.83268e+10 0
9.1087e+10 0
1.26684e+11 0
5.59419e+10 4.09291e+07
1.68115e+11 1.3546e+08
2.19155e+11 1.70419e+08
68
8.83652e+10 0
9.11378e+10 0
1.26873e+11 0
5.60145e+10 4.66243e+07
1.68643e+11 1.52528e+08
2.19725e+11 1.91845e+08
69
8.83843e+10 0
9.11582e+10 0
1.26898e+11 0
5.60385e+10 4.3161e+07
1.68771e+11 1.40821e+08
2.19883e+11 1.75053e+08
70
8.84048e+10 0
9.11799e+10 0
1.27014e+11 0
5.60857e+10 5.00992e+07
1.69209e+11 1.55451e+08
2.20341e+11 1.90371e+08
71
8.84257e+10 0
9.12007e+10 0
1.2704e+11 0
5.61325e+10 4.88265e+07
1.69384e+11 1.65651e+08
2.20586e+11 2.24859e+08
72
8.84289e+10 0
9.11973e+10 0
1.26902e+11 0
5.60899e+10 4.8505e+07
1.69148e+11 1.61923e+08
2.20361e+11 2.08597e+08
73
8.84475e+10 0
9.12134e+10 0
1.27023e+11 0
5.61423e+10 4.9854e+07
1.69597e+11 1.58252e+08
2.20817e+11 1.98945e+08
74
8.84785e+10 0
9.12533e+10 0
1.27129e+11 0
5.61914e+10 5.3751e+07
1.69916e+11 1.70636e+08
2.21199e+11 2.1073e+08
75
8.84928e+10 0
9.12586e+10 0
1.27261e+11 0
5.62596e+10 5.78248e+07
1.70479e+11 1.80957e+08
2.21761e+11 2.26302e+08
76
8.85149e+10 0
9.12906e+10 0
1.2719e+11 0
5.62389e+10 5.7878e+07
1.70288e+11 1.79462e+08
2.21646e+11 2.28231e+08
77
8.85247e+10 0
9.12894e+10 0
1.27237e+11 0
5.62896e+10 5.76644e+07
1.70632e+11 1.88254e+08
2.21996e+11 2.46351e+08
78
8.85563e+10 0
9.13248e+10 0
1.27437e+11 0
5.6371e+10 6.22727e+07
1.71267e+11 1.9625e+08
2.22651e+11 2.509e+08
79
8.85664e+10 0
9.13281e+10 0
1.27385e+11 0
5.63709e+10 6.21919e+07
1.7125e+11 1.94794e+08
2.2269e+11 2.49819e+08
80
8.85827e+10 0
9.13502e+10 0
1.27322e+11 0
5.63486e+10 6.41807e+07
1.7115e+11 1.94522e+08
2.22614e+11 2.37121e+08
81
8.85985e+10 0
9.1361e+10 0
1.27362e+11 0
5.63848e+10 6.89306e+07
1.71406e+11 2.08014e+08
2.22936e+11 2.71053e+08
82
8.85949e+10 0
9.13348e+10 0
1.27245e+11 0
5.63619e+10 7.09725e+07
1.71345e+11 2.1343e+08
2.2289e+11 2.7205e+08
83
8.86242e+10 0
9.13723e+10 0
1.27356e+11 0
5.64258e+10 7.20456e+07
1.71726e+11 2.2671e+08
2.23313e+11 2.83451e+08
84
8.86441e+10 0
9.13969e+10 0
1.27388e+11 0
5.64525e+10 7.4933e+07
1.71912e+11 2.35045e+08
2.23556e+11 3.00135e+08
85
8.86712e+10 0
9.14281e+10 0
1.27503e+11 0
5.65013e+10 7.68e+07
1.72336e+11 2.3037e+08
2.23978e+11 2.91087e+08
86
8.86742e+10 0
9.14225e+10 0
1.27374e+11 0
5.64755e+10 7.37078e+07
1.72091e+11 2.23226e+08
2.23837e+11 2.8432e+08
87
8.86915e+10 0
9.14364e+10 0
1.27411e+11 0
5.64962e+10 7.86215e+07
1.72337e+11 2.26589e+08
2.24111e+11 2.81491e+08
88
8.8738e+10 0
9.15051e+10 0
1.27685e+11 0
5.66035e+10 8.14166e+07
1.73188e+11 2.31408e+08
2.24871e+11 2.81172e+08
89
8.8737e+10 0
9.14893e+10 0
1.27565e+11 0
5.65958e+10 8.28385e+07
1.73044e+11 2.45383e+08
2.24851e+11 3.07123e+08
90
8.87632e+10 0
9.15174e+10 0
1.27694e+11 0
5.66855e+10 8.49874e+07
1.73533e+11 2.70573e+08
2.25409e+11 3.58765e+08
91
8.87587e+10 0
9.15049e+10 0
1.27473e+11 0
5.66028e+10 8.18345e+07
1.73039e+11 2.42084e+08
2.24987e+11 3.05266e+08
92
8.87855e+10 0
9.15378e+10 0
1.27592e+11 0
5.66448e+10 8.89839e+07
1.73472e+11 2.49752e+08
2.25435e+11 3.05329e+08
93
8.87921e+10 0
9.15432e+10 0
1.27457e+11 0
5.66272e+10 9.40332e+07
1.73249e+11 2.73357e+08
2.25329e+11 3.63209e+08
94
8.88311e+10 0
9.15878e+10 0
1.27755e+11 0
5.67375e+10 9.54653e+07
1.74205e+11 2.64374e+08
2.26223e+11 3.20652e+08
95
8.88759e+10 0
9.16575e+10 0
1.27937e+11 0
5.68236e+10 9.5869e+07
1.74772e+11 2.74088e+08
2.26742e+11 3.45077e+08
96
8.88806e+10 0
9.16479e+10 0
1.27911e+11 0
5.68413e+10 1.02259e+08
1.74905e+11 2.93068e+08
2.26996e+11 3.65647e+08
97
8.89071e+10 0
9.1678e+10 0
1.28038e+11 0
5.69015e+10 1.05533e+08
1.75391e+11 2.95212e+08
2.27505e+11 3.69903e+08
98
8.89216e+10 0
9.16921e+10 0
1.27987e+11 0
5.69201e+10 1.05412e+08
1.75399e+11 3.08032e+08
2.27579e+11 3.91319e+08
99
8.89419e+10 0
9.17139e+10 0
1.2803e+11 0
5.69552e+10 1.08892e+08
1.75639e+11 3.19709e+08
2.27891e+11 4.06778e+08
100
8.89678e+10 0
9.1741e+10 0
1.28161e+11 0
5.70214e+10 1.13876e+08
1.76167e+11 3.26613e+08
2.28452e+11 4.2108e+08
101
8.89683e+10 0
9.1738e+10 0
1.27935e+11 0
5.69465e+10 1.08856e+08
1.7562e+11 3.06551e+08
2.27983e+11 3.75042e+08
102
8.90154e+10 0
9.18019e+10 0
1.2822e+11 0
5.70653e+10 1.15149e+08
1.76573e+11 3.23058e+08
2.28857e+11 4.01958e+08
103
8.90363e+10 0
9.1825e+10 0
1.28259e+11 0
5.71012e+10 1.17193e+08
1.76813e+11 3.26714e+08
2.29151e+11 4.04007e+08
104
8.90467e+10 0
9.18287e+10 0
1.28231e+11 0
5.71119e+10 1.24851e+08
1.76893e+11 3.45427e+08
2.29371e+11 4.35273e+08
105
8.90368e+10 0
9.18052e+10 0
1.27936e+11 0
5.70283e+10 1.25036e+08
1.76163e+11 3.46313e+08
2.28862e+11 4.47812e+08
106
8.90863e+10 0
9.18737e+10 0
1.28218e+11 0
5.71507e+10 1.33459e+08
1.77139e+11 3.75509e+08
2.29726e+11 4.88289e+08
107
8.9101e+10 0
9.18816e+10 0
1.28284e+11 0
5.72027e+10 1.31492e+08
1.77464e+11 3.63399e+08
2.30184e+11 4.57854e+08
108
8.91277e+10 0
9.19155e+10 0
1.28311e+11 0
5.7229e+10 1.26074e+08
1.77645e+11 3.49109e+08
2.30341e+11 4.32508e+08
109
8.9158e+10 0
9.19523e+10 0
1.28439e+11 0
5.72857e+10 1.38173e+08
1.78173e+11 3.75829e+08
2.30892e+11 4.67913e+08
110
8.91909e+10 0
9.19925e+10 0
1.28561e+11 0
5.73677e+10 1.4743e+08
1.78712e+11 4.14466e+08
2.31449e+11 5.35352e+08
111
8.92118e+10 0
9.20152e+10 0
1.28606e+11 0
5.73739e+10 1.40491e+08
1.78912e+11 3.69421e+08
2.31663e+11 4.37499e+08
112
8.92172e+10 0
9.20131e+10 0
1.28491e+11 0
5.73683e+10 1.50191e+08
1.78764e+11 3.99491e+08
2.31714e+11 4.96977e+08
113
8.92226e+10 0
9.20112e+10 0
1.28377e+11 0
5.73665e+10 1.54978e+08
1.78591e+11 4.24555e+08
2.31741e+11 5.41335e+08
114
8.92383e+10 0
9.20242e+10 0
1.28339e+11 0
5.73771e+10 1.54779e+08
1.78623e+11 4.28752e+08
2.31855e+11 5.3156e+08
115
8.92838e+10 0
9.20829e+10 0
1.28527e+11 0
5.74493e+10 1.61891e+08
1.79306e+11 4.31097e+08
2.32421e+11 5.49203e+08
116
8.93212e+10 0
9.21271e+10 0
1.28757e+11 0
5.75816e+10 1.53906e+08
1.80129e+11 4.29546e+08
2.3325e+11 5.27905e+08
117
8.93294e+10 0
9.2129e+10 0
1.2863e+11 0
5.75317e+10 1.65297e+08
1.79895e+11 4.38072e+08
2.33144e+11 5.34768e+08
118
8.93363e+10 0
9.21264e+10 0
1.28518e+11 0
5.75288e+10 1.67698e+08
1.7972e+11 4.52697e+08
2.33175e+11 5.65063e+08
119
8.93969e+10 0
9.22073e+10 0
1.28889e+11 0
5.77006e+10 1.79093e+08
1.81025e+11 5.02819e+08
2.34311e+11 6.33364e+08
120
8.94126e+10 0
9.22184e+10 0
1.28857e+11 0
5.77009e+10 1.68193e+08
1.81e+11 4.48879e+08
2.34392e+11 5.57553e+08
121
8.94261e+10 0
9.22279e+10 0
1.28833e+11 0
5.77136e+10 1.85144e+08
1.81119e+11 4.92673e+08
2.34685e+11 6.12335e+08
122
8.94523e+10 0
9.22554e+10 0
1.2888e+11 0
5.77565e+10 1.79031e+08
1.81385e+11 4.71426e+08
2.35003e+11 5.86783e+08
123
8.94989e+10 0
9.23129e+10 0
1.2908e+11 0
5.78587e+10 1.76848e+08
1.8213e+11 4.74594e+08
2.35608e+11 5.79993e+08
124
8.95241e+10 0
9.23398e+10 0
1.29132e+11 0
5.78988e+10 2.00778e+08
1.82503e+11 5.33424e+08
2.36103e+11 6.8894e+08
125
8.95173e+10 0
9.23158e+10 0
1.28842e+11 0
5.78082e+10 1.87878e+08
1.81721e+11 4.86003e+08
2.35537e+11 5.88934e+08
126
8.95521e+10 0
9.23565e+10 0
1.28979e+11 0
5.78983e+10 2.08681e+08
1.82357e+11 5.49092e+08
2.36252e+11 7.18617e+08
127
8.95837e+10 0
9.23921e+10 0
1.29129e+11 0
5.79882e+10 2.06369e+08
1.82964e+11 5.51256e+08
2.36918e+11 6.86321e+08
128
8.95869e+10 0
9.23836e+10 0
1.28921e+11 0
5.79294e+10 1.98168e+08
1.82443e+11 5.15061e+08
2.36565e+11 6.22392e+08
129
8.96456e+10 0
9.24599e+10 0
1.29321e+11 0
5.81201e+10 2.11266e+08
1.83866e+11 5.63871e+08
2.37924e+11 7.00845e+08
130
8.96955e+10 0
9.25222e+10 0
1.29512e+11 0
5.82126e+10 2.19136e+08
1.84605e+11 5.78789e+08
2.38512e+11 7.51066e+08
131
8.96947e+10 0
9.25081e+10 0
1.29333e+11 0
5.81646e+10 2.22055e+08
1.8421e+11 5.78045e+08
2.38412e+11 7.29546e+08
132
8.97168e+10 0
9.2528e+10 0
1.2929e+11 0
5.8185e+10 2.2886e+08
1.84265e+11 6.02898e+08
2.38546e+11 7.71542e+08
133
8.97614e+10 0
9.25828e+10 0
1.29511e+11 0
5.82634e+10 2.38399e+08
1.85096e+11 6.11184e+08
2.39312e+11 7.6289e+08
134
8.98073e+10 0
9.26381e+10 0
1.29728e+11 0
5.83919e+10 2.27317e+08
1.85891e+11 5.8494e+08
2.4006e+11 7.24202e+08
135
8.98102e+10 0
9.2629e+10 0
1.29539e+11 0
5.83538e+10 2.41696e+08
1.85527e+11 6.28257e+08
2.39993e+11 7.81375e+08
136
8.98813e+10 0
9.27231e+10 0
1.30016e+11 0
5.85572e+10 2.50996e+08
1.87185e+11 6.52199e+08
2.41423e+11 8.23489e+08
137
8.98515e+10 0
9.26629e+10 0
1.29487e+11 0
5.84007e+10 2.42875e+08
1.85676e+11 6.25937e+08
2.40417e+11 7.75832e+08
138
8.99071e+10 0
9.27337e+10 0
1.2979e+11 0
5.85202e+10 2.5346e+08
1.8679e+11 6.41269e+08
2.41423e+11 7.89603e+08
139
8.99381e+10 0
9.27653e+10 0
1.2985e+11 0
5.86173e+10 2.64422e+08
1.87236e+11 7.14961e+08
2.41922e+11 8.85835e+08
140
8.99659e+10 0
9.27938e+10 0
1.29919e+11 0
5.86293e+10 2.64962e+08
1.87545e+11 6.69731e+08
2.42341e+11 8.28569e+08
141
9.00059e+10 0
9.28384e+10 0
1.30062e+11 0
5.87357e+10 2.65958e+08
1.882e+11 6.93773e+08
2.42968e+11 8.49586e+08
142
9.00408e+10 0
9.28756e+10 0
1.30094e+11 0
5.87803e+10 2.76762e+08
1.88504e+11 7.30492e+08
2.43285e+11 8.89417e+08
143
9.00619e+10 0
9.28925e+10 0
1.30084e+11 0
5.88111e+10 2.75398e+08
1.88626e+11 7.19485e+08
2.43514e+11 8.81147e+08
144
9.00848e+10 0
9.29121e+10 0
1.30059e+11 0
5.883e+10 3.01072e+08
1.88785e+11 7.88624e+08
2.4381e+11 9.91225e+08
145
9.01424e+10 0
9.29838e+10 0
1.30369e+11 0
5.89715e+10 2.9511e+08
1.89905e+11 7.59445e+08
2.44785e+11 9.51013e+08
146
9.01413e+10 0
9.29656e+10 0
1.30095e+11 0
5.8927e+10 3.0565e+08
1.89252e+11 8.03558e+08
2.44406e+11 1.01517e+09
147
9.01954e+10 0
9.3034e+10 0
1.30429e+11 0
5.90225e+10 3.15356e+08
1.9044e+11 7.86984e+08
2.45459e+11 9.71195e+08
148
9.02145e+10 0
9.30454e+10 0
1.30298e+11 0
5.90016e+10 3.08148e+08
1.90152e+11 7.55481e+08
2.45268e+11 9.1471e+08
149
9.02485e+10 0
9.308e+10 0
1.30362e+11 0
5.90811e+10 3.15077e+08
1.90585e+11 7.94242e+08
2.45735e+11 9.55953e+08
150
9.0307e+10 0
9.31523e+10 0
1.30688e+11 0
5.92526e+10 3.25409e+08
1.9186e+11 8.30071e+08
2.469e+11 1.03172e+09
151
9.03076e+10 0
9.31367e+10 0
1.30404e+11 0
5.91649e+10 3.3621e+08
1.91115e+11 8.44442e+08
2.46417e+11 1.03699e+09
152
9.0358e+10 0
9.31958e+10 0
1.30651e+11 0
5.93016e+10 3.33738e+08
1.92079e+11 8.33822e+08
2.47314e+11 1.03532e+09
153
9.042e+10 0
9.32734e+10 0
1.30952e+11 0
5.94517e+10 3.54221e+08
1.93323e+11 9.06538e+08
2.48415e+11 1.13473e+09
154
9.04373e+10 0
9.32826e+10 0
1.30852e+11 0
5.94419e+10 3.54082e+08
1.93142e+11 8.91004e+08
2.4837e+11 1.09585e+09
155
9.0463e+10 0
9.33031e+10 0
1.30856e+11 0
5.95148e+10 3.6175e+08
1.93385e+11 9.27291e+08
2.4876e+11 1.16881e+09
156
9.05004e+10 0
9.33429e+10 0
1.30901e+11 0
5.95448e+10 3.69179e+08
1.93723e+11 9.39008e+08
2.49072e+11 1.15385e+09
157
9.0529e+10 0
9.3369e+10 0
1.30865e+11 0
5.95304e+10 3.74315e+08
1.93749e+11 9.21004e+08
2.49163e+11 1.11806e+09
158
9.05649e+10 0
9.34048e+10 0
1.30951e+11 0
5.96498e+10 3.88703e+08
1.94335e+11 9.94429e+08
2.49793e+11 1.23899e+09
159
9.06019e+10 0
9.34428e+10 0
1.31016e+11 0
5.9693e+10 3.81614e+08
1.94753e+11 9.46627e+08
2.50193e+11 1.16875e+09
160
9.06381e+10 0
9.348e+10 0
1.31096e+11 0
5.97637e+10 4.06055e+08
1.95339e+11 1.01679e+09
2.50881e+11 1.28171e+09
161
9.07101e+10 0
9.35707e+10 0
1.31504e+11 0
5.99649e+10 4.08379e+08
1.96853e+11 1.03829e+09
2.52193e+11 1.28643e+09
162
9.07383e+10 0
9.35952e+10 0
1.31505e+11 0
6.00082e+10 4.24768e+08
1.9695e+11 1.06753e+09
2.52451e+11 1.37436e+09
163
9.07779e+10 0
9.36354e+10 0
1.3157e+11 0
6.00863e+10 4.32626e+08
1.97369e+11 1.10215e+09
2.5289e+11 1.41125e+09
164
9.07756e+10 0
9.36131e+10 0
1.3119e+11 0
5.99466e+10 4.37308e+08
1.96326e+11 1.07908e+09
2.5212e+11 1.36297e+09
165
9.08467e+10 0
9.3702e+10 0
1.31637e+11 0
6.01754e+10 4.44617e+08
1.9783e+11 1.1241e+09
2.53443e+11 1.39909e+09
166
9.08794e+10 0
9.37331e+10 0
1.31593e+11 0
6.01759e+10 4.619e+08
1.9804e+11 1.1561e+09
2.53705e+11 1.44544e+09
167
9.08681e+10 0
9.36945e+10 0
1.31169e+11 0
6.00945e+10 4.63048e+08
1.96634e+11 1.1643e+09
2.52745e+11 1.45259e+09
168
9.0959e+10 0
9.38149e+10 0
1.31746e+11 0
6.03049e+10 4.70868e+08
1.98742e+11 1.16494e+09
2.54524e+11 1.42958e+09
169
9.10175e+10 0
9.38838e+10 0
1.31984e+11 0
6.04522e+10 4.7965e+08
1.99755e+11 1.19169e+09
2.555e+11 1.48937e+09
170
9.1059e+10 0
9.3926e+10 0
1.3206e+11 0
6.05435e+10 4.88377e+08
2.00177e+11 1.22771e+09
2.55994e+11 1.5261e+09
171
9.10478e+10 0
9.38885e+10 0
1.3165e+11 0
6.04238e+10 5.03469e+08
1.98774e+11 1.24931e+09
2.55044e+11 1.5645e+09
172
9.11333e+10 0
9.39981e+10 0
1.32137e+11 0
6.06617e+10 5.18659e+08
2.00711e+11 1.3072e+09
2.56778e+11 1.64508e+09
173
9.11578e+10 0
9.40152e+10 0
1.32053e+11 0
6.06288e+10 5.08445e+08
2.0043e+11 1.23794e+09
2.56592e+11 1.51394e+09
174
9.12007e+10 0
9.40587e+10 0
1.3214e+11 0
6.07547e+10 5.41425e+08
2.00932e+11 1.35998e+09
2.5727e+11 1.71956e+09
175
9.12701e+10 0
9.41444e+10 0
1.32439e+11 0
6.08975e+10 5.53158e+08
2.02285e+11 1.37262e+09
2.58535e+11 1.76405e+09
176
9.13222e+10 0
9.42023e+10 0
1.32616e+11 0
6.10237e+10 5.4877e+08
2.0298e+11 1.37702e+09
2.59194e+11 1.71413e+09
177
9.13474e+10 0
9.42214e+10 0
1.32526e+11 0
6.09745e+10 5.61329e+08
2.02779e+11 1.36831e+09
2.59142e+11 1.68506e+09
178
9.13572e+10 0
9.42146e+10 0
1.32274e+11 0
6.0961e+10 5.79915e+08
2.02027e+11 1.4359e+09
2.58742e+11 1.77301e+09
179
9.14536e+10 0
9.43399e+10 0
1.32873e+11 0
6.12555e+10 5.94731e+08
2.04303e+11 1.49165e+09
2.60805e+11 1.87053e+09
180
9.15155e+10 0
9.44132e+10 0
1.33103e+11 0
6.13309e+10 5.83661e+08
2.052e+11 1.40914e+09
2.61618e+11 1.73792e+09
181
9.15174e+10 0
9.43946e+10 0
1.3278e+11 0
6.12734e+10 6.09939e+08
2.04198e+11 1.48525e+09
2.61019e+11 1.85947e+09
182
9.15806e+10 0
9.44687e+10 0
1.33048e+11 0
6.14484e+10 6.26718e+08
2.05229e+11 1.5467e+09
2.62081e+11 1.9468e+09
183
9.16269e+10 0
9.45169e+10 0
1.33133e+11 0
6.15083e+10 6.23254e+08
2.0559e+11 1.51785e+09
2.62484e+11 1.87307e+09
184
9.16481e+10 0
9.45263e+10 0
1.32962e+11 0
6.15184e+10 6.43327e+08
2.05183e+11 1.58284e+09
2.62351e+11 1.96356e+09
185
9.1712e+10 0
9.46022e+10 0
1.33221e+11 0
6.16256e+10 6.43294e+08
2.06195e+11 1.5622e+09
2.63256e+11 1.89478e+09
186
9.176e+10 0
9.46526e+10 0
1.33343e+11 0
6.17656e+10 6.75125e+08
2.06658e+11 1.67658e+09
2.63902e+11 2.07597e+09
187
9.17577e+10 0
9.46229e+10 0
1.32867e+11 0
6.16798e+10 6.70799e+08
2.05372e+11 1.66103e+09
2.62969e+11 2.03619e+09
188
9.18397e+10 0
9.47266e+10 0
1.33332e+11 0
6.18702e+10 7.05397e+08
2.06987e+11 1.73156e+09
2.64582e+11 2.20141e+09
189
9.18807e+10 0
9.47636e+10 0
1.33317e+11 0
6.19346e+10 7.09875e+08
2.07197e+11 1.75556e+09
2.64843e+11 2.16589e+09
190
9.19649e+10 0
9.48684e+10 0
1.33786e+11 0
6.21309e+10 7.0896e+08
2.08766e+11 1.73311e+09
2.66272e+11 2.11682e+09
191
9.20235e+10 0
9.49317e+10 0
1.33909e+11 0
6.228e+10 7.38767e+08
2.09716e+11 1.81837e+09
2.67323e+11 2.30597e+09
192
9.20745e+10 0
9.49845e+10 0
1.34025e+11 0
6.23602e+10 7.4094e+08
2.10115e+11 1.82059e+09
2.67746e+11 2.23918e+09
193
9.23419e+10 0
9.5313e+10 0
1.35208e+11 0
6.27509e+10 6.63659e+08
2.13463e+11 1.60228e+09
2.7191e+11 1.9368e+09
194
9.21412e+10 0
9.50369e+10 0
1.33845e+11 0
6.23571e+10 7.82601e+08
2.09827e+11 1.88564e+09
2.67931e+11 2.38231e+09
195
9.22546e+10 0
9.51835e+10 0
1.34553e+11 0
6.27083e+10 7.914e+08
2.12513e+11 1.92114e+09
2.70268e+11 2.40016e+09
196
9.22551e+10 0
9.51591e+10 0
1.34136e+11 0
6.25641e+10 8.02151e+08
2.11058e+11 1.94974e+09
2.69192e+11 2.35639e+09
197
9.23178e+10 0
9.52262e+10 0
1.34291e+11 0
6.27344e+10 8.00221e+08
2.11807e+11 1.92421e+09
2.70003e+11 2.37038e+09
198
9.23622e+10 0
9.52689e+10 0
1.34303e+11 0
6.27709e+10 8.31561e+08
2.11998e+11 2.00165e+09
2.70399e+11 2.48551e+09
199
9.24074e+10 0
9.53103e+10 0
1.34281e+11 0
6.28393e+10 8.49217e+08
2.12188e+11 2.0357e+09
2.70793e+11 2.57046e+09
200
9.24977e+10 0
9.54206e+10 0
1.34744e+11 0
6.31235e+10 8.87156e+08
2.14118e+11 2.20391e+09
2.72512e+11 2.70584e+09
201
9.25265e+10 0
9.54384e+10 0
1.34579e+11 0
6.30245e+10 8.64388e+08
2.13383e+11 2.04696e+09
2.72025e+11 2.50654e+09
202
9.31318e+10 0
9.62251e+10 0
1.37998e+11 0
6.42008e+10 7.06144e+08
2.23465e+11 1.6883e+09
2.83034e+11 2.06061e+09
203
9.26412e+10 0
9.55566e+10 0
1.34803e+11 0
6.32791e+10 9.22022e+08
2.14384e+11 2.23496e+09
2.73345e+11 2.76775e+09
204
9.27146e+10 0
9.56399e+10 0
1.35041e+11 0
6.3444e+10 9.23066e+08
2.15583e+11 2.2315e+09
2.74403e+11 2.70239e+09
205
9.27196e+10 0
9.56183e+10 0
1.34586e+11 0
6.33509e+10 9.43211e+08
2.1412e+11 2.25625e+09
2.735e+11 2.80882e+09
206
9.28756e+10 0
9.58268e+10 0
1.3568e+11 0
6.38432e+10 9.46691e+08
2.18122e+11 2.27369e+09
2.76896e+11 2.78959e+09
207
9.28629e+10 0
9.5779e+10 0
1.35048e+11 0
6.36793e+10 1.00442e+09
2.16266e+11 2.46778e+09
2.75654e+11 3.02624e+09
208
9.34746e+10 0
9.6573e+10 0
1.38497e+11 0
6.48048e+10 8.17221e+08
2.25705e+11 1.97899e+09
2.86243e+11 2.48942e+09
209
9.30004e+10 0
9.59291e+10 0
1.3542e+11 0
6.39138e+10 1.00455e+09
2.17729e+11 2.38462e+09
2.77222e+11 2.94758e+09
210
9.33599e+10 0
9.63932e+10 0
1.37447e+11 0
6.46063e+10 9.36928e+08
2.23906e+11 2.24894e+09
2.83713e+11 2.79165e+09
211
9.31413e+10 0
9.60838e+10 0
1.35825e+11 0
6.41822e+10 1.04561e+09
2.19354e+11 2.47328e+09
2.78992e+11 3.07134e+09
212
9.34561e+10 0
9.64779e+10 0
1.37338e+11 0
6.47568e+10 9.82101e+08
2.23862e+11 2.38241e+09
2.84136e+11 2.93556e+09
213
9.35368e+10 0
9.65705e+10 0
1.37616e+11 0
6.49195e+10 9.90971e+08
2.24976e+11 2.37749e+09
2.85269e+11 2.95791e+09
214
9.33037e+10 0
9.62369e+10 0
1.35856e+11 0
6.44951e+10 1.1431e+09
2.20081e+11 2.76254e+09
2.80373e+11 3.5068e+09
215
9.33744e+10 0
9.63139e+10 0
1.36022e+11 0
6.46281e+10 1.1604e+09
2.21026e+11 2.83085e+09
2.81261e+11 3.49442e+09
216
9.37185e+10 0
9.67537e+10 0
1.37804e+11 0
6.52045e+10 1.04266e+09
2.26175e+11 2.50021e+09
2.86863e+11 3.08611e+09
217
9.35051e+10 0
9.64488e+10 0
1.36243e+11 0
6.48486e+10 1.17393e+09
2.21912e+11 2.80908e+09
2.82372e+11 3.45937e+09
218
9.35886e+10 0
9.65451e+10 0
1.36543e+11 0
6.497e+10 1.17559e+09
2.23023e+11 2.77511e+09
2.83444e+11 3.41058e+09
219
9.36121e+10 0
9.65461e+10 0
1.36193e+11 0
6.49707e+10 1.19714e+09
2.21839e+11 2.83101e+09
2.82736e+11 3.50675e+09
220
9.39069e+10 0
9.69061e+10 0
1.37434e+11 0
6.53833e+10 1.07579e+09
2.2501e+11 2.54254e+09
2.86617e+11 3.03273e+09
221
9.40183e+10 0
9.70443e+10 0
1.38009e+11 0
6.56695e+10 1.13607e+09
2.27539e+11 2.71371e+09
2.88996e+11 3.35917e+09
222
9.40965e+10 0
9.71295e+10 0
1.38195e+11 0
6.58072e+10 1.12463e+09
2.28081e+11 2.66564e+09
2.89605e+11 3.19815e+09
223
9.42013e+10 0
9.7255e+10 0
1.38652e+11 0
6.60987e+10 1.16584e+09
2.2986e+11 2.79957e+09
2.91425e+11 3.36204e+09
224
9.3971e+10 0
9.69248e+10 0
1.36892e+11 0
6.56697e+10 1.34112e+09
2.25419e+11 3.23565e+09
2.86845e+11 3.9693e+09
225
9.40335e+10 0
9.69854e+10 0
1.36924e+11 0
6.57273e+10 1.34342e+09
2.25462e+11 3.19088e+09
2.87094e+11 3.93265e+09
226
9.46615e+10 0
9.77973e+10 0
1.40338e+11 0
6.67794e+10 1.11595e+09
2.34962e+11 2.69922e+09
2.97405e+11 3.2848e+09
227
9.42116e+10 0
9.71861e+10 0
1.37495e+11 0
6.60875e+10 1.36621e+09
2.27858e+11 3.20116e+09
2.89487e+11 3.92358e+09
228
9.47981e+10 0
9.79339e+10 0
1.40446e+11 0
6.68951e+10 1.08831e+09
2.35422e+11 2.51834e+09
2.98169e+11 3.0389e+09
229
9.46351e+10 0
9.77039e+10 0
1.39362e+11 0
6.67692e+10 1.26423e+09
2.33072e+11 2.94053e+09
2.95356e+11 3.60015e+09
230
9.43722e+10 0
9.7319e+10 0
1.37207e+11 0
6.63412e+10 1.47758e+09
2.27253e+11 3.52771e+09
2.89756e+11 4.33645e+09
231
9.47401e+10 0
9.77882e+10 0
1.39129e+11 0
6.68905e+10 1.32355e+09
2.3256e+11 3.11608e+09
2.95456e+11 3.80981e+09
232
9.48305e+10 0
9.78894e+10 0
1.39375e+11 0
6.70304e+10 1.3296e+09
2.33845e+11 3.10325e+09
2.96716e+11 3.76911e+09
233
9.54519e+10 0
9.86894e+10 0
1.42649e+11 0
6.79388e+10 1.05271e+09
2.42165e+11 2.44967e+09
3.06104e+11 2.95063e+09
234
9.4719e+10 0
9.76971e+10 0
1.381e+11 0
6.69684e+10 1.55934e+09
2.31193e+11 3.71358e+09
2.94047e+11 4.50249e+09
235
9.5051e+10 0
9.81057e+10 0
1.39553e+11 0
6.75644e+10 1.46359e+09
2.34685e+11 3.50473e+09
2.98467e+11 4.3477e+09
236
9.57259e+10 0
9.89891e+10 0
1.43362e+11 0
6.84835e+10 1.14699e+09
2.45496e+11 2.71172e+09
3.09653e+11 3.33805e+09
237
9.5244e+10 0
9.83227e+10 0
1.40188e+11 0
6.78376e+10 1.48881e+09
2.37651e+11 3.53215e+09
3.01218e+11 4.32951e+09
238
9.53257e+10 0
9.8409e+10 0
1.40325e+11 0
6.79605e+10 1.51688e+09
2.38033e+11 3.61291e+09
3.01891e+11 4.41534e+09
239
9.56666e+10 0
9.88328e+10 0
1.4184e+11 0
6.84349e+10 1.37359e+09
2.41978e+11 3.22264e+09
3.0653e+11 4.05246e+09
240
9.57856e+10 0
9.89709e+10 0
1.42338e+11 0
6.86235e+10 1.32222e+09
2.43929e+11 3.02274e+09
3.08016e+11 3.6034e+09
241
9.55864e+10 0
9.86805e+10 0
1.40794e+11 0
6.84943e+10 1.62248e+09
2.40222e+11 3.88724e+09
3.04543e+11 4.78742e+09
242
9.59041e+10 0
9.90654e+10 0
1.42044e+11 0
6.88315e+10 1.45881e+09
2.43233e+11 3.45869e+09
3.08156e+11 4.23627e+09
243
9.62638e+10 0
9.95203e+10 0
1.43775e+11 0
6.92531e+10 1.31047e+09
2.48144e+11 3.15264e+09
3.13442e+11 3.82536e+09
244
9.61302e+10 0
9.93248e+10 0
1.42837e+11 0
6.92845e+10 1.49159e+09
2.463e+11 3.51251e+09
3.11396e+11 4.30883e+09
245
9.59318e+10 0
9.90367e+10 0
1.41277e+11 0
6.89695e+10 1.68739e+09
2.4236e+11 3.9403e+09
3.07296e+11 4.84728e+09
246
9.62693e+10 0
9.94504e+10 0
1.42745e+11 0
6.93821e+10 1.54127e+09
2.46107e+11 3.61956e+09
3.11741e+11 4.43102e+09
247
9.60408e+10 0
9.91097e+10 0
1.40759e+11 0
6.91098e+10 1.78536e+09
2.4055e+11 4.22317e+09
3.06601e+11 5.23283e+09
248
9.63998e+10 0
9.95538e+10 0
1.42441e+11 0
6.95337e+10 1.5968e+09
2.45402e+11 3.77586e+09
3.11553e+11 4.5324e+09
249
9.64809e+10 0
9.96359e+10 0
1.42441e+11 0
6.96693e+10 1.64831e+09
2.45467e+11 3.92508e+09
3.1196e+11 4.76312e+09
250
9.60699e+10 0
9.90764e+10 0
1.39951e+11 0
6.91817e+10 2.01179e+09
2.39746e+11 4.66715e+09
3.05769e+11 5.80545e+09
251
9.64518e+10 0
9.95573e+10 0
1.41815e+11 0
6.97221e+10 1.85365e+09
2.44937e+11 4.329e+09
3.11183e+11 5.28303e+09
252
9.67812e+10 0
9.99533e+10 0
1.43041e+11 0
7.01599e+10 1.73206e+09
2.4746e+11 4.05543e+09
3.14818e+11 5.06109e+09
253
9.71897e+10 0
1.00479e+11 0
1.45159e+11 0
7.0655e+10 1.50006e+09
2.53834e+11 3.45823e+09
3.20939e+11 4.2443e+09
254
9.67209e+10 0
9.98238e+10 0
1.42e+11 0
7.00944e+10 1.91303e+09
2.45599e+11 4.40132e+09
3.12604e+11 5.30205e+09
255
9.74211e+10 0
1.00733e+11 0
1.45841e+11 0
7.11211e+10 1.60906e+09
2.56886e+11 3.85157e+09
3.24047e+11 4.59351e+09
256
9.7494e+10 0
1.008e+11 0
1.45753e+11 0
7.10383e+10 1.5531e+09
2.56514e+11 3.54052e+09
3.23798e+11 4.30882e+09
257
9.75587e+10 0
1.00845e+11 0
1.45456e+11 0
7.11767e+10 1.66649e+09
2.55605e+11 3.9118e+09
3.23537e+11 4.82168e+09
258
9.71703e+10 0
1.00319e+11 0
1.43161e+11 0
7.08548e+10 2.09366e+09
2.50714e+11 4.89031e+09
3.18061e+11 5.97036e+09
259
9.72478e+10 0
1.00382e+11 0
1.43021e+11 0
7.10581e+10 2.20722e+09
2.50157e+11 5.22151e+09
3.18139e+11 6.38143e+09
260
9.76446e+10 0
1.00885e+11 0
1.44982e+11 0
7.14116e+10 1.93489e+09
2.56146e+11 4.49465e+09
3.23921e+11 5.48738e+09
261
9.74531e+10 0
1.00596e+11 0
1.43335e+11 0
7.11842e+10 2.19524e+09
2.51741e+11 5.09718e+09
3.19824e+11 6.21576e+09
262
9.75553e+10 0
1.00701e+11 0
1.43492e+11 0
7.13273e+10 2.24872e+09
2.52413e+11 5.20417e+09
3.20756e+11 6.38577e+09
263
9.84674e+10 0
1.01871e+11 0
1.4811e+11 0
7.23448e+10 1.5734e+09
2.63934e+11 3.64475e+09
3.33107e+11 4.36909e+09
264
9.77159e+10 0
1.00839e+11 0
1.43193e+11 0
7.1436e+10 2.30522e+09
2.51259e+11 5.28359e+09
3.20281e+11 6.42521e+09
265
9.76103e+10 0
1.00688e+11 0
1.42473e+11 0
7.14832e+10 2.61294e+09
2.50582e+11 6.04629e+09
3.19313e+11 7.32227e+09
266
9.79322e+10 0
1.01064e+11 0
1.43464e+11 0
7.17686e+10 2.40707e+09
2.52395e+11 5.60176e+09
3.2221e+11 6.86712e+09
267
9.83958e+10 0
1.01667e+11 0
1.46064e+11 0
7.23365e+10 2.11276e+09
2.60501e+11 4.81207e+09
3.29781e+11 5.83121e+09
268
9.8178e+10 0
1.01331e+11 0
1.44097e+11 0
7.20595e+10 2.43283e+09
2.5514e+11 5.5711e+09
3.24867e+11 6.82808e+09
269
9.83327e+10 0
1.01518e+11 0
1.44739e+11 0
7.22936e+10 2.44768e+09
2.5783e+11 5.64474e+09
3.27368e+11 6.8846e+09
270
9.92651e+10 0
1.02712e+11 0
1.49461e+11 0
7.33724e+10 1.80325e+09
2.70669e+11 4.21798e+09
3.40665e+11 5.09368e+09
271
9.88183e+10 0
1.02087e+11 0
1.46385e+11 0
7.28609e+10 2.28057e+09
2.62151e+11 5.25277e+09
3.32523e+11 6.42517e+09
272
9.86712e+10 0
1.0186e+11 0
1.45098e+11 0
7.27868e+10 2.61287e+09
2.59051e+11 6.06695e+09
3.29679e+11 7.42566e+09
273
9.90789e+10 0
1.02374e+11 0
1.47023e+11 0
7.3197e+10 2.31244e+09
2.64924e+11 5.33089e+09
3.35465e+11 6.49539e+09
274
9.94291e+10 0
1.02797e+11 0
1.48366e+11 0
7.35589e+10 2.12242e+09
2.68871e+11 4.89407e+09
3.39476e+11 5.94819e+09
275
9.95925e+10 0
1.02984e+11 0
1.48891e+11 0
7.37691e+10 2.08101e+09
2.70098e+11 4.80226e+09
3.41308e+11 5.82653e+09
276
9.93841e+10 0
1.02658e+11 0
1.46916e+11 0
7.34693e+10 2.37712e+09
2.64438e+11 5.4863e+09
3.36214e+11 6.65473e+09
277
9.98462e+10 0
1.03262e+11 0
1.49433e+11 0
7.40465e+10 2.08021e+09
2.72711e+11 4.7565e+09
3.44012e+11 5.76876e+09
278
9.97347e+10 0
1.03073e+11 0
1.48373e+11 0
7.40048e+10 2.45442e+09
2.70404e+11 5.64719e+09
3.41918e+11 6.9274e+09
279
9.95328e+10 0
1.02763e+11 0
1.46469e+11 0
7.37119e+10 2.7984e+09
2.65248e+11 6.46306e+09
3.37028e+11 7.8923e+09
280
9.95494e+10 0
1.02717e+11 0
1.45424e+11 0
7.35768e+10 2.85836e+09
2.61183e+11 6.54679e+09
3.33772e+11 7.87318e+09
281
1.00028e+11 0
1.03344e+11 0
1.48021e+11 0
7.41656e+10 2.46912e+09
2.69286e+11 5.6601e+09
3.41977e+11 6.92236e+09
282
1.00716e+11 0
1.0421e+11 0
1.51384e+11 0
7.49668e+10 1.96589e+09
2.78896e+11 4.51635e+09
3.5165e+11 5.46121e+09
283
1.01188e+11 0
1.04808e+11 0
1.53908e+11 0
7.55881e+10 1.70584e+09
2.87162e+11 4.07881e+09
3.59867e+11 5.02137e+09
284
1.0041e+11 0
1.0372e+11 0
1.48369e+11 0
7.4535e+10 2.56079e+09
2.70785e+11 5.88358e+09
3.44293e+11 7.21715e+09
285
1.00834e+11 0
1.04249e+11 0
1.50331e+11 0
7.50517e+10 2.32607e+09
2.77191e+11 5.66243e+09
3.50768e+11 6.90157e+09
286
1.00667e+11 0
1.03971e+11 0
1.486e+11 0
7.47303e+10 2.64873e+09
2.72656e+11 6.32685e+09
3.46157e+11 7.70414e+09
287
1.00828e+11 0
1.04154e+11 0
1.49043e+11 0
7.49389e+10 2.62959e+09
2.73995e+11 6.335e+09
3.47954e+11 7.67507e+09
288
1.01261e+11 0
1.0469e+11 0
1.51003e+11 0
7.54948e+10 2.43881e+09
2.79742e+11 6.20513e+09
3.53988e+11 7.41973e+09
289
1.01716e+11 0
1.05258e+11 0
1.53131e+11 0
7.59891e+10 2.0735e+09
2.86301e+11 5.74989e+09
3.60784e+11 6.91804e+09
290
1.01232e+11 0
1.04568e+11 0
1.49544e+11 0
7.53011e+10 2.75507e+09
2.7697e+11 7.03247e+09
3.51403e+11 8.63254e+09
291
1.02278e+11 0
1.05919e+11 0
1.5512e+11 0
7.66781e+10 1.88009e+09
2.92406e+11 6.1046e+09
3.67611e+11 7.35362e+09
292
1.0268e+11 0
1.06411e+11 0
1.56739e+11 0
7.70999e+10 1.55245e+09
2.96965e+11 5.90669e+09
3.72513e+11 7.14863e+09
293
1.01796e+11 0
1.05209e+11 0
1.51504e+11 0
7.59813e+10 2.84175e+09
2.842e+11 7.389e+09
3.5873e+11 9.0624e+09
294
1.01842e+11 0
1.05212e+11 0
1.50677e+11 0
7.5899e+10 2.83382e+09
2.80822e+11 7.53348e+09
3.56518e+11 9.39263e+09
295
1.01974e+11 0
1.05343e+11 0
1.50668e+11 0
7.59909e+10 2.86573e+09
2.80698e+11 7.69987e+09
3.56789e+11 9.50748e+09
296
1.02707e+11 0
1.06271e+11 0
1.54361e+11 0
7.69119e+10 2.30545e+09
2.92253e+11 7.8526e+09
3.6837e+11 9.96902e+09
297
1.032e+11 0
1.06894e+11 0
1.56822e+11 0
7.75421e+10 1.92466e+09
2.99923e+11 7.94961e+09
3.76472e+11 1.02466e+10
298
1.03062e+11 0
1.06669e+11 0
1.55277e+11 0
7.72311e+10 2.25986e+09
2.95286e+11 8.33289e+09
3.72246e+11 1.066e+10
299
1.02246e+11 0
1.05505e+11 0
1.49199e+11 0
7.6003e+10 3.26439e+09
2.76547e+11 8.28514e+09
3.54309e+11 1.03439e+10
300
1.0389e+11 0
1.0766e+11 0
1.58358e+11 0
7.82755e+10 1.70758e+09
3.03729e+11 9.62098e+09
3.825e+11 1.28791e+10
301
1.03563e+11 0
1.072e+11 0
1.56328e+11 0
7.77721e+10 2.39324e+09
3.00184e+11 9.79292e+09
3.77634e+11 1.26343e+10
302
1.0332e+11 0
1.06804e+11 0
1.53574e+11 0
7.7241e+10 2.70626e+09
2.91026e+11 9.86784e+09
3.69808e+11 1.35876e+10
303
1.0444e+11 0
1.08262e+11 0
1.59897e+11 0
7.88342e+10 1.76427e+09
3.10843e+11 1.18231e+10
3.89582e+11 1.58618e+10
304
1.04256e+11 0
1.07957e+11 0
1.57764e+11 0
7.84555e+10 2.11305e+09
3.04156e+11 1.199e+10
3.83615e+11 1.67136e+10
305
1.04499e+11 0
1.08246e+11 0
1.58878e+11 0
7.87277e+10 2.17314e+09
3.08978e+11 1.28795e+10
3.88124e+11 1.79073e+10
306
1.03791e+11 0
1.07256e+11 0
1.53869e+11 0
7.76324e+10 3.15287e+09
2.93356e+11 1.02896e+10
3.72982e+11 1.58483e+10
307
1.05074e+11 0
1.08902e+11 0
1.60521e+11 0
7.93453e+10 1.89707e+09
3.13996e+11 1.53707e+10
3.9426e+11 2.18634e+10
308
1.05015e+11 0
1.08793e+11 0
1.59683e+11 0
7.91477e+10 2.19531e+09
3.11984e+11 1.48938e+10
3.92733e+11 2.19857e+10
309
1.04274e+11 0
1.07754e+11 0
1.54394e+11 0
7.79083e+10 3.10714e+09
2.96171e+11 1.13357e+10
3.77488e+11 1.98312e+10
310
1.04389e+11 0
1.07843e+11 0
1.54116e+11 0
7.78835e+10 3.17617e+09
2.96142e+11 1.21047e+10
3.77074e+11 2.14232e+10
311
1.05455e+11 0
1.09204e+11 0
1.59561e+11 0
7.94591e+10 2.25836e+09
3.11607e+11 1.73886e+10
3.9396e+11 2.70925e+10
312
1.05665e+11 0
1.09439e+11 0
1.60154e+11 0
7.95994e+10 2.24645e+09
3.14434e+11 1.85102e+10
3.96884e+11 2.88299e+10
313
1.05235e+11 0
1.0881e+11 0
1.56782e+11 0
7.88619e+10 2.92302e+09
3.05019e+11 1.53237e+10
3.87123e+11 2.7049e+10
314
1.05715e+11 0
1.09399e+11 0
1.58836e+11 0
7.94404e+10 2.63162e+09
3.11554e+11 1.84398e+10
3.94242e+11 3.07142e+10
315
1.05284e+11 0
1.08773e+11 0
1.55392e+11 0
7.86199e+10 3.22224e+09
3.0133e+11 1.4173e+10
3.84561e+11 2.88272e+10
316
1.06401e+11 0
1.1021e+11 0
1.61314e+11 0
8.02803e+10 2.36033e+09
3.19579e+11 2.30755e+10
4.03645e+11 3.67908e+10
317
1.06011e+11 0
1.09636e+11 0
1.58305e+11 0
7.95514e+10 3.01334e+09
3.11704e+11 1.84501e+10
3.95174e+11 3.42161e+10
318
1.0707e+11 0
1.1098e+11 0
1.63659e+11 0
8.09991e+10 2.11807e+09
3.28159e+11 2.94202e+10
4.12305e+11 4.38614e+10
319
1.06363e+11 0
1.09988e+11 0
1.58584e+11 0
7.97932e+10 3.04014e+09
3.13348e+11 2.05033e+10
3.97623e+11 3.87585e+10
320
1.06874e+11 0
1.10611e+11 0
1.60787e+11 0
8.04722e+10 2.7032e+09
3.20262e+11 2.50946e+10
4.05205e+11 4.35134e+10
321
1.06185e+11 0
1.09655e+11 0
1.55985e+11 0
7.92578e+10 3.57656e+09
3.06059e+11 1.46328e+10
3.914e+11 3.80645e+10
322
1.07532e+11 0
1.11364e+11 0
1.6276e+11 0
8.12067e+10 2.46629e+09
3.25931e+11 3.21785e+10
4.12525e+11 5.2159e+10
323
1.0682e+11 0
1.10373e+11 0
1.57733e+11 0
7.99813e+10 3.36956e+09
3.11684e+11 2.1161e+10
3.98418e+11 4.70008e+10
324
1.07281e+11 0
1.10909e+11 0
1.59258e+11 0
8.05275e+10 3.07774e+09
3.15865e+11 2.67325e+10
4.03382e+11 5.28376e+10
325
1.07535e+11 0
1.11193e+11 0
1.60147e+11 0
8.08394e+10 3.18989e+09
3.19607e+11 2.86372e+10
4.0681e+11 5.58935e+10
326
1.07403e+11 0
1.1096e+11 0
1.5827e+11 0
8.04863e+10 3.41882e+09
3.13211e+11 2.45318e+10
4.01845e+11 5.63196e+10
327
1.07938e+11 0
1.11605e+11 0
1.60739e+11 0
8.11152e+10 3.21317e+09
3.23144e+11 3.29151e+10
4.10901e+11 6.35703e+10
328
1.09134e+11 0
1.13139e+11 0
1.67156e+11 0
8.28329e+10 2.32449e+09
3.42863e+11 5.04616e+10
4.313e+11 7.53571e+10
329
1.09002e+11 0
1.129e+11 0
1.65125e+11 0
8.24902e+10 2.60447e+09
3.35201e+11 4.61096e+10
4.25393e+11 7.5926e+10
330
1.08011e+11 0
1.11532e+11 0
1.5848e+11 0
8.09845e+10 3.83591e+09
3.16061e+11 2.56303e+10
4.06442e+11 6.84912e+10
331
1.08744e+11 0
1.12422e+11 0
1.61448e+11 0
8.17598e+10 3.20728e+09
3.24766e+11 3.93927e+10
4.15758e+11 7.85606e+10
332
1.10298e+11 0
1.14435e+11 0
1.70199e+11 0
8.3991e+10 2.11714e+09
3.53061e+11 6.73288e+10
4.44021e+11 9.46161e+10
333
1.10561e+11 0
1.14717e+11 0
1.70571e+11 0
8.43555e+10 2.13182e+09
3.52787e+11 6.84739e+10
4.45798e+11 9.81812e+10
334
1.10722e+11 0
1.14861e+11 0
1.70885e+11 0
8.42139e+10 2.26696e+09
3.57764e+11 7.60012e+10
4.47902e+11 1.04392e+11
335
1.10362e+11 0
1.14311e+11 0
1.67338e+11 0
8.36869e+10 2.73964e+09
3.43958e+11 6.21089e+10
4.3737e+11 1.02064e+11
336
1.10603e+11 0
1.14568e+11 0
1.67711e+11 0
8.39546e+10 2.76368e+09
3.44373e+11 6.43651e+10
4.38861e+11 1.06483e+11
337
1.09894e+11 0
1.1357e+11 0
1.62739e+11 0
8.27528e+10 3.68114e+09
3.31859e+11 4.89155e+10
4.25702e+11 1.04735e+11
338
1.11097e+11 0
1.15108e+11 0
1.69077e+11 0
8.43472e+10 2.83861e+09
3.52222e+11 7.40052e+10
4.46116e+11 1.18127e+11
339
1.11068e+11 0
1.14996e+11 0
1.67929e+11 0
8.41638e+10 3.16227e+09
3.49432e+11 7.06809e+10
4.43503e+11 1.20869e+11
340
1.12244e+11 0
1.16488e+11 0
1.73932e+11 0
8.57016e+10 2.44389e+09
3.69117e+11 9.78702e+10
4.62843e+11 1.34587e+11
341
1.11198e+11 0
1.15013e+11 0
1.66438e+11 0
8.40522e+10 3.49137e+09
3.44873e+11 7.11018e+10
4.40409e+11 1.30439e+11
342
1.12642e+11 0
1.16849e+11 0
1.73691e+11 0
8.57802e+10 2.49819e+09
3.6879e+11 1.06744e+11
4.6344e+11 1.46274e+11
343
1.12554e+11 0
1.16653e+11 0
1.71698e+11 0
8.55314e+10 2.71361e+09
3.6046e+11 1.00692e+11
4.57773e+11 1.49218e+11
344
1.11989e+11 0
1.15844e+11 0
1.67649e+11 0
8.48063e+10 3.6083e+09
3.48159e+11 8.1569e+10
4.47126e+11 1.49303e+11
345
1.12566e+11 0
1.16524e+11 0
1.69914e+11 0
8.54266e+10 3.32533e+09
3.55312e+11 9.31691e+10
4.54632e+11 1.5813e+11
346
1.13436e+11 0
1.1759e+11 0
1.73895e+11 0
8.62677e+10 2.81486e+09
3.70696e+11 1.15359e+11
4.68432e+11 1.70026e+11
347
1.1368e+11 0
1.17836e+11 0
1.74116e+11 0
8.64776e+10 2.86e+09
3.70995e+11 1.19276e+11
4.69665e+11 1.76526e+11
348
1.13017e+11 0
1.16874e+11 0
1.69023e+11 0
8.5421e+10 3.69313e+09
3.55163e+11 1.01871e+11
4.55654e+11 1.78408e+11
349
1.12272e+11 0
1.15785e+11 0
1.62966e+11 0
8.42911e+10 4.5835e+09
3.33951e+11 8.27333e+10
4.37372e+11 1.7996e+11
350
1.13572e+11 0
1.17434e+11 0
1.69625e+11 0
8.58687e+10 3.74679e+09
3.56296e+11 1.10473e+11
4.58933e+11 1.93488e+11
351
1.13437e+11 0
1.1715e+11 0
1.6707e+11 0
8.5535e+10 4.10982e+09
3.45808e+11 1.06007e+11
4.50669e+11 1.98271e+11
352
1.13742e+11 0
1.17465e+11 0
1.67789e+11 0
8.56965e+10 4.14083e+09
3.50502e+11 1.13875e+11
4.54618e+11 2.07227e+11
353
1.15656e+11 0
1.19917e+11 0
1.77564e+11 0
8.82704e+10 2.74032e+09
3.77093e+11 1.47557e+11
4.83413e+11 2.19905e+11
354
1.14766e+11 0
1.18654e+11 0
1.71428e+11 0
8.6873e+10 3.93634e+09
3.61659e+11 1.30946e+11
4.6701e+11 2.24836e+11
355
1.15366e+11 0
1.1937e+11 0
1.7379e+11 0
8.7462e+10 3.65539e+09
3.69909e+11 1.43424e+11
4.75473e+11 2.33942e+11
356
1.16635e+11 0
1.2097e+11 0
1.79945e+11 0
8.88883e+10 2.8338e+09
3.91036e+11 1.6923e+11
4.95846e+11 2.46033e+11
357
1.16987e+11 0
1.21345e+11 0
1.80862e+11 0
8.92711e+10 2.95727e+09
3.95059e+11 1.76031e+11
4.99886e+11 2.54901e+11
358
1.17579e+11 0
1.22021e+11 0
1.8243e+11 0
8.97908e+10 2.68818e+09
3.97435e+11 1.83981e+11
5.04227e+11 2.61801e+11
359
1.1691e+11 0
1.2104e+11 0
1.77191e+11 0
8.87611e+10 3.53859e+09
3.80862e+11 1.72473e+11
4.88545e+11 2.65813e+11
360
1.17562e+11 0
1.21795e+11 0
1.7936e+11 0
8.94539e+10 3.34082e+09
3.8673e+11 1.8267e+11
4.95863e+11 2.74905e+11
361
1.16992e+11 0
1.2097e+11 0
1.75067e+11 0
8.85945e+10 4.16563e+09
3.74192e+11 1.7497e+11
4.83374e+11 2.81408e+11
362
1.17273e+11 0
1.21216e+11 0
1.74989e+11 0
8.8717e+10 4.33462e+09
3.74623e+11 1.81979e+11
4.83863e+11 2.88197e+11
363
1.18565e+11 0
1.22829e+11 0
1.81045e+11 0
9.01028e+10 3.70037e+09
3.9491e+11 2.03379e+11
5.04106e+11 3.00524e+11
364
1.17577e+11 0
1.2141e+11 0
1.73537e+11 0
8.8744e+10 4.6965e+09
3.6848e+11 1.89597e+11
4.79675e+11 3.0214e+11
365
1.1828e+11 0
1.22227e+11 0
1.76125e+11 0
8.93797e+10 4.55406e+09
3.77454e+11 2.01918e+11
4.88544e+11 3.12076e+11
366
1.19234e+11 0
1.23393e+11 0
1.79998e+11 0
9.03055e+10 4.39601e+09
3.90487e+11 2.16872e+11
5.01841e+11 3.23239e+11
367
1.19016e+11 0
1.23014e+11 0
1.77629e+11 0
8.9979e+10 4.84035e+09
3.84137e+11 2.18522e+11
4.95202e+11 3.31626e+11
368
1.2008e+11 0
1.24288e+11 0
1.81884e+11 0
9.1071e+10 4.85858e+09
3.96616e+11 2.31711e+11
5.08783e+11 3.42872e+11
369
1.19357e+11 0
1.23212e+11 0
1.75833e+11 0
9.00398e+10 5.75197e+09
3.7616e+11 2.26838e+11
4.89095e+11 3.44536e+11
370
1.20517e+11 0
1.24633e+11 0
1.8115e+11 0
9.13222e+10 5.64337e+09
3.93399e+11 2.42356e+11
5.06646e+11 3.59115e+11
371
1.20888e+11 0
1.25056e+11 0
1.81811e+11 0
9.16954e+10 6.0555e+09
3.95405e+11 2.49464e+11
5.09188e+11 3.68431e+11
372
1.21562e+11 0
1.25841e+11 0
1.83827e+11 0
9.21539e+10 6.4862e+09
4.02136e+11 2.59229e+11
5.16561e+11 3.77964e+11
373
1.21955e+11 0
1.26271e+11 0
1.84201e+11 0
9.26387e+10 7.02609e+09
3.98984e+11 2.62282e+11
5.16348e+11 3.85859e+11
374
1.22013e+11 0
1.26288e+11 0
1.83367e+11 0
9.27924e+10 7.60027e+09
3.94997e+11 2.66796e+11
5.12869e+11 3.93301e+11
375
1.21933e+11 0
1.26103e+11 0
1.81628e+11 0
9.23401e+10 8.70404e+09
3.95365e+11 2.76289e+11
5.10147e+11 3.98907e+11
376
1.22697e+11 0
1.27022e+11 0
1.84493e+11 0
9.3129e+10 8.89053e+09
4.02663e+11 2.8596e+11
5.19182e+11 4.11625e+11
377
1.23337e+11 0
1.27765e+11 0
1.86545e+11 0
9.36793e+10 9.73641e+09
4.09709e+11 2.94828e+11
5.26187e+11 4.22157e+11
378
1.23116e+11 0
1.2742e+11 0
1.84214e+11 0
9.36313e+10 1.06286e+10
4.01655e+11 2.9907e+11
5.18273e+11 4.26452e+11
379
1.24785e+11 0
1.29474e+11 0
1.91045e+11 0
9.51999e+10 1.0555e+10
4.15069e+11 3.06128e+11
5.37609e+11 4.47268e+11
380
1.24242e+11 0
1.28711e+11 0
1.87498e+11 0
9.4621e+10 1.19418e+10
4.12885e+11 3.18054e+11
5.3049e+11 4.49213e+11
381
1.2494e+11 0
1.29516e+11 0
1.89731e+11 0
9.52999e+10 1.25804e+10
4.16722e+11 3.24529e+11
5.35901e+11 4.60344e+11
382
1.24918e+11 0
1.29386e+11 0
1.88017e+11 0
9.52004e+10 1.42992e+10
4.10818e+11 3.28064e+11
5.30981e+11 4.62465e+11
383
1.25912e+11 0
1.30584e+11 0
1.91802e+11 0
9.60562e+10 1.44932e+10
4.20117e+11 3.37925e+11
5.41778e+11 4.80315e+11
384
1.26031e+11 0
1.30667e+11 0
1.91688e+11 0
9.61079e+10 1.57117e+10
4.26156e+11 3.51339e+11
5.44538e+11 4.87796e+11
385
1.25919e+11 0
1.30401e+11 0
1.89285e+11 0
9.58243e+10 1.82676e+10
4.16704e+11 3.50514e+11
5.36854e+11 4.85085e+11
386
1.25687e+11 0
1.30004e+11 0
1.86729e+11 0
9.59312e+10 2.11689e+10
4.07823e+11 3.49952e+11
5.28414e+11 4.78746e+11
387
1.26674e+11 0
1.31175e+11 0
1.90289e+11 0
9.66013e+10 2.1016e+10
4.16563e+11 3.62158e+11
5.39297e+11 4.9975e+11
388
1.27149e+11 0
1.31711e+11 0
1.91767e+11 0
9.72375e+10 2.19572e+10
4.19931e+11 3.70703e+11
5.43489e+11 5.08957e+11
389
1.28284e+11 0
1.33101e+11 0
1.9682e+11 0
9.82631e+10 2.06009e+10
4.36138e+11 3.91447e+11
5.5898e+11 5.35065e+11
390
1.27522e+11 0
1.3192e+11 0
1.90765e+11 0
9.72927e+10 2.65812e+10
4.20701e+11 3.82137e+11
5.42644e+11 5.15658e+11
391
1.28607e+11 0
1.33235e+11 0
1.94726e+11 0
9.84082e+10 2.56723e+10
4.266e+11 3.93891e+11
5.52098e+11 5.37598e+11
392
1.29013e+11 0
1.33654e+11 0
1.95612e+11 0
9.87215e+10 2.71026e+10
4.31024e+11 4.03454e+11
5.55268e+11 5.45827e+11
393
1.29131e+11 0
1.3367e+11 0
1.94463e+11 0
9.89308e+10 3.03268e+10
4.25728e+11 4.02158e+11
5.51489e+11 5.43431e+11
394
1.3024e+11 0
1.35032e+11 0
1.99111e+11 0
9.99743e+10 2.81996e+10
4.3799e+11 4.22183e+11
5.64143e+11 5.69105e+11
395
1.30726e+11 0
1.35555e+11 0
2.00631e+11 0
1.00376e+11 2.91603e+10
4.46275e+11 4.35956e+11
5.70333e+11 5.80019e+11
396
1.30062e+11 0
1.34548e+11 0
1.94669e+11 0
9.97006e+10 3.75682e+10
4.26532e+11 4.15306e+11
5.53257e+11 5.56345e+11
397
1.30843e+11 0
1.35443e+11 0
1.97139e+11 0
1.00457e+11 3.74602e+10
4.31753e+11 4.27687e+11
5.59755e+11 5.72389e+11
398
1.31632e+11 0
1.36376e+11 0
1.99425e+11 0
1.012e+11 3.69982e+10
4.34093e+11 4.36962e+11
5.64232e+11 5.85787e+11
399
1.32274e+11 0
1.37135e+11 0
2.02401e+11 0
1.02065e+11 3.80645e+10
4.46268e+11 4.54363e+11
5.74411e+11 6.00011e+11
400
1.31519e+11 0
1.35966e+11 0
1.95434e+11 0
1.00963e+11 4.83879e+10
4.27772e+11 4.3112e+11
5.56183e+11 5.76044e+11
401
1.32739e+11 0
1.3752e+11 0
2.01275e+11 0
1.02266e+11 4.47472e+10
4.44765e+11 4.59345e+11
5.72438e+11 6.04192e+11
402
1.33077e+11 0
1.37816e+11 0
2.00508e+11 0
1.02375e+11 4.69593e+10
4.39233e+11 4.58033e+11
5.68841e+11 6.05226e+11
403
1.33854e+11 0
1.38763e+11 0
2.03199e+11 0
1.0317e+11 4.63618e+10
4.44725e+11 4.72266e+11
5.75922e+11 6.20527e+11
404
1.33599e+11 0
1.38292e+11 0
1.99732e+11 0
1.02938e+11 5.3919e+10
4.34976e+11 4.59632e+11
5.6719e+11 6.0904e+11
405
1.3491e+11 0
1.39983e+11 0
2.0669e+11 0
1.04418e+11 5.05451e+10
4.57427e+11 4.94745e+11
5.87748e+11 6.4015e+11
406
1.34485e+11 0
1.39282e+11 0
2.01808e+11 0
1.03777e+11 5.782e+10
4.435e+11 4.77737e+11
5.74242e+11 6.24433e+11
407
1.35703e+11 0
1.40827e+11 0
2.07502e+11 1.22537e+08
1.05128e+11 5.54165e+10
4.5844e+11 5.05244e+11
5.90218e+11 6.50758e+11
408
1.36128e+11 0
1.41278e+11 0
2.08354e+11 7.23603e+08
1.05577e+11 5.79022e+10
4.60506e+11 5.11421e+11
5.92541e+11 6.57081e+11
409
1.36081e+11 0
1.41076e+11 0
2.05986e+11 1.44397e+09
1.05259e+11 6.22213e+10
4.55428e+11 5.06639e+11
5.86086e+11 6.51307e+11
410
1.3706e+11 0
1.42307e+11 0
2.11088e+11 2.76111e+09
1.06605e+11 6.29842e+10
4.72016e+11 5.31639e+11
6.02265e+11 6.74805e+11
411
1.37805e+11 0
1.4316e+11 0
2.12862e+11 3.34909e+09
1.07563e+11 6.58615e+10
4.62945e+11 5.28851e+11
6.00637e+11 6.79969e+11
412
1.37421e+11 0
1.4256e+11 0
2.09231e+11 3.44629e+09
1.07035e+11 7.06402e+10
4.61055e+11 5.24205e+11
5.96039e+11 6.74378e+11
413
1.37709e+11 0
1.42817e+11 0
2.08802e+11 4.48902e+09
1.07166e+11 7.3686e+10
4.58854e+11 5.25787e+11
5.93856e+11 6.75824e+11
414
1.38645e+11 0
1.43936e+11 0
2.13075e+11 7.02957e+09
1.08379e+11 7.61322e+10
4.69029e+11 5.43881e+11
6.05569e+11 6.94991e+11
415
1.39437e+11 0
1.44863e+11 0
2.15872e+11 9.59507e+09
1.09435e+11 7.97882e+10
4.713e+11 5.52983e+11
6.11536e+11 7.07983e+11
416
1.39963e+11 0
1.45451e+11 0
2.18039e+11 1.2301e+10
1.10002e+11 8.29077e+10
4.83014e+11 5.69893e+11
6.20837e+11 7.22502e+11
417
1.40081e+11 0
1.45444e+11 0
2.17048e+11 1.23626e+10
1.10174e+11 8.67178e+10
4.82532e+11 5.70352e+11
6.19289e+11 7.23508e+11
418
1.3991e+11 0
1.45044e+11 0
2.12786e+11 1.10126e+10
1.09606e+11 9.04734e+10
4.67284e+11 5.53689e+11
6.06656e+11 7.11364e+11
419
1.41396e+11 0
1.46891e+11 0
2.21191e+11 2.04514e+10
1.11506e+11 9.50021e+10
4.94509e+11 5.9385e+11
6.3153e+11 7.47687e+11
420
1.41779e+11 0
1.47229e+11 0
2.20485e+11 2.23904e+10
1.11955e+11 1.00558e+11
4.84568e+11 5.86756e+11
6.26851e+11 7.47694e+11
421
1.41025e+11 0
1.46063e+11 0
2.13477e+11 1.40026e+10
1.10977e+11 1.01394e+11
4.68908e+11 5.64666e+11
6.10251e+11 7.28177e+11
422
1.43693e+11 0
1.49483e+11 0
2.28949e+11 4.05866e+10
1.14139e+11 1.12582e+11
5.11893e+11 6.30964e+11
6.52249e+11 7.89965e+11
423
1.42859e+11 0
1.48149e+11 0
2.19992e+11 2.97743e+10
1.12907e+11 1.1322e+11
4.82975e+11 5.93522e+11
6.2718e+11 7.60223e+11
424
1.43124e+11 0
1.4836e+11 0
2.19541e+11 2.87715e+10
1.13252e+11 1.15196e+11
4.83292e+11 5.95529e+11
6.28006e+11 7.64746e+11
425
1.43421e+11 0
1.4854e+11 0
2.1943e+11 2.87756e+10
1.13519e+11 1.16572e+11
4.90921e+11 6.05663e+11
6.31951e+11 7.72135e+11
426
1.44392e+11 0
1.49589e+11 0
2.21667e+11 3.86851e+10
1.14425e+11 1.23555e+11
4.90815e+11 6.1209e+11
6.35574e+11 7.83355e+11
427
1.45155e+11 0
1.50469e+11 0
2.22841e+11 4.95559e+10
1.14958e+11 1.30938e+11
4.89888e+11 6.18205e+11
6.37576e+11 7.93252e+11
428
1.45869e+11 0
1.51267e+11 0
2.24903e+11 5.75545e+10
1.15574e+11 1.34613e+11
4.99737e+11 6.33927e+11
6.46446e+11 8.08774e+11
429
1.45929e+11 0
1.51158e+11 0
2.22179e+11 5.61458e+10
1.15345e+11 1.36577e+11
4.94282e+11 6.2787e+11
6.39316e+11 8.02215e+11
430
1.47261e+11 0
1.52728e+11 0
2.2813e+11 7.51814e+10
1.17032e+11 1.42778e+11
5.10426e+11 6.54511e+11
6.56787e+11 8.32066e+11
431
1.47917e+11 0
1.53399e+11 0
2.29042e+11 8.43415e+10
1.1764e+11 1.47064e+11
5.12769e+11 6.61582e+11
6.59713e+11 8.41054e+11
432
1.48587e+11 4.19791e+07
1.54075e+11 4.74749e+07
2.29472e+11 9.27315e+10
1.18202e+11 1.51018e+11
5.1035e+11 6.62544e+11
6.60367e+11 8.4706e+11
433
1.49269e+11 3.1185e+08
1.54727e+11 3.21155e+08
2.30229e+11 1.03026e+11
1.18676e+11 1.55266e+11
5.1476e+11 6.72594e+11
6.6428e+11 8.57138e+11
434
1.50068e+11 7.01465e+08
1.55571e+11 9.30464e+08
2.31753e+11 1.15778e+11
1.19538e+11 1.59264e+11
5.15721e+11 6.78184e+11
6.68467e+11 8.68351e+11
435
1.50239e+11 1.47604e+09
1.55555e+11 2.05709e+09
2.29414e+11 1.17185e+11
1.19314e+11 1.61213e+11
5.15461e+11 6.78731e+11
6.654e+11 8.65863e+11
436
1.51492e+11 2.36629e+09
1.5703e+11 3.32892e+09
2.33314e+11 1.40282e+11
1.20579e+11 1.67175e+11
5.23211e+11 6.96023e+11
6.75905e+11 8.87039e+11
437
1.51368e+11 3.97344e+09
1.56606e+11 4.68839e+09
2.29013e+11 1.37136e+11
1.20415e+11 1.68058e+11
5.1088e+11 6.79273e+11
6.63991e+11 8.71933e+11
438
1.51942e+11 5.35469e+09
1.57194e+11 6.44749e+09
2.2878e+11 1.48395e+11
1.20817e+11 1.71741e+11
5.06814e+11 6.77734e+11
6.61835e+11 8.72805e+11
439
1.54148e+11 6.91534e+09
1.59934e+11 1.06774e+10
2.38491e+11 1.91911e+11
1.22983e+11 1.79547e+11
5.32517e+11 7.22673e+11
6.9072e+11 9.21402e+11
440
1.55378e+11 9.83725e+09
1.61275e+11 1.56543e+10
2.41303e+11 2.11931e+11
1.2368e+11 1.83212e+11
5.4165e+11 7.38981e+11
6.99539e+11 9.36795e+11
441
1.54438e+11 1.45088e+10
1.59887e+11 2.01092e+10
2.33848e+11 2.06529e+11
1.23208e+11 1.82923e+11
5.2576e+11 7.14734e+11
6.8091e+11 9.10082e+11
442
1.5741e+11 2.09026e+10
1.63609e+11 2.97216e+10
2.469e+11 2.55587e+11
1.255e+11 1.90947e+11
5.60502e+11 7.72331e+11
7.19936e+11 9.73529e+11
443
1.561e+11 2.65186e+10
1.61628e+11 3.4014e+10
2.36714e+11 2.45604e+11
1.24581e+11 1.89903e+11
5.35823e+11 7.35706e+11
6.91981e+11 9.31578e+11
444
1.57804e+11 3.48974e+10
1.63531e+11 4.43781e+10
2.41935e+11 2.71545e+11
1.25624e+11 1.94364e+11
5.50214e+11 7.6073e+11
7.08083e+11 9.59154e+11
445
1.57828e+11 4.2183e+10
1.63247e+11 5.21073e+10
2.38385e+11 2.80204e+11
1.25591e+11 1.96021e+11
5.4145e+11 7.50568e+11
6.98535e+11 9.46954e+11
446
1.59634e+11 5.34043e+10
1.65362e+11 6.60451e+10
2.44009e+11 3.0859e+11
1.27032e+11 2.01603e+11
5.52607e+11 7.71845e+11
7.14909e+11 9.76638e+11
447
1.62281e+11 6.85927e+10
1.68532e+11 8.59472e+10
2.54091e+11 3.42675e+11
1.29108e+11 2.08514e+11
5.75214e+11 8.08667e+11
7.42112e+11 1.02424e+12
448
1.61585e+11 7.71768e+10
1.6739e+11 9.41673e+10
2.46865e+11 3.48057e+11
1.28499e+11 2.08898e+11
5.56701e+11 7.84221e+11
7.22464e+11 9.93595e+11
449
1.61634e+11 8.82293e+10
1.67101e+11 1.05548e+11
2.4288e+11 3.55934e+11
1.28101e+11 2.09332e+11
5.4988e+11 7.75107e+11
7.13211e+11 9.79109e+11
450
1.63391e+11 1.07168e+11
1.69226e+11 1.27609e+11
2.48259e+11 3.80825e+11
1.29465e+11 2.14795e+11
5.59664e+11 7.93698e+11
7.273e+11 1.00591e+12
451
1.63996e+11 1.22445e+11
1.69737e+11 1.43689e+11
2.47106e+11 3.93539e+11
1.29699e+11 2.16738e+11
5.562e+11 7.9022e+11
7.2397e+11 1.00068e+12
452
1.64934e+11 1.4052e+11
1.7071e+11 1.62435e+11
2.47995e+11 4.09032e+11
1.29972e+11 2.18896e+11
5.64608e+11 8.02308e+11
7.30651e+11 1.01075e+12
453
1.6699e+11 1.64819e+11
1.73223e+11 1.90051e+11
2.5632e+11 4.40471e+11
1.31892e+11 2.2602e+11
5.86942e+11 8.39165e+11
7.55376e+11 1.05285e+12
454
1.67068e+11 1.79662e+11
1.7297e+11 2.04379e+11
2.51997e+11 4.4363e+11
1.31638e+11 2.25946e+11
5.7064e+11 8.15494e+11
7.39659e+11 1.02741e+12
455
1.68428e+11 2.02755e+11
1.74557e+11 2.29143e+11
2.55583e+11 4.63717e+11
1.3286e+11 2.31286e+11
5.77039e+11 8.29088e+11
7.50307e+11 1.04686e+12
456
1.68478e+11 2.19206e+11
1.74306e+11 2.43456e+11
2.51334e+11 4.64272e+11
1.32286e+11 2.29922e+11
5.72719e+11 8.17573e+11
7.41893e+11 1.02831e+12
457
1.71101e+11 2.48466e+11
1.77439e+11 2.73061e+11
2.6225e+11 5.00046e+11
1.34881e+11 2.40303e+11
5.98147e+11 8.63533e+11
7.73331e+11 1.08293e+12
458
1.71491e+11 2.62903e+11
1.77425e+11 2.86358e+11
2.59524e+11 5.01112e+11
1.347e+11 2.39868e+11
5.96862e+11 8.56442e+11
7.68343e+11 1.06909e+12
459
1.71424e+11 2.75907e+11
1.76853e+11 2.97655e+11
2.51631e+11 4.92099e+11
1.33789e+11 2.37069e+11
5.64212e+11 8.07108e+11
7.39393e+11 1.02322e+12
460
1.73256e+11 2.97805e+11
1.78967e+11 3.20004e+11
2.5678e+11 5.1248e+11
1.35351e+11 2.43415e+11
5.75177e+11 8.27495e+11
7.54322e+11 1.04824e+12
461
1.74988e+11 3.18876e+11
1.81111e+11 3.41915e+11
2.63424e+11 5.35451e+11
1.36562e+11 2.48838e+11
6.05059e+11 8.70094e+11
7.80865e+11 1.08614e+12
462
1.77859e+11 3.42965e+11
1.84573e+11 3.67186e+11
2.74357e+11 5.71039e+11
1.39167e+11 2.59392e+11
6.30218e+11 9.1379e+11
8.09451e+11 1.13433e+12
463
1.78148e+11 3.56809e+11
1.84559e+11 3.79605e+11
2.71214e+11 5.6927e+11
1.39206e+11 2.59642e+11
6.19487e+11 8.96587e+11
8.01178e+11 1.11795e+12
464
1.78058e+11 3.6915e+11
1.84265e+11 3.90603e+11
2.65211e+11 5.63736e+11
1.38597e+11 2.57292e+11
6.00031e+11 8.66368e+11
7.84005e+11 1.08856e+12
465
1.8132e+11 3.90968e+11
1.88296e+11 4.12853e+11
2.79107e+11 6.04268e+11
1.41453e+11 2.69933e+11
6.3948e+11 9.29172e+11
8.23851e+11 1.15275e+12
466
1.82138e+11 4.04889e+11
1.8897e+11 4.24587e+11
2.79057e+11 6.10056e+11
1.42202e+11 2.72899e+11
6.35598e+11 9.24521e+11
8.24006e+11 1.15186e+12
467
1.82953e+11 4.16936e+11
1.89337e+11 4.34671e+11
2.76495e+11 6.11444e+11
1.4224e+11 2.73176e+11
6.23152e+11 9.0698e+11
8.1564e+11 1.13819e+12
468
1.85636e+11 4.30593e+11
1.92323e+11 4.48146e+11
2.86893e+11 6.41272e+11
1.44358e+11 2.82833e+11
6.64275e+11 9.65931e+11
8.50184e+11 1.18983e+12
469
1.84827e+11 4.37917e+11
1.91172e+11 4.53257e+11
2.77211e+11 6.26603e+11
1.43241e+11 2.75996e+11
6.32584e+11 9.17321e+11
8.20998e+11 1.14229e+12
470
1.86654e+11 4.48701e+11
1.93255e+11 4.64547e+11
2.81677e+11 6.43933e+11
1.44863e+11 2.83144e+11
6.34174e+11 9.25073e+11
8.29035e+11 1.15828e+12
471
1.88671e+11 4.60316e+11
1.95903e+11 4.766e+11
2.8992e+11 6.69576e+11
1.46451e+11 2.9179e+11
6.68511e+11 9.73829e+11
8.58149e+11 1.20135e+12
472
1.89053e+11 4.68571e+11
1.96048e+11 4.83579e+11
2.83685e+11 6.64274e+11
1.4619e+11 2.90478e+11
6.27296e+11 9.18759e+11
8.2875e+11 1.15963e+12
473
1.89453e+11 4.77161e+11
1.96863e+11 4.9202e+11
2.86361e+11 6.76792e+11
1.47172e+11 2.91046e+11
6.54559e+11 9.51615e+11
8.45957e+11 1.18043e+12
474
1.90053e+11 4.85884e+11
1.97408e+11 5.00584e+11
2.8702e+11 6.86078e+11
1.47947e+11 2.93598e+11
6.52947e+11 9.50124e+11
8.46065e+11 1.18159e+12
475
1.91233e+11 4.94815e+11
1.98289e+11 5.0971e+11
2.88738e+11 6.99204e+11
1.49112e+11 2.97717e+11
6.55748e+11 9.55884e+11
8.52124e+11 1.19168e+12
476
1.92693e+11 5.04663e+11
1.99714e+11 5.19363e+11
2.914e+11 7.14415e+11
1.50195e+11 3.02702e+11
6.59401e+11 9.63363e+11
8.58017e+11 1.20221e+12
477
1.93508e+11 5.12921e+11
2.00201e+11 5.27072e+11
2.90198e+11 7.19996e+11
1.51156e+11 3.03646e+11
6.4284e+11 9.42388e+11
8.48065e+11 1.19005e+12
478
1.95018e+11 5.22711e+11
2.01827e+11 5.37261e+11
2.94768e+11 7.38466e+11
1.52764e+11 3.08375e+11
6.6168e+11 9.6926e+11
8.63289e+11 1.21305e+12
479
1.96855e+11 5.34036e+11
2.04274e+11 5.49377e+11
3.01303e+11 7.61841e+11
1.54104e+11 3.15887e+11
6.80067e+11 1.00028e+12
8.82172e+11 1.245e+12
480
1.98033e+11 5.44029e+11
2.05766e+11 5.60573e+11
3.06455e+11 7.81215e+11
1.55908e+11 3.21197e+11
6.94119e+11 1.02239e+12
8.97204e+11 1.26893e+12
481
1.98421e+11 5.52494e+11
2.06033e+11 5.69102e+11
3.02584e+11 7.8258e+11
1.56361e+11 3.20344e+11
6.72778e+11 9.9423e+11
8.82436e+11 1.24947e+12
482
1.9822e+11 5.59839e+11
2.05241e+11 5.75807e+11
2.97328e+11 7.81243e+11
1.56594e+11 3.16437e+11
6.71022e+11 9.82102e+11
8.74148e+11 1.22982e+12
483
2.03688e+11 5.82525e+11
2.12208e+11 6.03039e+11
3.25487e+11 8.49033e+11
1.62045e+11 3.43236e+11
7.18633e+11 1.08147e+12
9.36595e+11 1.34979e+12
484
2.04163e+11 5.91926e+11
2.11976e+11 6.11752e+11
3.20647e+11 8.49238e+11
1.62506e+11 3.40788e+11
7.0795e+11 1.0623e+12
9.25404e+11 1.33072e+12
485
2.06499e+11 6.06189e+11
2.14093e+11 6.26994e+11
3.27041e+11 8.72048e+11
1.64529e+11 3.47e+11
7.24762e+11 1.09118e+12
9.42238e+11 1.36055e+12
486
2.07519e+11 6.16398e+11
2.1453e+11 6.36889e+11
3.24109e+11 8.78366e+11
1.65124e+11 3.46664e+11
7.27259e+11 1.08957e+12
9.41494e+11 1.35582e+12
487
2.07493e+11 6.23982e+11
2.13959e+11 6.423e+11
3.11624e+11 8.63053e+11
1.6351e+11 3.36539e+11
6.87704e+11 1.02288e+12
9.02912e+11 1.29035e+12
488
2.11035e+11 6.40819e+11
2.18201e+11 6.60869e+11
3.23632e+11 8.95225e+11
1.66373e+11 3.4671e+11
7.2597e+11 1.08511e+12
9.37495e+11 1.34843e+12
489
2.12186e+11 6.52778e+11
2.19873e+11 6.72714e+11
3.24202e+11 9.07716e+11
1.67983e+11 3.49351e+11
7.29511e+11 1.08786e+12
9.42165e+11 1.3541e+12
490
2.13702e+11 6.73508e+11
2.24582e+11 6.96161e+11
3.39873e+11 9.4389e+11
1.71249e+11 3.64297e+11
7.60623e+11 1.15215e+12
9.81124e+11 1.4291e+12
491
2.1195e+11 6.79285e+11
2.20144e+11 6.99164e+11
3.23282e+11 9.24346e+11
1.69732e+11 3.51013e+11
7.19022e+11 1.07535e+12
9.39484e+11 1.35221e+12
492
2.1657e+11 6.99166e+11
2.24256e+11 7.2125e+11
3.37822e+11 9.63133e+11
1.73308e+11 3.66486e+11
7.69458e+11 1.15844e+12
9.88765e+11 1.43426e+12
493
2.16447e+11 7.09253e+11
2.23758e+11 7.30369e+11
3.3188e+11 9.59308e+11
1.73038e+11 3.60454e+11
7.59139e+11 1.13532e+12
9.74766e+11 1.40631e+12
494
2.17239e+11 7.21291e+11
2.24581e+11 7.41156e+11
3.28449e+11 9.57609e+11
1.73752e+11 3.58393e+11
7.25998e+11 1.08986e+12
9.52063e+11 1.37444e+12
495
2.2106e+11 7.42371e+11
2.2983e+11 7.63996e+11
3.46471e+11 1.0031e+12
1.7724e+11 3.77986e+11
7.82643e+11 1.1861e+12
1.01216e+12 1.47543e+12
496
2.17696e+11 7.47182e+11
2.27224e+11 7.66333e+11
3.36562e+11 9.79476e+11
1.77112e+11 3.6569e+11
7.51613e+11 1.12569e+12
9.77486e+11 1.41041e+12
497
2.19833e+11 7.62849e+11
2.2915e+11 7.82688e+11
3.4331e+11 1.00439e+12
1.792e+11 3.75665e+11
7.70324e+11 1.16208e+12
1.00228e+12 1.45569e+12
498
2.21872e+11 7.75805e+11
2.30202e+11 7.95936e+11
3.45613e+11 1.01944e+12
1.80464e+11 3.80082e+11
7.89577e+11 1.1916e+12
1.01997e+12 1.48362e+12
499
2.2232e+11 7.88021e+11
2.30725e+11 8.07911e+11
3.47568e+11 1.02961e+12
1.82394e+11 3.84481e+11
7.82354e+11 1.18565e+12
1.02187e+12 1.49023e+12
500
2.20952e+11 7.94736e+11
2.28691e+11 8.13355e+11
3.35458e+11 1.0155e+12
1.81455e+11 3.75413e+11
7.57657e+11 1.13902e+12
9.95184e+11 1.44069e+12
501
2.24496e+11 8.10757e+11
2.33013e+11 8.30774e+11
3.51167e+11 1.05058e+12
1.85183e+11 3.91472e+11
8.02386e+11 1.21546e+12
1.04337e+12 1.52209e+12
502
2.26798e+11 8.23045e+11
2.35536e+11 8.43733e+11
3.59182e+11 1.06993e+12
1.87602e+11 3.99309e+11
8.18007e+11 1.24081e+12
1.06138e+12 1.55045e+12
503
2.28423e+11 8.34376e+11
2.37441e+11 8.55109e+11
3.64098e+11 1.08366e+12
1.89145e+11 4.0454e+11
8.38707e+11 1.26962e+12
1.08332e+12 1.58051e+12
504
2.29072e+11 8.43079e+11
2.37889e+11 8.62691e+11
3.63414e+11 1.08664e+12
1.89353e+11 4.03212e+11
8.4861e+11 1.27618e+12
1.08779e+12 1.57938e+12
505
2.3135e+11 8.54078e+11
2.40284e+11 8.73629e+11
3.68753e+11 1.10204e+12
1.91942e+11 4.09759e+11
8.59159e+11 1.29412e+12
1.10143e+12 1.6017e+12
506
2.33618e+11 8.64435e+11
2.42611e+11 8.83956e+11
3.71869e+11 1.11894e+12
1.94934e+11 4.17878e+11
8.67203e+11 1.3107e+12
1.11737e+12 1.62848e+12
507
2.3582e+11 8.73344e+11
2.44492e+11 8.92224e+11
3.65933e+11 1.12239e+12
1.95536e+11 4.19204e+11
8.44226e+11 1.28111e+12
1.10707e+12 1.61524e+12
508
2.37402e+11 8.80933e+11
2.45868e+11 8.99223e+11
3.66304e+11 1.12878e+12
1.96339e+11 4.2034e+11
8.50593e+11 1.28822e+12
1.11262e+12 1.61896e+12
509
2.40489e+11 8.89816e+11
2.48435e+11 9.08214e+11
3.70659e+11 1.14327e+12
1.96437e+11 4.25272e+11
8.72602e+11 1.31791e+12
1.13396e+12 1.64562e+12
510
2.43915e+11 9.00441e+11
2.53664e+11 9.1984e+11
3.80208e+11 1.16678e+12
1.98815e+11 4.35176e+11
8.97391e+11 1.35763e+12
1.16103e+12 1.68963e+12
511
2.40714e+11 9.03979e+11
2.51084e+11 9.22248e+11
3.68084e+11 1.15261e+12
2.00512e+11 4.26754e+11
8.67834e+11 1.30961e+12
1.1372e+12 1.63716e+12
512
2.42558e+11 9.17116e+11
2.53443e+11 9.37221e+11
3.75785e+11 1.17993e+12
2.02023e+11 4.3885e+11
8.9549e+11 1.35048e+12
1.16599e+12 1.68764e+12
513
2.45195e+11 9.29869e+11
2.55588e+11 9.50796e+11
3.85855e+11 1.20706e+12
2.05595e+11 4.51812e+11
9.10683e+11 1.37988e+12
1.19278e+12 1.72931e+12
514
2.47161e+11 9.41869e+11
2.55891e+11 9.63569e+11
3.91908e+11 1.22727e+12
2.06947e+11 4.59276e+11
9.35242e+11 1.41337e+12
1.21879e+12 1.76227e+12
515
2.43837e+11 9.46444e+11
2.54306e+11 9.66255e+11
3.82575e+11 1.20967e+12
2.06524e+11 4.47465e+11
9.15907e+11 1.37425e+12
1.19242e+12 1.70758e+12
516
2.43981e+11 9.5996e+11
2.5542e+11 9.81014e+11
3.92148e+11 1.23938e+12
2.09026e+11 4.6206e+11
9.35788e+11 1.41191e+12
1.22205e+12 1.75809e+12
517
2.42502e+11 9.69518e+11
2.54395e+11 9.90233e+11
3.90794e+11 1.24464e+12
2.09304e+11 4.61072e+11
9.50036e+11 1.41926e+12
1.22942e+12 1.75787e+12
518
2.45448e+11 9.87704e+11
2.5752e+11 1.01063e+12
4.0841e+11 1.29212e+12
2.14662e+11 4.83383e+11
9.81543e+11 1.48467e+12
1.27458e+12 1.84173e+12
519
2.40514e+11 9.92337e+11
2.50883e+11 1.01341e+12
3.89516e+11 1.27019e+12
2.1214e+11 4.69005e+11
9.64262e+11 1.43677e+12
1.24548e+12 1.78258e+12
520
2.42769e+11 1.00903e+12
2.53182e+11 1.03165e+12
4.02155e+11 1.30719e+12
2.15744e+11 4.85564e+11
9.82391e+11 1.48137e+12
1.27485e+12 1.83967e+12
521
2.43309e+11 1.02106e+12
2.53462e+11 1.04374e+12
4.03218e+11 1.31941e+12
2.17096e+11 4.9032e+11
9.80817e+11 1.48429e+12
1.27935e+12 1.84965e+12
522
2.42506e+11 1.02951e+12
2.52151e+11 1.0515e+12
3.97769e+11 1.32023e+12
2.18093e+11 4.86585e+11
1.00017e+12 1.49217e+12
1.28799e+12 1.84547e+12
523
2.44812e+11 1.04464e+12
2.54505e+11 1.06715e+12
4.05326e+11 1.3433e+12
2.20635e+11 4.97268e+11
9.94975e+11 1.50249e+12
1.29205e+12 1.86943e+12
524
2.47274e+11 1.06004e+12
2.57382e+11 1.08399e+12
4.10695e+11 1.37548e+12
2.23922e+11 5.11926e+11
1.01508e+12 1.53912e+12
1.32324e+12 1.92121e+12
525
2.48171e+11 1.07157e+12
2.58116e+11 1.09541e+12
4.06805e+11 1.38739e+12
2.25145e+11 5.12222e+11
1.04825e+12 1.57795e+12
1.34453e+12 1.94571e+12
526
2.50742e+11 1.08738e+12
2.60851e+11 1.11186e+12
4.09734e+11 1.4144e+12
2.28357e+11 5.24862e+11
1.03889e+12 1.58001e+12
1.35559e+12 1.97002e+12
527
2.51107e+11 1.09737e+12
2.60818e+11 1.12102e+12
4.03714e+11 1.41239e+12
2.26526e+11 5.18976e+11
1.02719e+12 1.56318e+12
1.35187e+12 1.95276e+12
528
2.54648e+11 1.11506e+12
2.64876e+11 1.14034e+12
4.11937e+11 1.45119e+12
2.28022e+11 5.34848e+11
1.0726e+12 1.63633e+12
1.39578e+12 2.02957e+12
529
2.56972e+11 1.12996e+12
2.67357e+11 1.15572e+12
4.15827e+11 1.47546e+12
2.29975e+11 5.42635e+11
1.10274e+12 1.67699e+12
1.42029e+12 2.06859e+12
530
2.59833e+11 1.14607e+12
2.70272e+11 1.17231e+12
4.17225e+11 1.49827e+12
2.30498e+11 5.50379e+11
1.1184e+12 1.70275e+12
1.44174e+12 2.10061e+12
531
2.62238e+11 1.16052e+12
2.72446e+11 1.18724e+12
4.16786e+11 1.51287e+12
2.31759e+11 5.54874e+11
1.10176e+12 1.70025e+12
1.4494e+12 2.11197e+12
532
2.62767e+11 1.16936e+12
2.7204e+11 1.19425e+12
4.0642e+11 1.50359e+12
2.33011e+11 5.43642e+11
1.08259e+12 1.66567e+12
1.40609e+12 2.06863e+12
533
2.65133e+11 1.18551e+12
2.75005e+11 1.21079e+12
4.0843e+11 1.5232e+12
2.33719e+11 5.49891e+11
1.08853e+12 1.67695e+12
1.41361e+12 2.08817e+12
534
2.69811e+11 1.20799e+12
2.80571e+11 1.23572e+12
4.22204e+11 1.56561e+12
2.35878e+11 5.69292e+11
1.1211e+12 1.75319e+12
1.45446e+12 2.17972e+12
535
2.71361e+11 1.22261e+12
2.81759e+11 1.25008e+12
4.2161e+11 1.57721e+12
2.34938e+11 5.69462e+11
1.13266e+12 1.75867e+12
1.46153e+12 2.1822e+12
536
2.74078e+11 1.24368e+12
2.85391e+11 1.27244e+12
4.28953e+11 1.60476e+12
2.36926e+11 5.81051e+11
1.13744e+12 1.80036e+12
1.47242e+12 2.24133e+12
537
2.74928e+11 1.26132e+12
2.86695e+11 1.29018e+12
4.33563e+11 1.62468e+12
2.37422e+11 5.87179e+11
1.1576e+12 1.83461e+12
1.49337e+12 2.27381e+12
538
2.74576e+11 1.2762e+12
2.86121e+11 1.30326e+12
4.28345e+11 1.62427e+12
2.35297e+11 5.82693e+11
1.14586e+12 1.82008e+12
1.48254e+12 2.25986e+12
539
2.75865e+11 1.29535e+12
2.87839e+11 1.32297e+12
4.35525e+11 1.65158e+12
2.37617e+11 5.95589e+11
1.14766e+12 1.84441e+12
1.49869e+12 2.30003e+12
540
2.77366e+11 1.3154e+12
2.8982e+11 1.34437e+12
4.48783e+11 1.68992e+12
2.39854e+11 6.11735e+11
1.20252e+12 1.93434e+12
1.54375e+12 2.38709e+12
541
2.78088e+11 1.33265e+12
2.90395e+11 1.36232e+12
4.50232e+11 1.70518e+12
2.40568e+11 6.18337e+11
1.19605e+12 1.93592e+12
1.5483e+12 2.40622e+12
542
2.782e+11 1.34863e+12
2.90232e+11 1.37863e+12
4.52123e+11 1.72037e+12
2.42389e+11 6.2408e+11
1.20178e+12 1.95912e+12
1.56567e+12 2.43006e+12
543
2.78325e+11 1.36451e+12
2.9003e+11 1.39384e+12
4.50577e+11 1.72919e+12
2.43642e+11 6.27963e+11
1.18566e+12 1.95309e+12
1.5642e+12 2.42456e+12
544
2.79981e+11 1.38321e+12
2.9193e+11 1.41278e+12
4.56078e+11 1.75573e+12
2.45835e+11 6.3929e+11
1.21515e+12 1.99908e+12
1.5867e+12 2.4732e+12
545
2.80096e+11 1.39686e+12
2.91525e+11 1.42461e+12
4.50751e+11 1.76164e+12
2.47915e+11 6.41045e+11
1.19606e+12 1.97426e+12
1.57889e+12 2.4517e+12
546
2.78206e+11 1.40477e+12
2.88499e+11 1.42956e+12
4.33335e+11 1.74046e+12
2.47032e+11 6.27629e+11
1.14162e+12 1.89235e+12
1.49697e+12 2.36695e+12
547
2.85047e+11 1.43189e+12
2.97162e+11 1.46119e+12
4.63384e+11 1.83e+12
2.53035e+11 6.73278e+11
1.20272e+12 2.07696e+12
1.603e+12 2.57467e+12
548
2.87425e+11 1.44887e+12
2.99863e+11 1.47972e+12
4.73151e+11 1.87317e+12
2.56438e+11 6.91227e+11
1.23991e+12 2.16165e+12
1.61935e+12 2.65354e+12
549
2.86775e+11 1.46005e+12
2.98349e+11 1.48929e+12
4.60996e+11 1.86621e+12
2.57166e+11 6.84135e+11
1.22656e+12 2.12024e+12
1.5916e+12 2.61268e+12
550
2.86023e+11 1.47151e+12
2.96916e+11 1.4999e+12
4.48999e+11 1.85974e+12
2.59032e+11 6.76247e+11
1.19985e+12 2.06339e+12
1.55796e+12 2.56507e+12
551
2.93681e+11 1.50528e+12
3.06371e+11 1.53909e+12
4.7985e+11 1.9584e+12
2.62639e+11 7.25963e+11
1.23656e+12 2.22146e+12
1.61791e+12 2.75619e+12
552
2.93251e+11 1.51985e+12
3.05499e+11 1.55304e+12
4.72906e+11 1.96394e+12
2.62962e+11 7.20756e+11
1.24919e+12 2.2352e+12
1.61352e+12 2.75428e+12
553
2.96154e+11 1.54407e+12
3.08336e+11 1.57777e+12
4.75267e+11 1.99657e+12
2.66293e+11 7.37377e+11
1.21136e+12 2.19996e+12
1.6006e+12 2.75327e+12
554
2.97216e+11 1.56274e+12
3.09035e+11 1.59633e+12
4.6849e+11 2.0052e+12
2.65121e+11 7.32839e+11
1.21515e+12 2.18282e+12
1.59505e+12 2.72724e+12
555
2.97139e+11 1.5813e+12
3.08429e+11 1.61265e+12
4.60817e+11 2.01011e+12
2.64627e+11 7.26333e+11
1.19955e+12 2.15041e+12
1.57485e+12 2.67519e+12
556
3.01745e+11 1.61103e+12
3.13875e+11 1.64542e+12
4.7507e+11 2.07007e+12
2.67621e+11 7.5567e+11
1.24296e+12 2.24628e+12
1.6256e+12 2.78297e+12
557
3.02856e+11 1.6346e+12
3.1506e+11 1.66973e+12
4.74696e+11 2.09672e+12
2.68696e+11 7.63948e+11
1.22717e+12 2.21585e+12
1.62271e+12 2.76028e+12
558
3.03081e+11 1.6602e+12
3.15499e+11 1.69593e+12
4.73348e+11 2.12231e+12
2.69052e+11 7.66788e+11
1.2425e+12 2.22221e+12
1.6369e+12 2.78206e+12
559
3.07973e+11 1.70056e+12
3.22072e+11 1.74039e+12
4.99166e+11 2.21053e+12
2.72182e+11 8.001e+11
1.32111e+12 2.39059e+12
1.72298e+12 2.94516e+12
560
3.04973e+11 1.71971e+12
3.17968e+11 1.7563e+12
4.84949e+11 2.20512e+12
2.7199e+11 7.92642e+11
1.29147e+12 2.33251e+12
1.69795e+12 2.87301e+12
561
3.05481e+11 1.74884e+12
3.18402e+11 1.7858e+12
4.91808e+11 2.25338e+12
2.74649e+11 8.09097e+11
1.31699e+12 2.37679e+12
1.73421e+12 2.9429e+12
562
3.08976e+11 1.78722e+12
3.22833e+11 1.82935e+12
5.07072e+11 2.3181e+12
2.77979e+11 8.33377e+11
1.34896e+12 2.4671e+12
1.78664e+12 3.07942e+12
563
3.07299e+11 1.81334e+12
3.20211e+11 1.85372e+12
4.92556e+11 2.31054e+12
2.76595e+11 8.15959e+11
1.32542e+12 2.39754e+12
1.7446e+12 2.98384e+12
564
3.07612e+11 1.8436e+12
3.20282e+11 1.88291e+12
4.93375e+11 2.32941e+12
2.80031e+11 8.27084e+11
1.31935e+12 2.41932e+12
1.75349e+12 3.03713e+12
565
3.1062e+11 1.88295e+12
3.23902e+11 1.9259e+12
5.05223e+11 2.39178e+12
2.83061e+11 8.54411e+11
1.35182e+12 2.49817e+12
1.78584e+12 3.08686e+12
566
3.12507e+11 1.91958e+12
3.25644e+11 1.96223e+12
5.02888e+11 2.42432e+12
2.86164e+11 8.64219e+11
1.29024e+12 2.40131e+12
1.74791e+12 3.02856e+12
567
3.15681e+11 1.95543e+12
3.2965e+11 1.99653e+12
5.20643e+11 2.5019e+12
2.89392e+11 8.90529e+11
1.36834e+12 2.53193e+12
1.82183e+12 3.18605e+12
568
3.14934e+11 1.97481e+12
3.28148e+11 2.01074e+12
5.06462e+11 2.48658e+12
2.89777e+11 8.84336e+11
1.32689e+12 2.45475e+12
1.78057e+12 3.06476e+12
569
3.1774e+11 1.99948e+12
3.3151e+11 2.04188e+12
5.18255e+11 2.56269e+12
2.91676e+11 9.04453e+11
1.38695e+12 2.5668e+12
1.83297e+12 3.13188e+12
570
3.16225e+11 2.0186e+12
3.28997e+11 2.05991e+12
5.00752e+11 2.55755e+12
2.90496e+11 8.82909e+11
1.36434e+12 2.46202e+12
1.79479e+12 3.03921e+12
571
3.16676e+11 2.04344e+12
3.28784e+11 2.07879e+12
4.90142e+11 2.54609e+12
2.91474e+11 8.81696e+11
1.31334e+12 2.38171e+12
1.74931e+12 2.94635e+12
572
3.21266e+11 2.07938e+12
3.34595e+11 2.12418e+12
5.14138e+11 2.63616e+12
2.9416e+11 9.17129e+11
1.40492e+12 2.54262e+12
1.84329e+12 3.11264e+12
573
3.2472e+11 2.12621e+12
3.38378e+11 2.17673e+12
5.18639e+11 2.68176e+12
2.96138e+11 9.2783e+11
1.38028e+12 2.50868e+12
1.84349e+12 3.12863e+12
574
3.27629e+11 2.17693e+12
3.41753e+11 2.2167e+12
5.26993e+11 2.72266e+12
2.9689e+11 9.44745e+11
1.44105e+12 2.60808e+12
1.89623e+12 3.22659e+12
575
3.29466e+11 2.21197e+12
3.43397e+11 2.24533e+12
5.32061e+11 2.75284e+12
2.98967e+11 9.55598e+11
1.452e+12 2.63187e+12
1.9152e+12 3.26902e+12
576
3.30063e+11 2.21808e+12
3.43623e+11 2.26705e+12
5.27023e+11 2.76738e+12
2.99614e+11 9.48949e+11
1.44693e+12 2.62203e+12
1.90689e+12 3.2589e+12
577
3.3446e+11 2.25655e+12
3.48692e+11 2.30496e+12
5.35581e+11 2.83089e+12
3.02e+11 9.73681e+11
1.43605e+12 2.64858e+12
1.92033e+12 3.32629e+12
578
3.37938e+11 2.29402e+12
3.5324e+11 2.31568e+12
5.50396e+11 2.89249e+12
3.0386e+11 9.8584e+11
1.49766e+12 2.78331e+12
1.98351e+12 3.4638e+12
579
3.35099e+11 2.28062e+12
3.48982e+11 2.32522e+12
5.26802e+11 2.84486e+12
3.02852e+11 9.54979e+11
1.41624e+12 2.63409e+12
1.90667e+12 3.3176e+12
580
3.3946e+11 2.32598e+12
3.54796e+11 2.37533e+12
5.52237e+11 2.95168e+12
3.05472e+11 9.80958e+11
1.51202e+12 2.81692e+12
2.00244e+12 3.50847e+12
581
3.37487e+11 2.34701e+12
3.51811e+11 2.39439e+12
5.3866e+11 2.94552e+12
3.06379e+11 9.63076e+11
1.48355e+12 2.76306e+12
1.95845e+12 3.42255e+12
582
3.38161e+11 2.3837e+12
3.52234e+11 2.43202e+12
5.35137e+11 2.95626e+12
3.07818e+11 9.59628e+11
1.45163e+12 2.72112e+12
1.9343e+12 3.38663e+12
583
3.39297e+11 2.42787e+12
3.53286e+11 2.47896e+12
5.40879e+11 2.97226e+12
3.10884e+11 9.73746e+11
1.47337e+12 2.76899e+12
1.95629e+12 3.43009e+12
584
3.41443e+11 2.47346e+12
3.55781e+11 2.53112e+12
5.46399e+11 2.96735e+12
3.1299e+11 9.88875e+11
1.46875e+12 2.78505e+12
1.96349e+12 3.45888e+12
585
3.43793e+11 2.51914e+12
3.58433e+11 2.55745e+12
5.52052e+11 2.98195e+12
3.15245e+11 1.00738e+12
1.48006e+12 2.81805e+12
1.97893e+12 3.49779e+12
586
3.47895e+11 2.53089e+12
3.63451e+11 2.5782e+12
5.69413e+11 3.0222e+12
3.19056e+11 1.0422e+12
1.52321e+12 2.91792e+12
2.03318e+12 3.61756e+12
587
3.49179e+11 2.54077e+12
3.64381e+11 2.5781e+12
5.6924e+11 3.04601e+12
3.2115e+11 1.05273e+12
1.54278e+12 2.94441e+12
2.04546e+12 3.63979e+12
588
3.48956e+11 2.51545e+12
3.63646e+11 2.53587e+12
5.55581e+11 3.02277e+12
3.20203e+11 1.03697e+12
1.50258e+12 2.85675e+12
2.00487e+12 3.55566e+12
589
3.49725e+11 2.49097e+12
3.64018e+11 2.52697e+12
5.55025e+11 3.04749e+12
3.22004e+11 1.04206e+12
1.51902e+12 2.87819e+12
2.01295e+12 3.56803e+12
590
3.55967e+11 2.51283e+12
3.71486e+11 2.55798e+12
5.7816e+11 3.14913e+12
3.26558e+11 1.1001e+12
1.56469e+12 3.00942e+12
2.08543e+12 3.74425e+12
591
3.52697e+11 2.51503e+12
3.66846e+11 2.55872e+12
5.5248e+11 3.1016e+12
3.2439e+11 1.05312e+12
1.49953e+12 2.8539e+12
2.00256e+12 3.56349e+12
592
3.56729e+11 2.54842e+12
3.7145e+11 2.59607e+12
5.67983e+11 3.1909e+12
3.27627e+11 1.08301e+12
1.54642e+12 2.96115e+12
2.06301e+12 3.69782e+12
593
3.59438e+11 2.58338e+12
3.74363e+11 2.63334e+12
5.71112e+11 3.23819e+12
3.28682e+11 1.08725e+12
1.57229e+12 3.01541e+12
2.08519e+12 3.7484e+12
594
3.62654e+11 2.62435e+12
3.78096e+11 2.67728e+12
5.78498e+11 3.29638e+12
3.30134e+11 1.09811e+12
1.58489e+12 3.04978e+12
2.11268e+12 3.80255e+12
595
3.6666e+11 2.67498e+12
3.8254e+11 2.73293e+12
5.90012e+11 3.35242e+12
3.33714e+11 1.12063e+12
1.60266e+12 3.09847e+12
2.14572e+12 3.8724e+12
596
3.68493e+11 2.71991e+12
3.84426e+11 2.78232e+12
5.92167e+11 3.37626e+12
3.34895e+11 1.12448e+12
1.61857e+12 3.1254e+12
2.16456e+12 3.88444e+12
597
3.70852e+11 2.78125e+12
3.87171e+11 2.83697e+12
5.98412e+11 3.40081e+12
3.37378e+11 1.1379e+12
1.62307e+12 3.14212e+12
2.1793e+12 3.90949e+12
598
3.72315e+11 2.81864e+12
3.88768e+11 2.87461e+12
5.95766e+11 3.40859e+12
3.38058e+11 1.13771e+12
1.61189e+12 3.11583e+12
2.16594e+12 3.87524e+12
599
3.73175e+11 2.84213e+12
3.8921e+11 2.88801e+12
5.98735e+11 3.42862e+12
3.41677e+11 1.14977e+12
1.60426e+12 3.10528e+12
2.16691e+12 3.87621e+12
600
3.74747e+11 2.84959e+12
3.9081e+11 2.89296e+12
5.92327e+11 3.42602e+12
3.41693e+11 1.14387e+12
1.57148e+12 3.04022e+12
2.13505e+12 3.81589e+12
601
3.73854e+11 2.85042e+12
3.8953e+11 2.89494e+12
5.90011e+11 3.43906e+12
3.42521e+11 1.13902e+12
1.60259e+12 3.06846e+12
2.1502e+12 3.82415e+12
602
3.77602e+11 2.87052e+12
3.93916e+11 2.9191e+12
6.04491e+11 3.49875e+12
3.47335e+11 1.17212e+12
1.62013e+12 3.12946e+12
2.181e+12 3.90977e+12
603
3.7814e+11 2.88832e+12
3.9434e+11 2.93826e+12
6.03393e+11 3.52456e+12
3.49247e+11 1.17352e+12
1.61497e+12 3.12018e+12
2.18013e+12 3.90904e+12
604
3.80279e+11 2.91449e+12
3.96908e+11 2.96719e+12
6.08328e+11 3.5692e+12
3.51085e+11 1.18671e+12
1.63471e+12 3.16279e+12
2.20384e+12 3.96053e+12
605
3.81452e+11 2.94181e+12
3.97547e+11 2.99369e+12
6.06163e+11 3.59663e+12
3.53715e+11 1.18814e+12
1.62545e+12 3.14962e+12
2.20204e+12 3.95985e+12
606
3.85575e+11 2.98069e+12
4.02527e+11 3.03563e+12
6.213e+11 3.66898e+12
3.57149e+11 1.21512e+12
1.65435e+12 3.23341e+12
2.24838e+12 4.07409e+12
607
3.87432e+11 3.01338e+12
4.0456e+11 3.06996e+12
6.20607e+11 3.69749e+12
3.58106e+11 1.2135e+12
1.66779e+12 3.25626e+12
2.25608e+12 4.09265e+12
608
3.89873e+11 3.05144e+12
4.07144e+11 3.10966e+12
6.25662e+11 3.73312e+12
3.60331e+11 1.22478e+12
1.68165e+12 3.29194e+12
2.2813e+12 4.14814e+12
609
3.92919e+11 3.0974e+12
4.10192e+11 3.15673e+12
6.38229e+11 3.77824e+12
3.66065e+11 1.25365e+12
1.69703e+12 3.34535e+12
2.31296e+12 4.22637e+12
610
3.92441e+11 3.12297e+12
4.09033e+11 3.17886e+12
6.246e+11 3.75127e+12
3.64585e+11 1.23018e+12
1.67248e+12 3.27734e+12
2.28542e+12 4.14555e+12
611
3.96114e+11 3.1533e+12
4.13286e+11 3.20584e+12
6.30752e+11 3.77971e+12
3.65638e+11 1.24486e+12
1.69851e+12 3.32581e+12
2.31662e+12 4.1975e+12
612
3.97352e+11 3.16135e+12
4.14029e+11 3.20986e+12
6.30385e+11 3.78978e+12
3.68725e+11 1.25045e+12
1.68027e+12 3.29547e+12
2.31054e+12 4.17137e+12
613
4.02015e+11 3.17452e+12
4.19861e+11 3.2272e+12
6.49938e+11 3.85508e+12
3.69417e+11 1.28171e+12
1.78786e+12 3.48603e+12
2.40827e+12 4.3449e+12
614
4.03545e+11 3.184e+12
4.2096e+11 3.23754e+12
6.44832e+11 3.85646e+12
3.72256e+11 1.28104e+12
1.73685e+12 3.39467e+12
2.36959e+12 4.27118e+12
615
4.05835e+11 3.20256e+12
4.23534e+11 3.25745e+12
6.44605e+11 3.87466e+12
3.72117e+11 1.28291e+12
1.74617e+12 3.4071e+12
2.38046e+12 4.28682e+12
616
4.0648e+11 3.22061e+12
4.24082e+11 3.27515e+12
6.42868e+11 3.89163e+12
3.74275e+11 1.28266e+12
1.74216e+12 3.39151e+12
2.36669e+12 4.2599e+12
617
4.11194e+11 3.25302e+12
4.2947e+11 3.31038e+12
6.65247e+11 3.97785e+12
3.79684e+11 1.33023e+12
1.77874e+12 3.50517e+12
2.43033e+12 4.41835e+12
618
4.09135e+11 3.26799e+12
4.26418e+11 3.32326e+12
6.49589e+11 3.96176e+12
3.79481e+11 1.2999e+12
1.76235e+12 3.44057e+12
2.38974e+12 4.31946e+12
619
4.13537e+11 3.30558e+12
4.31982e+11 3.36518e+12
6.64579e+11 4.03476e+12
3.82135e+11 1.32842e+12
1.80075e+12 3.53984e+12
2.44136e+12 4.44472e+12
620
4.155e+11 3.33882e+12
4.34055e+11 3.39928e+12
6.67567e+11 4.07208e+12
3.85478e+11 1.33828e+12
1.77721e+12 3.52303e+12
2.44071e+12 4.46514e+12
621
4.15691e+11 3.3695e+12
4.33812e+11 3.42967e+12
6.54342e+11 4.06395e+12
3.86207e+11 1.31866e+12
1.72384e+12 3.42098e+12
2.38554e+12 4.36355e+12
622
4.16966e+11 3.40636e+12
4.34735e+11 3.46642e+12
6.61701e+11 4.10352e+12
3.87891e+11 1.33163e+12
1.79597e+12 3.55185e+12
2.44886e+12 4.48175e+12
623
4.20962e+11 3.44808e+12
4.39191e+11 3.50799e+12
6.76365e+11 4.16015e+12
3.93957e+11 1.36647e+12
1.81128e+12 3.61648e+12
2.47944e+12 4.57444e+12
624
4.25831e+11 3.48402e+12
4.45157e+11 3.54472e+12
6.94782e+11 4.22488e+12
3.97192e+11 1.40413e+12
1.83944e+12 3.70736e+12
2.53554e+12 4.71002e+12
625
4.26e+11 3.49639e+12
4.44672e+11 3.55446e+12
6.82371e+11 4.21044e+12
3.97185e+11 1.38659e+12
1.84068e+12 3.67669e+12
2.51667e+12 4.64439e+12
626
4.2805e+11 3.51213e+12
4.46753e+11 3.57063e+12
6.87071e+11 4.24194e+12
3.99541e+11 1.39889e+12
1.84393e+12 3.68986e+12
2.532e+12 4.66724e+12
627
4.27666e+11 3.52158e+12
4.45661e+11 3.57826e+12
6.66674e+11 4.20688e+12
3.98296e+11 1.36573e+12
1.79998e+12 3.56535e+12
2.4694e+12 4.50743e+12
628
4.35739e+11 3.56095e+12
4.55404e+11 3.62397e+12
7.04579e+11 4.33353e+12
4.02812e+11 1.44008e+12
1.91065e+12 3.81916e+12
2.61763e+12 4.8155e+12
629
4.33578e+11 3.57148e+12
4.52022e+11 3.63113e+12
6.78811e+11 4.28638e+12
4.02095e+11 1.3943e+12
1.84298e+12 3.6427e+12
2.52783e+12 4.60147e+12
630
4.38289e+11 3.60618e+12
4.57288e+11 3.6677e+12
6.86367e+11 4.33306e+12
4.05509e+11 1.41757e+12
1.81758e+12 3.62467e+12
2.52798e+12 4.62294e+12
631
4.39235e+11 3.62926e+12
4.58129e+11 3.69133e+12
6.82198e+11 4.34899e+12
4.03981e+11 1.40287e+12
1.85952e+12 3.66285e+12
2.54344e+12 4.62095e+12
632
4.4774e+11 3.68004e+12
4.67977e+11 3.74649e+12
7.28246e+11 4.50547e+12
4.12987e+11 1.49401e+12
1.9608e+12 3.93207e+12
2.6878e+12 4.95795e+12
633
4.46906e+11 3.70469e+12
4.66532e+11 3.7693e+12
7.10538e+11 4.48482e+12
4.12803e+11 1.45977e+12
1.9024e+12 3.79997e+12
2.62352e+12 4.81896e+12
634
4.48021e+11 3.73776e+12
4.67418e+11 3.80238e+12
7.1013e+11 4.51005e+12
4.15504e+11 1.46e+12
1.89216e+12 3.78657e+12
2.62106e+12 4.82052e+12
635
4.51814e+11 3.78216e+12
4.71603e+11 3.84856e+12
7.22133e+11 4.56294e+12
4.20283e+11 1.48533e+12
1.91784e+12 3.85755e+12
2.65287e+12 4.9059e+12
636
4.57858e+11 3.83254e+12
4.79073e+11 3.90225e+12
7.45347e+11 4.64603e+12
4.25842e+11 1.53269e+12
1.93512e+12 3.94785e+12
2.70736e+12 5.0593e+12
637
4.57708e+11 3.8531e+12
4.7835e+11 3.91905e+12
7.43003e+11 4.65698e+12
4.26483e+11 1.52503e+12
1.95908e+12 3.97958e+12
2.72482e+12 5.0789e+12
638
4.53786e+11 3.8581e+12
4.72749e+11 3.91872e+12
7.04489e+11 4.57115e+12
4.23641e+11 1.45451e+12
1.91323e+12 3.80839e+12
2.6251e+12 4.82265e+12
639
4.61446e+11 3.8985e+12
4.82111e+11 3.9641e+12
7.46263e+11 4.7007e+12
4.32255e+11 1.53977e+12
1.98715e+12 4.02328e+12
2.7474e+12 5.11333e+12
640
4.64176e+11 3.92184e+12
4.85729e+11 3.99013e+12
7.45063e+11 4.71857e+12
4.32956e+11 1.54349e+12
1.97454e+12 4.00001e+12
2.75114e+12 5.11195e+12
641
4.62417e+11 3.93136e+12
4.82159e+11 3.99477e+12
7.32134e+11 4.70508e+12
4.32372e+11 1.5195e+12
2.00326e+12 3.99999e+12
2.7475e+12 5.05183e+12
642
4.66599e+11 3.96209e+12
4.87654e+11 4.02986e+12
7.37698e+11 4.74586e+12
4.36321e+11 1.54006e+12
1.94358e+12 3.92067e+12
2.73103e+12 5.03762e+12
643
4.68254e+11 3.98483e+12
4.8867e+11 4.05126e+12
7.38545e+11 4.77419e+12
4.3814e+11 1.54513e+12
1.96834e+12 3.95194e+12
2.76011e+12 5.06606e+12
644
4.76224e+11 4.03087e+12
4.98305e+11 4.10353e+12
7.71722e+11 4.8949e+12
4.42613e+11 1.61151e+12
2.09977e+12 4.21916e+12
2.89113e+12 5.33537e+12
645
4.76636e+11 4.05565e+12
4.97706e+11 4.12511e+12
7.61597e+11 4.89349e+12
4.46122e+11 1.59936e+12
2.01157e+12 4.0657e+12
2.82495e+12 5.21307e+12
646
4.78515e+11 4.0856e+12
4.99443e+11 4.15516e+12
7.59349e+11 4.91669e+12
4.45933e+11 1.59129e+12
2.06358e+12 4.12773e+12
2.84993e+12 5.23718e+12
647
4.77771e+11 4.10835e+12
4.98358e+11 4.17709e+12
7.38917e+11 4.88526e+12
4.44368e+11 1.54784e+12
2.0041e+12 3.98415e+12
2.77701e+12 5.07356e+12
648
4.80055e+11 4.14259e+12
5.00183e+11 4.21012e+12
7.37922e+11 4.90399e+12
4.46181e+11 1.54612e+12
2.00355e+12 3.98252e+12
2.78198e+12 5.08148e+12
649
4.88433e+11 4.19834e+12
5.10246e+11 4.26953e+12
7.7424e+11 5.0241e+12
4.54721e+11 1.62308e+12
2.07224e+12 4.18838e+12
2.87429e+12 5.33108e+12
650
4.91476e+11 4.22906e+12
5.13924e+11 4.30179e+12
7.90909e+11 5.08634e+12
4.57663e+11 1.6507e+12
2.11354e+12 4.29461e+12
2.9418e+12 5.48121e+12
651
4.8615e+11 4.23117e+12
5.0644e+11 4.29688e+12
7.45195e+11 4.97969e+12
4.54009e+11 1.56368e+12
2.01771e+12 4.03787e+12
2.79894e+12 5.14881e+12
652
4.94911e+11 4.27669e+12
5.1677e+11 4.34744e+12
7.87852e+11 5.11446e+12
4.62293e+11 1.65242e+12
2.12434e+12 4.31407e+12
2.94463e+12 5.49178e+12
653
4.99937e+11 4.30985e+12
5.23578e+11 4.38575e+12
8.02513e+11 5.17756e+12
4.684e+11 1.69211e+12
2.08052e+12 4.29239e+12
2.95554e+12 5.55776e+12
654
4.98222e+11 4.32112e+12
5.20269e+11 4.39196e+12
7.80606e+11 5.14077e+12
4.69119e+11 1.65546e+12
2.04797e+12 4.17913e+12
2.88892e+12 5.38386e+12
655
5.01237e+11 4.35002e+12
5.23399e+11 4.42245e+12
7.95872e+11 5.21068e+12
4.69911e+11 1.68263e+12
2.14658e+12 4.35767e+12
2.99078e+12 5.56342e+12
656
5.06936e+11 4.39217e+12
5.29973e+11 4.46769e+12
8.13855e+11 5.29202e+12
4.76847e+11 1.731e+12
2.15046e+12 4.40782e+12
3.02277e+12 5.65682e+12
657
5.03719e+11 4.40758e+12
5.25093e+11 4.47856e+12
7.81403e+11 5.23475e+12
4.74707e+11 1.67064e+12
2.09374e+12 4.22647e+12
2.93897e+12 5.42579e+12
658
5.1089e+11 4.45885e+12
5.34028e+11 4.53639e+12
8.11198e+11 5.35391e+12
4.79109e+11 1.73168e+12
2.16708e+12 4.40942e+12
3.05133e+12 5.66585e+12
659
5.13274e+11 4.49536e+12
5.36257e+11 4.57269e+12
8.09306e+11 5.38255e+12
4.80966e+11 1.72882e+12
2.18539e+12 4.42151e+12
3.05755e+12 5.65844e+12
660
5.19113e+11 4.5439e+12
5.42784e+11 4.62373e+12
8.35109e+11 5.48319e+12
4.88195e+11 1.78335e+12
2.18159e+12 4.48491e+12
3.10203e+12 5.79633e+12
661
5.20385e+11 4.57886e+12
5.43781e+11 4.65832e+12
8.24976e+11 5.4798e+12
4.85923e+11 1.75796e+12
2.21394e+12 4.49981e+12
3.10815e+12 5.77262e+12
662
5.24458e+11 4.61866e+12
5.47821e+11 4.6958e+12
8.30651e+11 5.51738e+12
4.90289e+11 1.77374e+12
2.20887e+12 4.51012e+12
3.11691e+12 5.80642e+12
663
5.27009e+11 4.64427e+12
5.50543e+11 4.72198e+12
8.29307e+11 5.53353e+12
4.91354e+11 1.76607e+12
2.21349e+12 4.50812e+12
3.10947e+12 5.78762e+12
664
5.32556e+11 4.68201e+12
5.57155e+11 4.76273e+12
8.44372e+11 5.59431e+12
4.95319e+11 1.79832e+12
2.23811e+12 4.58963e+12
3.16694e+12 5.92425e+12
665
5.31466e+11 4.70071e+12
5.547e+11 4.77627e+12
8.27884e+11 5.5662e+12
4.97661e+11 1.76746e+12
2.20457e+12 4.49245e+12
3.09929e+12 5.77499e+12
666
5.36853e+11 4.7389e+12
5.6022e+11 4.81528e+12
8.53232e+11 5.6553e+12
5.04832e+11 1.82117e+12
2.28278e+12 4.67648e+12
3.18082e+12 5.96708e+12
667
5.32989e+11 4.74597e+12
5.5577e+11 4.82026e+12
8.15058e+11 5.57382e+12
5.01507e+11 1.74808e+12
2.15736e+12 4.38677e+12
3.05809e+12 5.6706e+12
668
5.41169e+11 4.79211e+12
5.65188e+11 4.87063e+12
8.50038e+11 5.69852e+12
5.09463e+11 1.82446e+12
2.26646e+12 4.63269e+12
3.18746e+12 5.95086e+12
669
5.48722e+11 4.83952e+12
5.74668e+11 4.92495e+12
8.87038e+11 5.83199e+12
5.15464e+11 1.9016e+12
2.33417e+12 4.82921e+12
3.31539e+12 6.24105e+12
670
5.4569e+11 4.8566e+12
5.6971e+11 4.93646e+12
8.54564e+11 5.77361e+12
5.14328e+11 1.84034e+12
2.29391e+12 4.66764e+12
3.22555e+12 5.99715e+12
671
5.48599e+11 4.89573e+12
5.73335e+11 4.97814e+12
8.55249e+11 5.81061e+12
5.16574e+11 1.84905e+12
2.2588e+12 4.61521e+12
3.23035e+12 6.00134e+12
672
5.55323e+11 4.94732e+12
5.80713e+11 5.03249e+12
8.87469e+11 5.93554e+12
5.23835e+11 1.91544e+12
2.3386e+12 4.81234e+12
3.33964e+12 6.23891e+12
673
5.5961e+11 4.99228e+12
5.85559e+11 5.07963e+12
8.9403e+11 5.98473e+12
5.25848e+11 1.92966e+12
2.36311e+12 4.86142e+12
3.36946e+12 6.29406e+12
674
5.6102e+11 5.02825e+12
5.86743e+11 5.11512e+12
8.87738e+11 5.99303e+12
5.25246e+11 1.91286e+12
2.39366e+12 4.88229e+12
3.37997e+12 6.28679e+12
675
5.66164e+11 5.06941e+12
5.92178e+11 5.15459e+12
9.01234e+11 6.05372e+12
5.35209e+11 1.95451e+12
2.34141e+12 4.8462e+12
3.36634e+12 6.31643e+12
676
5.68755e+11 5.09534e+12
5.94146e+11 5.17953e+12
9.01724e+11 6.07737e+12
5.35069e+11 1.94776e+12
2.42103e+12 4.95962e+12
3.4031e+12 6.36464e+12
677
5.7281e+11 5.12944e+12
5.98412e+11 5.21449e+12
9.11618e+11 6.12734e+12
5.36509e+11 1.96426e+12
2.44563e+12 5.02888e+12
3.45204e+12 6.47015e+12
678
5.79494e+11 5.17233e+12
6.06115e+11 5.26053e+12
9.31107e+11 6.20414e+12
5.43958e+11 2.01036e+12
2.45814e+12 5.10316e+12
3.48789e+12 6.58901e+12
679
5.83193e+11 5.20657e+12
6.11226e+11 5.29856e+12
9.35173e+11 6.23907e+12
5.46238e+11 2.02461e+12
2.43303e+12 5.08741e+12
3.51116e+12 6.65133e+12
680
5.81501e+11 5.22533e+12
6.08764e+11 5.31488e+12
9.13103e+11 6.20275e+12
5.45054e+11 1.97822e+12
2.39351e+12 4.96059e+12
3.43944e+12 6.46794e+12
681
5.89211e+11 5.27413e+12
6.1696e+11 5.36611e+12
9.52373e+11 6.34378e+12
5.55994e+11 2.06796e+12
2.46417e+12 5.1713e+12
3.56137e+12 6.75498e+12
682
5.85372e+11 5.29019e+12
6.10877e+11 5.37535e+12
9.10861e+11 6.26301e+12
5.54587e+11 1.98846e+12
2.41226e+12 4.96375e+12
3.43301e+12 6.42568e+12
683
5.92393e+11 5.34558e+12
6.20021e+11 5.43782e+12
9.33191e+11 6.36444e+12
5.60477e+11 2.04484e+12
2.40662e+12 5.01732e+12
3.49658e+12 6.58681e+12
684
5.98931e+11 5.40001e+12
6.27216e+11 5.49497e+12
9.59589e+11 6.47938e+12
5.66063e+11 2.1002e+12
2.49137e+12 5.20382e+12
3.5973e+12 6.79714e+12
685
5.99613e+11 5.43657e+12
6.27604e+11 5.53134e+12
9.46092e+11 6.47888e+12
5.63747e+11 2.06733e+12
2.51838e+12 5.19331e+12
3.60124e+12 6.74521e+12
686
6.02678e+11 5.48285e+12
6.30341e+11 5.57684e+12
9.59317e+11 6.54498e+12
5.67696e+11 2.08971e+12
2.54865e+12 5.26412e+12
3.65234e+12 6.83798e+12
687
6.05766e+11 5.52611e+12
6.33629e+11 5.6192e+12
9.54652e+11 6.56e+12
5.7247e+11 2.09221e+12
2.49839e+12 5.1794e+12
3.62143e+12 6.78607e+12
688
6.14108e+11 5.5738e+12
6.43056e+11 5.66967e+12
9.82561e+11 6.66468e+12
5.82554e+11 2.15779e+12
2.52102e+12 5.2832e+12
3.65786e+12 6.92261e+12
689
6.10205e+11 5.58344e+12
6.37425e+11 5.6746e+12
9.4218e+11 6.57599e+12
5.75584e+11 2.06469e+12
2.50503e+12 5.14384e+12
3.5948e+12 6.7037e+12
690
6.15494e+11 5.62435e+12
6.42803e+11 5.71538e+12
9.54764e+11 6.63562e+12
5.79922e+11 2.09097e+12
2.54197e+12 5.23418e+12
3.63375e+12 6.79949e+12
691
6.29939e+11 5.69323e+12
6.5962e+11 5.792e+12
1.01786e+12 6.83716e+12
5.91264e+11 2.22445e+12
2.68527e+12 5.623e+12
3.82581e+12 7.27542e+12
692
6.29135e+11 5.71108e+12
6.57866e+11 5.80644e+12
9.95622e+11 6.79898e+12
5.90116e+11 2.17623e+12
2.63359e+12 5.48377e+12
3.76654e+12 7.11822e+12
693
6.3023e+11 5.74091e+12
6.59423e+11 5.83782e+12
9.93862e+11 6.82268e+12
5.94285e+11 2.17714e+12
2.581e+12 5.39405e+12
3.75402e+12 7.08284e+12
694
6.35859e+11 5.79096e+12
6.65231e+11 5.88884e+12
1.01023e+12 6.90283e+12
6.01473e+11 2.21795e+12
2.63091e+12 5.50192e+12
3.79433e+12 7.17714e+12
695
6.38735e+11 5.83268e+12
6.68745e+11 5.93338e+12
1.00723e+12 6.93365e+12
6.01407e+11 2.21302e+12
2.662e+12 5.53226e+12
3.82623e+12 7.20914e+12
696
6.42406e+11 5.87862e+12
6.72233e+11 5.97894e+12
1.01535e+12 6.99779e+12
6.07323e+11 2.23629e+12
2.65703e+12 5.53943e+12
3.84446e+12 7.24713e+12
697
6.48549e+11 5.93436e+12
6.79325e+11 6.03825e+12
1.03521e+12 7.09536e+12
6.14246e+11 2.28236e+12
2.70038e+12 5.64831e+12
3.91326e+12 7.39745e+12
698
6.51923e+11 5.98402e+12
6.83198e+11 6.08997e+12
1.03463e+12 7.12724e+12
6.19745e+11 2.29085e+12
2.64182e+12 5.55145e+12
3.88919e+12 7.35002e+12
699
6.50563e+11 6.01374e+12
6.80927e+11 6.11517e+12
1.00921e+12 7.08323e+12
6.16451e+11 2.2316e+12
2.65136e+12 5.48351e+12
3.85088e+12 7.19948e+12
700
6.58602e+11 6.06287e+12
6.89302e+11 6.16503e+12
1.04635e+12 7.21732e+12
6.22763e+11 2.30654e+12
2.73248e+12 5.71034e+12
3.98083e+12 7.50057e+12
701
6.5385e+11 6.07352e+12
6.81648e+11 6.16734e+12
9.97435e+11 7.10801e+12
6.19241e+11 2.1991e+12
2.73509e+12 5.55839e+12
3.85034e+12 7.14625e+12
702
6.67838e+11 6.14703e+12
6.98975e+11 6.25141e+12
1.05788e+12 7.31065e+12
6.31863e+11 2.33817e+12
2.77168e+12 5.79808e+12
4.01137e+12 7.58673e+12
703
6.7476e+11 6.19531e+12
7.07033e+11 6.30341e+12
1.07654e+12 7.39401e+12
6.38356e+11 2.38471e+12
2.7559e+12 5.83493e+12
4.05714e+12 7.72217e+12
704
6.69205e+11 6.20307e+12
7.00393e+11 6.30803e+12
1.02362e+12 7.27283e+12
6.30736e+11 2.26579e+12
2.6737e+12 5.55572e+12
3.92596e+12 7.36147e+12
705
6.75299e+11 6.25143e+12
7.06382e+11 6.35579e+12
1.03699e+12 7.34322e+12
6.37079e+11 2.2972e+12
2.72327e+12 5.65877e+12
3.96468e+12 7.44226e+12
706
6.80653e+11 6.30373e+12
7.12539e+11 6.41094e+12
1.05239e+12 7.42303e+12
6.43937e+11 2.33627e+12
2.73271e+12 5.70376e+12
3.99614e+12 7.52084e+12
707
6.7933e+11 6.33613e+12
7.10152e+11 6.44016e+12
1.0254e+12 7.38816e+12
6.41929e+11 2.2782e+12
2.73034e+12 5.60802e+12
3.94733e+12 7.34994e+12
708
6.91993e+11 6.41675e+12
7.2456e+11 6.52711e+12
1.0869e+12 7.61167e+12
6.56634e+11 2.41801e+12
2.81447e+12 5.90474e+12
4.12853e+12 7.80028e+12
709
6.94995e+11 6.46766e+12
7.27675e+11 6.57919e+12
1.08236e+12 7.6427e+12
6.59254e+11 2.40962e+12
2.82704e+12 5.8994e+12
4.13998e+12 7.79061e+12
710
6.95192e+11 6.51139e+12
7.27123e+11 6.61977e+12
1.06547e+12 7.62605e+12
6.59267e+11 2.36785e+12
2.80115e+12 5.79194e+12
4.08207e+12 7.62549e+12
711
7.07433e+11 6.57981e+12
7.40639e+11 6.6909e+12
1.11808e+12 7.80565e+12
6.71486e+11 2.48824e+12
2.92435e+12 6.12196e+12
4.2621e+12 8.04409e+12
712
7.12174e+11 6.62143e+12
7.46079e+11 6.73499e+12
1.12342e+12 7.85224e+12
6.77888e+11 2.50771e+12
2.8826e+12 6.0711e+12
4.24774e+12 8.03787e+12
713
7.10433e+11 6.64537e+12
7.43277e+11 6.75611e+12
1.09084e+12 7.79264e+12
6.74154e+11 2.43241e+12
2.86686e+12 5.94928e+12
4.16794e+12 7.81732e+12
714
7.18331e+11 6.70081e+12
7.51738e+11 6.81346e+12
1.11724e+12 7.90283e+12
6.81361e+11 2.49145e+12
2.9203e+12 6.1056e+12
4.26979e+12 8.05307e+12
715
7.26586e+11 6.75807e+12
7.61342e+11 6.87524e+12
1.14488e+12 8.01504e+12
6.85691e+11 2.54848e+12
2.98678e+12 6.28862e+12
4.38949e+12 8.32003e+12
716
7.26492e+11 6.78769e+12
7.59553e+11 6.89934e+12
1.12244e+12 7.98319e+12
6.87312e+11 2.50028e+12
2.98089e+12 6.20047e+12
4.32184e+12 8.13174e+12
717
7.3613e+11 6.8509e+12
7.71643e+11 6.97046e+12
1.14811e+12 8.09341e+12
6.98335e+11 2.57004e+12
2.9423e+12 6.2101e+12
4.3479e+12 8.24205e+12
718
7.40491e+11 6.90293e+12
7.75717e+11 7.02166e+12
1.15808e+12 8.16425e+12
7.01605e+11 2.5885e+12
2.99871e+12 6.30719e+12
4.41493e+12 8.35058e+12
719
7.32063e+11 6.9176e+12
7.65283e+11 7.03105e+12
1.08738e+12 8.00881e+12
6.9496e+11 2.43125e+12
2.88766e+12 5.91527e+12
4.19264e+12 7.78088e+12
720
7.42946e+11 6.99964e+12
7.7682e+11 7.11523e+12
1.14136e+12 8.21133e+12
7.05892e+11 2.54603e+12
3.01544e+12 6.25359e+12
4.39925e+12 8.23794e+12
721
7.4789e+11 7.06121e+12
7.82397e+11 7.17809e+12
1.13841e+12 8.24308e+12
7.13403e+11 2.55404e+12
2.97037e+12 6.16672e+12
4.35639e+12 8.15691e+12
722
7.66447e+11 7.15497e+12
8.04044e+11 7.28108e+12
1.2245e+12 8.52231e+12
7.27697e+11 2.74624e+12
3.1474e+12 6.68057e+12
4.66041e+12 8.86693e+12
723
7.56816e+11 7.1509e+12
7.9172e+11 7.26853e+12
1.15244e+12 8.3521e+12
7.19775e+11 2.58193e+12
3.04396e+12 6.29785e+12
4.45966e+12 8.32336e+12
724
7.66832e+11 7.21914e+12
8.02925e+11 7.34149e+12
1.18643e+12 8.48916e+12
7.26624e+11 2.65552e+12
3.13316e+12 6.5305e+12
4.58671e+12 8.62021e+12
725
7.74893e+11 7.28211e+12
8.11153e+11 7.40476e+12
1.2104e+12 8.59654e+12
7.34366e+11 2.71041e+12
3.1891e+12 6.68343e+12
4.65852e+12 8.80406e+12
726
7.84853e+11 7.35068e+12
8.22638e+11 7.4782e+12
1.24119e+12 8.72305e+12
7.4374e+11 2.78506e+12
3.20374e+12 6.7996e+12
4.73599e+12 9.02229e+12
727
7.8248e+11 7.37598e+12
8.18824e+11 7.499e+12
1.20195e+12 8.64868e+12
7.41161e+11 2.69797e+12
3.16479e+12 6.61463e+12
4.6338e+12 8.73081e+12
728
7.95008e+11 7.45338e+12
8.34611e+11 7.58778e+12
1.24743e+12 8.82401e+12
7.55892e+11 2.81232e+12
3.13445e+12 6.69384e+12
4.72192e+12 8.99702e+12
729
7.87448e+11 7.47042e+12
8.24063e+11 7.59524e+12
1.18171e+12 8.68005e+12
7.46693e+11 2.65519e+12
3.1108e+12 6.43562e+12
4.57501e+12 8.53381e+12
730
7.99346e+11 7.55909e+12
8.3784e+11 7.69036e+12
1.22682e+12 8.86411e+12
7.59425e+11 2.76054e+12
3.17854e+12 6.66041e+12
4.70925e+12 8.86771e+12
731
8.0249e+11 7.61986e+12
8.39613e+11 7.74698e+12
1.22699e+12 8.9108e+12
7.63163e+11 2.75466e+12
3.23583e+12 6.72552e+12
4.73144e+12 8.8724e+12
732
8.12411e+11 7.6951e+12
8.50924e+11 7.82536e+12
1.25809e+12 9.03975e+12
7.77444e+11 2.83645e+12
3.22866e+12 6.79162e+12
4.76802e+12 9.01106e+12
733
8.0972e+11 7.71912e+12
8.47653e+11 7.84768e+12
1.21645e+12 8.9578e+12
7.71877e+11 2.741e+12
3.19096e+12 6.5997e+12
4.7e+12 8.7615e+12
734
8.23968e+11 7.79922e+12
8.63912e+11 7.93503e+12
1.273e+12 9.16089e+12
7.86528e+11 2.87428e+12
3.24999e+12 6.85367e+12
4.86328e+12 9.17901e+12
735
8.36639e+11 7.82991e+12
8.74319e+11 7.96078e+12
1.24014e+12 9.08579e+12
7.80581e+11 2.77595e+12
3.27643e+12 6.76385e+12
4.80332e+12 8.9531e+12
736
8.65952e+11 7.92364e+12
9.05268e+11 8.05741e+12
1.32806e+12 9.32936e+12
7.97999e+11 2.93827e+12
3.39794e+12 7.15079e+12
5.00721e+12 9.47827e+12
737
8.78254e+11 7.98355e+12
9.20238e+11 8.12351e+12
1.36068e+12 9.42014e+12
8.08184e+11 2.97473e+12
3.34537e+12 7.11526e+12
5.02782e+12 9.55478e+12
738
8.88385e+11 8.031e+12
9.31922e+11 8.17186e+12
1.34899e+12 9.40085e+12
8.18367e+11 2.92719e+12
3.32644e+12 7.00946e+12
4.99861e+12 9.42708e+12
739
8.974e+11 8.09093e+12
9.39898e+11 8.22934e+12
1.35589e+12 9.44392e+12
8.32325e+11 2.92148e+12
3.39968e+12 7.04157e+12
5.0169e+12 9.39704e+12
740
9.1821e+11 8.18196e+12
9.62641e+11 8.32465e+12
1.40695e+12 9.61722e+12
8.57062e+11 3.02003e+12
3.51772e+12 7.24705e+12
5.21859e+12 9.6697e+12
741
9.30191e+11 8.2639e+12
9.76466e+11 8.41256e+12
1.44825e+12 9.75636e+12
8.72985e+11 3.08809e+12
3.54127e+12 7.29909e+12
5.36808e+12 9.86903e+12
742
9.1916e+11 8.26524e+12
9.6122e+11 8.40003e+12
1.33999e+12 9.4978e+12
8.61775e+11 2.83904e+12
3.50486e+12 6.87246e+12
5.16487e+12 9.14456e+12
743
9.62523e+11 8.41975e+12
1.0121e+12 8.57475e+12
1.51981e+12 1.00046e+13
9.07153e+11 3.22769e+12
3.70229e+12 7.64053e+12
5.66996e+12 1.04452e+13
744
9.62295e+11 8.45125e+12
1.00991e+12 8.59925e+12
1.49077e+12 9.9525e+12
9.0766e+11 3.15253e+12
3.73791e+12 7.6765e+12
5.62879e+12 1.038e+13
745
9.54728e+11 8.45864e+12
9.99862e+11 8.60171e+12
1.4016e+12 9.75244e+12
8.98015e+11 2.99346e+12
3.63722e+12 7.31097e+12
5.4415e+12 9.85865e+12
746
9.79264e+11 8.56351e+12
1.02622e+12 8.71062e+12
1.48219e+12 1.00234e+13
9.18968e+11 3.19306e+12
3.80771e+12 7.81547e+12
5.68469e+12 1.04898e+13
747
9.96684e+11 8.69363e+12
1.04653e+12 8.86754e+12
1.53526e+12 1.03693e+13
9.40587e+11 3.3315e+12
3.80441e+12 7.93384e+12
5.78777e+12 1.07773e+13
748
1.00123e+12 8.93286e+12
1.04951e+12 9.10909e+12
1.51717e+12 1.04956e+13
9.4255e+11 3.30479e+12
3.89123e+12 8.02084e+12
5.82172e+12 1.07859e+13
749
9.99107e+11 9.05995e+12
1.04529e+12 9.21724e+12
1.45031e+12 1.04651e+13
9.4203e+11 3.1681e+12
3.80965e+12 7.68176e+12
5.62886e+12 1.0255e+13
750
1.00942e+12 9.24957e+12
1.05586e+12 9.40297e+12
1.45881e+12 1.06113e+13
9.51556e+11 3.18854e+12
3.82569e+12 7.69179e+12
5.64995e+12 1.02774e+13
751
1.02703e+12 9.39498e+12
1.07768e+12 9.5652e+12
1.51582e+12 1.08912e+13
9.68617e+11 3.31808e+12
3.88025e+12 7.92839e+12
5.87765e+12 1.07714e+13
752
1.06015e+12 9.63791e+12
1.11507e+12 9.81771e+12
1.65375e+12 1.13874e+13
1.00552e+12 3.64496e+12
4.0582e+12 8.58446e+12
6.26062e+12 1.17563e+13
753
1.05196e+12 9.67768e+12
1.10301e+12 9.84927e+12
1.56222e+12 1.12223e+13
9.93971e+11 3.43532e+12
4.0539e+12 8.28869e+12
6.08341e+12 1.11838e+13
754
1.06576e+12 9.81444e+12
1.1168e+12 9.98814e+12
1.58425e+12 1.13989e+13
1.00683e+12 3.4887e+12
4.13224e+12 8.45176e+12
6.1824e+12 1.13734e+13
755
1.07372e+12 9.94047e+12
1.12488e+12 1.01105e+13
1.58351e+12 1.148e+13
1.01272e+12 3.48385e+12
4.11358e+12 8.38877e+12
6.17075e+12 1.13092e+13
756
1.10876e+12 1.01354e+13
1.16615e+12 1.03274e+13
1.72324e+12 1.19808e+13
1.04932e+12 3.81986e+12
4.28562e+12 9.06552e+12
6.5825e+12 1.23836e+13
757
1.10662e+12 1.02311e+13
1.16223e+12 1.04198e+13
1.6631e+12 1.19255e+13
1.0472e+12 3.68077e+12
4.23534e+12 8.79264e+12
6.44253e+12 1.19641e+13
758
1.12732e+12 1.03994e+13
1.18222e+12 1.0583e+13
1.72176e+12 1.21862e+13
1.0661e+12 3.81624e+12
4.38705e+12 9.16285e+12
6.62034e+12 1.2369e+13
759
1.14374e+12 1.05291e+13
1.20274e+12 1.07271e+13
1.7515e+12 1.23683e+13
1.08186e+12 3.89309e+12
4.37112e+12 9.19117e+12
6.72272e+12 1.25721e+13
760
1.14607e+12 1.06406e+13
1.2022e+12 1.08308e+13
1.71541e+12 1.23693e+13
1.08639e+12 3.80191e+12
4.35497e+12 9.01348e+12
6.58303e+12 1.22011e+13
761
1.14445e+12 1.07409e+13
1.19949e+12 1.09275e+13
1.6591e+12 1.23122e+13
1.08584e+12 3.66937e+12
4.33323e+12 8.79038e+12
6.492e+12 1.18617e+13
762
1.17109e+12 1.09157e+13
1.2288e+12 1.11096e+13
1.75428e+12 1.26724e+13
1.11216e+12 3.89188e+12
4.47655e+12 9.26117e+12
6.78488e+12 1.25668e+13
763
1.18047e+12 1.10206e+13
1.23853e+12 1.12165e+13
1.74597e+12 1.27437e+13
1.12132e+12 3.87982e+12
4.49804e+12 9.23654e+12
6.81343e+12 1.25347e+13
764
1.20297e+12 1.11887e+13
1.26261e+12 1.139e+13
1.80436e+12 1.30172e+13
1.14189e+12 4.01451e+12
4.58722e+12 9.51476e+12
6.96315e+12 1.29132e+13
765
1.21165e+12 1.13204e+13
1.27089e+12 1.15205e+13
1.80105e+12 1.311e+13
1.14858e+12 3.99549e+12
4.61819e+12 9.52679e+12
6.98117e+12 1.29079e+13
766
1.23263e+12 1.14824e+13
1.29393e+12 1.16888e+13
1.85577e+12 1.3364e+13
1.17008e+12 4.12903e+12
4.69783e+12 9.79614e+12
7.14688e+12 1.33172e+13
767
1.25695e+12 1.16515e+13
1.32227e+12 1.18706e+13
1.92161e+12 1.36585e+13
1.19592e+12 4.29368e+12
4.77131e+12 1.00613e+13
7.36297e+12 1.37969e+13
768
1.27142e+12 1.17989e+13
1.33536e+12 1.20147e+13
1.93212e+12 1.38058e+13
1.20555e+12 4.30618e+12
4.87004e+12 1.01905e+13
7.42908e+12 1.38602e+13
769
1.29096e+12 1.198e+13
1.35795e+12 1.22056e+13
1.97282e+12 1.40333e+13
1.22749e+12 4.399e+12
4.88606e+12 1.02892e+13
7.53155e+12 1.40975e+13
770
1.30797e+12 1.21312e+13
1.37565e+12 1.23575e+13
2.00165e+12 1.42122e+13
1.24543e+12 4.46119e+12
4.95207e+12 1.04439e+13
7.63115e+12 1.43102e+13
771
1.32033e+12 1.22632e+13
1.38852e+12 1.2491e+13
2.00918e+12 1.43313e+13
1.25688e+12 4.4757e+12
5.01496e+12 1.05233e+13
7.7148e+12 1.44095e+13
772
1.32071e+12 1.23558e+13
1.38615e+12 1.25764e+13
1.94406e+12 1.42561e+13
1.25705e+12 4.32271e+12
5.01043e+12 1.02743e+13
7.58504e+12 1.39453e+13
773
1.3317e+12 1.25035e+13
1.39478e+12 1.27181e+13
1.93336e+12 1.43492e+13
1.26447e+12 4.28525e+12
5.05999e+12 1.02674e+13
7.57768e+12 1.38411e+13
774
1.38015e+12 1.27751e+13
1.45075e+12 1.30116e+13
2.11169e+12 1.49764e+13
1.30912e+12 4.70393e+12
5.27264e+12 1.11029e+13
8.09544e+12 1.5171e+13
775
1.39157e+12 1.29121e+13
1.45954e+12 1.314e+13
2.09737e+12 1.50418e+13
1.31822e+12 4.65777e+12
5.31657e+12 1.10719e+13
8.05966e+12 1.5007e+13
776
1.40757e+12 1.30732e+13
1.47775e+12 1.33096e+13
2.10541e+12 1.51872e+13
1.33569e+12 4.67476e+12
5.32604e+12 1.10521e+13
8.11521e+12 1.50519e+13
777
1.43727e+12 1.3291e+13
1.51126e+12 1.35401e+13
2.18004e+12 1.55317e+13
1.36454e+12 4.84175e+12
5.42533e+12 1.13534e+13
8.34535e+12 1.55472e+13
778
1.43593e+12 1.34055e+13
1.5043e+12 1.3636e+13
2.0912e+12 1.54009e+13
1.36e+12 4.61206e+12
5.44754e+12 1.10545e+13
8.16815e+12 1.49131e+13
779
1.47923e+12 1.36604e+13
1.55561e+12 1.39151e+13
2.22953e+12 1.59114e+13
1.40564e+12 4.93682e+12
5.56892e+12 1.15962e+13
8.56021e+12 1.58898e+13
780
1.48939e+12 1.37947e+13
1.56204e+12 1.40378e+13
2.18966e+12 1.59125e+13
1.40989e+12 4.82304e+12
5.63523e+12 1.15114e+13
8.5071e+12 1.56003e+13
781
1.52389e+12 1.40207e+13
1.59871e+12 1.42702e+13
2.27347e+12 1.6275e+13
1.4404e+12 5.00295e+12
5.76919e+12 1.18974e+13
8.75592e+12 1.61604e+13
782
1.565e+12 1.42764e+13
1.64636e+12 1.45473e+13
2.37919e+12 1.67146e+13
1.48272e+12 5.24582e+12
5.86407e+12 1.22806e+13
9.05166e+12 1.68648e+13
783
1.58879e+12 1.44826e+13
1.66907e+12 1.47502e+13
2.38919e+12 1.6882e+13
1.50011e+12 5.24235e+12
5.96066e+12 1.23716e+13
9.11888e+12 1.68935e+13
784
1.59849e+12 1.4637e+13
1.67424e+12 1.48901e+13
2.32426e+12 1.68247e+13
1.50423e+12 5.05576e+12
5.98325e+12 1.20936e+13
8.98784e+12 1.63506e+13
785
1.66986e+12 1.49872e+13
1.75772e+12 1.52772e+13
2.54284e+12 1.75816e+13
1.57111e+12 5.5442e+12
6.21022e+12 1.29818e+13
9.59908e+12 1.78483e+13
786
1.70514e+12 1.52131e+13
1.79054e+12 1.54937e+13
2.57569e+12 1.77834e+13
1.59477e+12 5.558e+12
6.35012e+12 1.3137e+13
9.71791e+12 1.7949e+13
787
1.72166e+12 1.53619e+13
1.80431e+12 1.5633e+13
2.48052e+12 1.76271e+13
1.60357e+12 5.2827e+12
6.32773e+12 1.26636e+13
9.50566e+12 1.71503e+13
788
1.7924e+12 1.56705e+13
1.8791e+12 1.5955e+13
2.61116e+12 1.80978e+13
1.65654e+12 5.50746e+12
6.52652e+12 1.31413e+13
9.8668e+12 1.78659e+13
789
1.89196e+12 1.59364e+13
1.97502e+12 1.62151e+13
2.69228e+12 1.8325e+13
1.69412e+12 5.52265e+12
6.68857e+12 1.32818e+13
1.00126e+13 1.79549e+13
790
2.00176e+12 1.63175e+13
2.10567e+12 1.66243e+13
2.98341e+12 1.90044e+13
1.78716e+12 5.90169e+12
6.9679e+12 1.4035e+13
1.06134e+13 1.91884e+13
791
2.01383e+12 1.67087e+13
2.12434e+12 1.70381e+13
3.09026e+12 1.96126e+13
1.9223e+12 6.21393e+12
7.32008e+12 1.46942e+13
1.12485e+13 2.02574e+13
792
1.96387e+12 1.695e+13
2.06585e+12 1.72674e+13
2.88375e+12 1.9537e+13
1.93035e+12 5.9377e+12
7.64213e+12 1.43209e+13
1.14312e+13 1.94764e+13
793
1.99636e+12 1.74715e+13
2.10384e+12 1.78131e+13
3.02247e+12 2.04237e+13
1.96354e+12 6.42656e+12
7.91405e+12 1.53771e+13
1.21388e+13 2.11142e+13
794
1.967e+12 1.78924e+13
2.07068e+12 1.82392e+13
2.92723e+12 2.07647e+13
1.94905e+12 6.46616e+12
7.84474e+12 1.58641e+13
1.19516e+13 2.18302e+13
795
1.9778e+12 1.84843e+13
2.08016e+12 1.88389e+13
2.97667e+12 2.16106e+13
1.94781e+12 6.93899e+12
7.86974e+12 1.69681e+13
1.20537e+13 2.31255e+13
796
1.9479e+12 1.91416e+13
2.04445e+12 1.95102e+13
2.84391e+12 2.22691e+13
1.92427e+12 6.94736e+12
7.71709e+12 1.63372e+13
1.16604e+13 2.20602e+13
797
1.98985e+12 2.08898e+13
2.09654e+12 2.13194e+13
3.07515e+12 2.45052e+13
1.95864e+12 7.60338e+12
7.93653e+12 1.74802e+13
1.23211e+13 2.39706e+13
798
1.93083e+12 2.08849e+13
2.02888e+12 2.1252e+13
2.79609e+12 2.37572e+13
1.91683e+12 6.83134e+12
7.67807e+12 1.6124e+13
1.15369e+13 2.17e+13
799
1.90522e+12 2.07797e+13
1.99646e+12 2.11062e+13
2.68751e+12 2.33403e+13
1.88701e+12 6.52597e+12
7.63405e+12 1.56304e+13
1.12646e+13 2.08416e+13
800
1.97153e+12 2.10571e+13
2.07515e+12 2.14352e+13
3.02149e+12 2.44163e+13
1.94095e+12 7.45601e+12
7.817e+12 1.71923e+13
1.2093e+13 2.34953e+13
801
1.90413e+12 2.07222e+13
1.9964e+12 2.10554e+13
2.71999e+12 2.3382e+13
1.88928e+12 6.63387e+12
7.61305e+12 1.57671e+13
1.13481e+13 2.11334e+13
802
1.92924e+12 2.08249e+13
2.02751e+12 2.11851e+13
2.85853e+12 2.38185e+13
1.90443e+12 7.01559e+12
7.72473e+12 1.64505e+13
1.17245e+13 2.22778e+13
803
1.89057e+12 2.0659e+13
1.97805e+12 2.09766e+13
2.70339e+12 2.32918e+13
1.86303e+12 6.56629e+12
7.73047e+12 1.59113e+13
1.13764e+13 2.11657e+13
804
1.91011e+12 2.06885e+13
2.00558e+12 2.10358e+13
2.81513e+12 2.36119e+13
1.89211e+12 6.9265e+12
7.63756e+12 1.62461e+13
1.15617e+13 2.19517e+13
805
1.89925e+12 2.06414e+13
1.99434e+12 2.09881e+13
2.78805e+12 2.35277e+13
1.88572e+12 6.87512e+12
7.55853e+12 1.60666e+13
1.14429e+13 2.17021e+13
806
1.86677e+12 2.05081e+13
1.95731e+12 2.08404e+13
2.65296e+12 2.30874e+13
1.85912e+12 6.50079e+12
7.44226e+12 1.54334e+13
1.11096e+13 2.07092e+13
807
1.8491e+12 2.03926e+13
1.93328e+12 2.0699e+13
2.60236e+12 2.28601e+13
1.83052e+12 6.33746e+12
7.52329e+12 1.53638e+13
1.10402e+13 2.03951e+13
808
1.88046e+12 2.05009e+13
1.97423e+12 2.08415e+13
2.79664e+12 2.3454e+13
1.86863e+12 6.919e+12
7.5404e+12 1.61705e+13
1.14325e+13 2.18509e+13
809
1.86411e+12 2.04326e+13
1.95523e+12 2.07627e+13
2.76792e+12 2.33605e+13
1.84795e+12 6.85459e+12
7.68208e+12 1.62905e+13
1.15344e+13 2.18872e+13
810
1.8626e+12 2.0389e+13
1.9555e+12 2.07284e+13
2.7961e+12 2.34098e+13
1.83742e+12 6.95851e+12
7.71848e+12 1.65259e+13
1.16662e+13 2.23003e+13
811
1.84247e+12 2.02877e+13
1.93441e+12 2.06239e+13
2.74977e+12 2.32312e+13
1.82856e+12 6.8685e+12
7.54033e+12 1.62336e+13
1.13935e+13 2.18878e+13
812
1.82585e+12 2.01764e+13
1.91785e+12 2.05154e+13
2.71904e+12 2.31069e+13
1.81997e+12 6.84711e+12
7.35853e+12 1.59397e+13
1.1192e+13 2.15447e+13
813
1.82784e+12 2.02194e+13
1.92143e+12 2.05721e+13
2.80084e+12 2.3381e+13
1.81141e+12 7.0745e+12
7.54588e+12 1.65553e+13
1.15095e+13 2.24039e+13
814
1.76187e+12 1.99404e+13
1.84512e+12 2.02448e+13
2.56181e+12 2.2553e+13
1.77149e+12 6.42705e+12
7.20181e+12 1.52031e+13
1.07471e+13 2.03579e+13
815
1.76687e+12 1.98547e+13
1.85587e+12 2.01819e+13
2.65512e+12 2.276e+13
1.76263e+12 6.73609e+12
7.32755e+12 1.58754e+13
1.11094e+13 2.14213e+13
816
1.7771e+12 1.98133e+13
1.8713e+12 2.01597e+13
2.75359e+12 2.30033e+13
1.76366e+12 7.06982e+12
7.32791e+12 1.63672e+13
1.12831e+13 2.22477e+13
817
1.69646e+12 1.9421e+13
1.77762e+12 1.9726e+13
2.44956e+12 2.1941e+13
1.70351e+12 6.21575e+12
6.96649e+12 1.47496e+13
1.04105e+13 1.97468e+13
818
1.70096e+12 1.93575e+13
1.78321e+12 1.96645e+13
2.54511e+12 2.21561e+13
1.69269e+12 6.48731e+12
7.18974e+12 1.54966e+13
1.07368e+13 2.06985e+13
819
1.67184e+12 1.91547e+13
1.75349e+12 1.94556e+13
2.48729e+12 2.18304e+13
1.67488e+12 6.3471e+12
6.96759e+12 1.50051e+13
1.04522e+13 2.01024e+13
820
1.64242e+12 1.88873e+13
1.72484e+12 1.91917e+13
2.41278e+12 2.14407e+13
1.65471e+12 6.17922e+12
6.67425e+12 1.43736e+13
1.01219e+13 1.94016e+13
821
1.6275e+12 1.86705e+13
1.70981e+12 1.89724e+13
2.41463e+12 2.12712e+13
1.63711e+12 6.21685e+12
6.61233e+12 1.44057e+13
1.00658e+13 1.94827e+13
822
1.65025e+12 1.85828e+13
1.73701e+12 1.89023e+13
2.55936e+12 2.1555e+13
1.63948e+12 6.62804e+12
6.70192e+12 1.5148e+13
1.03463e+13 2.05814e+13
823
1.6062e+12 1.82966e+13
1.68872e+12 1.86028e+13
2.44512e+12 2.1047e+13
1.60937e+12 6.31773e+12
6.52601e+12 1.45033e+13
9.9985e+12 1.96432e+13
824
1.5634e+12 1.79979e+13
1.64212e+12 1.82884e+13
2.33991e+12 2.05568e+13
1.58263e+12 6.04022e+12
6.4196e+12 1.39798e+13
9.72497e+12 1.88237e+13
825
1.49451e+12 1.76466e+13
1.56633e+12 1.79155e+13
2.19272e+12 1.9939e+13
1.54164e+12 5.65857e+12
6.39384e+12 1.35245e+13
9.50181e+12 1.80469e+13
826
1.48399e+12 1.74718e+13
1.55855e+12 1.77481e+13
2.24671e+12 2.00112e+13
1.50649e+12 5.92105e+12
6.37651e+12 1.39491e+13
9.63572e+12 1.87041e+13
827
1.43135e+12 1.71704e+13
1.49826e+12 1.74269e+13
2.12799e+12 1.957e+13
1.44441e+12 5.64033e+12
6.32114e+12 1.38516e+13
9.32604e+12 1.82824e+13
828
1.4181e+12 1.70462e+13
1.48979e+12 1.73226e+13
2.13317e+12 1.94899e+13
1.42263e+12 5.69693e+12
5.9696e+12 1.33429e+13
9.07077e+12 1.79239e+13
829
1.41256e+12 1.68479e+13
1.48313e+12 1.71206e+13
2.17207e+12 1.95166e+13
1.40389e+12 5.7846e+12
6.01537e+12 1.36042e+13
9.0975e+12 1.82262e+13
830
1.39215e+12 1.63321e+13
1.46302e+12 1.65878e+13
2.14249e+12 1.87645e+13
1.38982e+12 5.64149e+12
5.79509e+12 1.30358e+13
8.83231e+12 1.75187e+13
831
1.38195e+12 1.59214e+13
1.45291e+12 1.61858e+13
2.12583e+12 1.83521e+13
1.36916e+12 5.52363e+12
5.7412e+12 1.27712e+13
8.76615e+12 1.72708e+13
832
1.34433e+12 1.53439e+13
1.40936e+12 1.55951e+13
1.9826e+12 1.7424e+13
1.33849e+12 5.05371e+12
5.50488e+12 1.18656e+13
8.28822e+12 1.59334e+13
833
1.33862e+12 1.51106e+13
1.40672e+12 1.53575e+13
1.999e+12 1.7213e+13
1.33668e+12 5.06904e+12
5.38505e+12 1.1737e+13
8.19059e+12 1.58591e+13
834
1.31705e+12 1.48024e+13
1.38056e+12 1.50368e+13
1.93943e+12 1.68543e+13
1.31847e+12 4.89338e+12
5.40365e+12 1.15152e+13
8.12074e+12 1.54729e+13
835
1.30688e+12 1.45755e+13
1.37025e+12 1.48029e+13
1.92159e+12 1.65476e+13
1.29878e+12 4.79881e+12
5.34161e+12 1.13549e+13
8.00846e+12 1.52222e+13
836
1.31954e+12 1.44814e+13
1.38501e+12 1.47219e+13
1.98573e+12 1.66308e+13
1.30439e+12 4.98224e+12
5.34848e+12 1.16622e+13
8.11241e+12 1.57303e+13
837
1.3225e+12 1.43792e+13
1.38729e+12 1.46181e+13
2.04371e+12 1.67092e+13
1.30566e+12 5.11376e+12
5.5088e+12 1.20283e+13
8.30644e+12 1.61379e+13
838
1.38052e+12 1.41371e+13
1.44053e+12 1.43514e+13
1.94581e+12 1.59681e+13
1.27519e+12 4.55539e+12
5.23352e+12 1.09058e+13
7.76796e+12 1.45608e+13
839
1.54474e+12 1.40705e+13
1.61973e+12 1.43086e+13
2.29665e+12 1.62815e+13
1.36763e+12 4.95272e+12
5.41916e+12 1.16556e+13
8.12668e+12 1.56964e+13
840
1.62569e+12 1.39024e+13
1.69811e+12 1.41162e+13
2.3112e+12 1.57875e+13
1.47112e+12 4.5785e+12
5.74198e+12 1.08882e+13
8.46604e+12 1.45712e+13
841
1.73894e+12 1.39149e+13
1.81893e+12 1.41386e+13
2.55148e+12 1.59819e+13
1.59388e+12 4.79996e+12
6.39902e+12 1.19548e+13
9.51715e+12 1.62028e+13
842
1.86772e+12 1.36996e+13
1.94448e+12 1.39061e+13
2.62641e+12 1.56893e+13
1.6575e+12 4.86645e+12
6.85591e+12 1.26769e+13
9.90719e+12 1.68502e+13
843
2.16436e+12 1.49207e+13
2.24987e+12 1.5214e+13
3.06101e+12 1.76119e+13
1.84794e+12 5.62626e+12
7.34382e+12 1.40225e+13
1.08676e+13 1.89913e+13
844
2.49496e+12 1.63206e+13
2.62648e+12 1.66276e+13
3.7453e+12 1.91105e+13
2.1192e+12 6.12653e+12
7.99647e+12 1.49622e+13
1.19729e+13 2.03558e+13
845
2.45288e+12 1.74224e+13
2.56739e+12 1.77172e+13
3.47897e+12 1.99111e+13
2.38161e+12 6.07128e+12
9.61247e+12 1.54995e+13
1.37979e+13 2.07487e+13
846
2.47472e+12 1.86536e+13
2.59548e+12 1.90178e+13
3.56026e+12 2.17007e+13
2.4334e+12 6.80299e+12
1.00445e+13 1.77554e+13
1.48251e+13 2.4209e+13
847
2.51061e+12 2.05797e+13
2.64366e+12 2.10095e+13
3.76884e+12 2.44703e+13
2.4969e+12 8.7145e+12
1.03046e+13 2.18832e+13
1.55791e+13 2.95211e+13
848
2.52972e+12 2.55923e+13
2.65578e+12 2.62282e+13
3.70322e+12 2.98432e+13
2.45799e+12 8.95489e+12
1.00771e+13 2.1259e+13
1.5184e+13 2.87252e+13
849
2.62884e+12 2.62571e+13
2.75362e+12 2.67067e+13
3.79571e+12 3.00516e+13
2.50206e+12 8.9371e+12
9.85702e+12 2.09367e+13
1.48844e+13 2.83053e+13
850
2.7585e+12 2.62412e+13
2.87722e+12 2.66491e+13
3.82112e+12 2.95003e+13
2.51628e+12 8.19268e+12
1.03631e+13 2.02488e+13
1.49623e+13 2.67023e+13
851
2.99156e+12 2.62131e+13
3.13428e+12 2.6665e+13
4.35882e+12 3.00039e+13
2.77043e+12 8.92085e+12
1.11444e+13 2.17057e+13
1.65268e+13 2.92464e+13
852
3.02888e+12 2.63161e+13
3.16457e+12 2.67402e+13
4.32431e+12 2.99341e+13
2.88629e+12 8.75316e+12
1.21961e+13 2.23737e+13
1.75715e+13 2.97532e+13
853
2.90457e+12 2.70423e+13
3.03788e+12 2.74815e+13
4.12857e+12 3.05721e+13
2.97598e+12 9.06069e+12
1.20796e+13 2.27145e+13
1.76287e+13 3.03041e+13
854
2.78324e+12 2.93116e+13
2.92502e+12 2.98632e+13
4.24354e+12 3.40069e+13
2.93964e+12 1.04166e+13
1.28347e+13 2.63981e+13
1.9141e+13 3.54256e+13
855
2.6339e+12 3.13806e+13
2.76454e+12 3.19058e+13
3.91666e+12 3.59664e+13
2.70342e+12 1.05976e+13
1.23836e+13 2.68772e+13
1.84257e+13 3.56949e+13
856
2.53526e+12 3.24585e+13
2.67141e+12 3.30769e+13
3.91806e+12 3.77491e+13
2.62102e+12 1.11964e+13
1.15219e+13 2.68721e+13
1.7443e+13 3.62225e+13
857
2.34771e+12 3.19951e+13
2.46679e+12 3.24774e+13
3.54158e+12 3.63854e+13
2.46124e+12 1.03053e+13
1.1016e+13 2.43309e+13
1.64487e+13 3.23434e+13
858
2.24702e+12 3.00588e+13
2.35815e+12 3.04726e+13
3.30963e+12 3.36204e+13
2.31346e+12 9.47285e+12
9.84644e+12 2.22995e+13
1.48467e+13 2.98223e+13
859
2.23747e+12 2.84642e+13
2.3537e+12 2.89142e+13
3.37062e+12 3.24482e+13
2.25584e+12 9.47337e+12
9.24798e+12 2.14658e+13
1.40972e+13 2.89291e+13
860
2.21723e+12 2.69902e+13
2.33443e+12 2.74188e+13
3.33945e+12 3.0726e+13
2.20325e+12 8.93744e+12
9.18374e+12 2.04543e+13
1.39576e+13 2.75522e+13
861
2.16227e+12 2.49689e+13
2.26068e+12 2.53093e+13
3.04833e+12 2.77669e+13
2.13115e+12 7.58886e+12
8.82189e+12 1.82806e+13
1.29638e+13 2.4256e+13
862
2.20948e+12 2.39072e+13
2.31354e+12 2.42857e+13
3.13429e+12 2.68576e+13
2.15688e+12 7.55543e+12
8.8161e+12 1.81105e+13
1.30138e+13 2.41234e+13
863
2.29135e+12 2.35329e+13
2.40529e+12 2.3917e+13
3.38767e+12 2.68638e+13
2.21916e+12 7.95331e+12
9.1781e+12 1.90818e+13
1.37756e+13 2.57168e+13
864
2.27926e+12 2.32719e+13
2.39362e+12 2.36664e+13
3.3615e+12 2.66008e+13
2.26005e+12 7.91368e+12
9.23897e+12 1.89328e+13
1.38995e+13 2.55764e+13
865
2.31112e+12 2.34915e+13
2.42842e+12 2.39043e+13
3.49097e+12 2.71895e+13
2.27244e+12 8.38391e+12
9.41283e+12 2.00447e+13
1.43235e+13 2.72037e+13
866
2.28336e+12 2.38063e+13
2.39491e+12 2.42136e+13
3.34858e+12 2.72973e+13
2.25344e+12 8.14041e+12
9.27621e+12 1.94773e+13
1.38727e+13 2.61283e+13
867
2.29592e+12 2.43198e+13
2.41213e+12 2.47348e+13
3.45044e+12 2.79744e+13
2.28729e+12 8.46558e+12
9.25195e+12 1.97683e+13
1.40454e+13 2.67419e+13
868
2.1966e+12 2.40388e+13
2.29929e+12 2.44172e+13
3.14885e+12 2.71725e+13
2.21452e+12 7.74655e+12
9.30712e+12 1.90274e+13
1.37143e+13 2.53009e+13
869
2.19111e+12 2.42289e+13
2.29924e+12 2.46292e+13
3.26143e+12 2.77669e+13
2.20777e+12 8.26266e+12
9.15548e+12 1.9667e+13
1.37629e+13 2.64304e+13
870
2.17968e+12 2.43074e+13
2.28834e+12 2.47141e+13
3.24263e+12 2.7868e+13
2.16362e+12 8.28187e+12
9.02933e+12 1.95785e+13
1.36135e+13 2.62853e+13
871
2.14404e+12 2.40547e+13
2.24861e+12 2.44419e+13
3.12684e+12 2.72372e+13
2.1424e+12 7.87992e+12
8.71375e+12 1.85708e+13
1.30719e+13 2.49195e+13
872
2.10157e+12 2.35469e+13
2.20285e+12 2.39111e+13
3.0924e+12 2.66989e+13
2.11822e+12 7.73678e+12
8.85146e+12 1.85679e+13
1.31904e+13 2.48433e+13
873
2.06126e+12 2.30807e+13
2.16259e+12 2.34499e+13
3.05983e+12 2.6341e+13
2.08262e+12 7.78453e+12
8.73829e+12 1.86187e+13
1.31139e+13 2.49793e+13
874
1.95942e+12 2.29545e+13
2.05353e+12 2.33101e+13
2.90161e+12 2.61016e+13
2.0143e+12 7.58984e+12
8.61402e+12 1.83452e+13
1.27843e+13 2.44304e+13
875
1.87153e+12 2.2707e+13
1.96639e+12 2.30725e+13
2.78082e+12 2.58294e+13
1.9367e+12 7.54572e+12
8.1031e+12 1.77966e+13
1.22361e+13 2.38743e+13
876
1.83254e+12 2.22246e+13
1.92323e+12 2.25729e+13
2.7222e+12 2.53263e+13
1.84463e+12 7.3894e+12
7.7311e+12 1.73408e+13
1.16561e+13 2.32463e+13
877
1.77194e+12 2.14091e+13
1.85669e+12 2.17356e+13
2.55508e+12 2.41081e+13
1.79258e+12 6.74938e+12
7.40525e+12 1.58343e+13
1.0992e+13 2.10006e+13
878
1.79399e+12 2.04177e+13
1.88631e+12 2.07317e+13
2.71104e+12 2.32393e+13
1.78993e+12 6.96087e+12
7.37507e+12 1.61994e+13
1.1247e+13 2.19128e+13
879
1.80327e+12 1.97151e+13
1.89961e+12 2.00633e+13
2.78027e+12 2.28593e+13
1.79587e+12 7.08631e+12
7.28161e+12 1.62077e+13
1.12504e+13 2.20632e+13
880
1.75595e+12 1.91687e+13
1.8412e+12 1.94718e+13
2.5861e+12 2.18143e+13
1.74716e+12 6.41985e+12
7.18683e+12 1.52326e+13
1.07593e+13 2.0427e+13
881
1.77595e+12 1.89433e+13
1.8662e+12 1.92662e+13
2.67643e+12 2.18029e+13
1.76217e+12 6.61681e+12
7.19647e+12 1.54988e+13
1.0932e+13 2.09548e+13
882
1.79399e+12 1.88023e+13
1.88505e+12 1.91227e+13
2.70829e+12 2.16905e+13
1.76657e+12 6.6289e+12
7.19286e+12 1.54906e+13
1.09556e+13 2.09719e+13
883
1.81219e+12 1.87631e+13
1.90712e+12 1.90943e+13
2.77312e+12 2.17564e+13
1.7938e+12 6.76105e+12
7.26671e+12 1.56892e+13
1.11463e+13 2.13433e+13
884
1.8037e+12 1.86145e+13
1.89279e+12 1.8924e+13
2.62214e+12 2.12111e+13
1.77171e+12 6.29413e+12
7.09517e+12 1.48741e+13
1.06998e+13 2.00782e+13
885
1.83378e+12 1.87538e+13
1.9269e+12 1.90855e+13
2.72215e+12 2.15651e+13
1.81452e+12 6.52346e+12
7.25524e+12 1.5272e+13
1.10081e+13 2.06718e+13
886
1.82892e+12 1.88176e+13
1.91739e+12 1.91251e+13
2.66796e+12 2.14173e+13
1.81081e+12 6.36578e+12
7.38296e+12 1.52727e+13
1.10334e+13 2.05447e+13
887
1.88621e+12 1.92034e+13
1.98386e+12 1.95572e+13
2.85191e+12 2.22613e+13
1.85805e+12 6.89845e+12
7.42046e+12 1.60156e+13
1.14013e+13 2.18196e+13
888
1.89897e+12 1.9212e+13
1.9841e+12 1.95174e+13
2.67601e+12 2.16843e+13
1.83064e+12 6.23844e+12
7.45351e+12 1.50939e+13
1.10067e+13 2.01499e+13
889
2.01105e+12 1.95349e+13
2.11174e+12 1.98698e+13
3.02673e+12 2.26213e+13
1.95351e+12 6.99693e+12
7.99402e+12 1.66413e+13
1.20452e+13 2.2477e+13
890
1.89707e+12 1.9691e+13
1.99073e+12 2.0018e+13
2.83314e+12 2.26009e+13
1.94174e+12 6.86257e+12
8.2384e+12 1.67548e+13
1.23482e+13 2.25737e+13
891
1.80056e+12 2.01024e+13
1.88344e+12 2.04332e+13
2.55073e+12 2.27442e+13
1.82826e+12 6.52784e+12
7.5933e+12 1.61906e+13
1.12298e+13 2.16269e+13
892
1.87628e+12 2.11014e+13
1.96866e+12 2.1456e+13
2.79093e+12 2.40979e+13
1.84119e+12 7.07372e+12
7.51383e+12 1.65097e+13
1.1338e+13 2.22306e+13
893
1.86365e+12 2.0003e+13
1.95558e+12 2.03344e+13
2.72427e+12 2.27751e+13
1.85525e+12 6.63055e+12
7.517e+12 1.55213e+13
1.13031e+13 2.0905e+13
894
1.85684e+12 1.94164e+13
1.94741e+12 1.97349e+13
2.70287e+12 2.2088e+13
1.85596e+12 6.56162e+12
7.4461e+12 1.55657e+13
1.11904e+13 2.09874e+13
895
1.8693e+12 1.97723e+13
1.96256e+12 2.01092e+13
2.75064e+12 2.2594e+13
1.86578e+12 6.72934e+12
7.51248e+12 1.58671e+13
1.13407e+13 2.14372e+13
896
1.86878e+12 1.98146e+13
1.95973e+12 2.01408e+13
2.76247e+12 2.26556e+13
1.86429e+12 6.77845e+12
7.61673e+12 1.60511e+13
1.14593e+13 2.16033e+13
897
1.88735e+12 1.98379e+13
1.98157e+12 2.01746e+13
2.83382e+12 2.2868e+13
1.87064e+12 6.97449e+12
7.69407e+12 1.64647e+13
1.16275e+13 2.22045e+13
898
1.84483e+12 1.97167e+13
1.93066e+12 2.00259e+13
2.64112e+12 2.22983e+13
1.83785e+12 6.40729e+12
7.60005e+12 1.55471e+13
1.12105e+13 2.07144e+13
899
1.8942e+12 1.98653e+13
1.98945e+12 2.02042e+13
2.86773e+12 2.29508e+13
1.87632e+12 7.04719e+12
7.78526e+12 1.6709e+13
1.18013e+13 2.2573e+13
900
1.90555e+12 1.99003e+13
2.00159e+12 2.02426e+13
2.86011e+12 2.29316e+13
1.88787e+12 7.00169e+12
7.61381e+12 1.63439e+13
1.15992e+13 2.21505e+13
901
1.86752e+12 1.97588e+13
1.95707e+12 2.00737e+13
2.70819e+12 2.24138e+13
1.87181e+12 6.56162e+12
7.61541e+12 1.56716e+13
1.134e+13 2.10053e+13
902
1.88985e+12 1.98943e+13
1.98426e+12 2.02333e+13
2.83288e+12 2.29204e+13
1.88239e+12 6.98916e+12
7.74393e+12 1.65716e+13
1.1719e+13 2.23817e+13
903
1.84637e+12 1.99622e+13
1.93208e+12 2.02751e+13
2.66516e+12 2.2627e+13
1.844e+12 6.56848e+12
7.65264e+12 1.58482e+13
1.13251e+13 2.11273e+13
904
1.88057e+12 1.99914e+13
1.97445e+12 2.03276e+13
2.84064e+12 2.30524e+13
1.8702e+12 7.05137e+12
7.75176e+12 1.66634e+13
1.17228e+13 2.24576e+13
905
1.88731e+12 1.99359e+13
1.98421e+12 2.02779e+13
2.88706e+12 2.30997e+13
1.87668e+12 7.15274e+12
7.75359e+12 1.68033e+13
1.18007e+13 2.27307e+13
906
1.85057e+12 1.97458e+13
1.941e+12 2.00711e+13
2.71821e+12 2.25313e+13
1.84985e+12 6.70601e+12
7.52474e+12 1.58616e+13
1.13194e+13 2.13567e+13
907
1.82601e+12 1.96223e+13
1.91096e+12 1.99303e+13
2.61658e+12 2.21871e+13
1.82588e+12 6.41469e+12
7.49921e+12 1.54489e+13
1.10877e+13 2.06018e+13
908
1.81785e+12 1.95468e+13
1.90436e+12 1.98583e+13
2.58163e+12 2.20226e+13
1.82246e+12 6.32437e+12
7.3604e+12 1.51317e+13
1.09419e+13 2.02673e+13
909
1.8372e+12 1.96029e+13
1.92694e+12 1.99258e+13
2.68605e+12 2.23356e+13
1.83588e+12 6.61556e+12
7.48283e+12 1.57105e+13
1.12298e+13 2.11236e+13
910
1.83898e+12 1.95547e+13
1.92804e+12 1.98735e+13
2.69446e+12 2.22966e+13
1.83713e+12 6.62464e+12
7.4856e+12 1.57242e+13
1.12132e+13 2.11212e+13
911
1.83949e+12 1.95062e+13
1.92801e+12 1.98233e+13
2.6722e+12 2.21765e+13
1.83055e+12 6.53408e+12
7.47268e+12 1.55855e+13
1.11653e+13 2.09122e+13
912
1.88471e+12 1.96291e+13
1.98093e+12 1.99695e+13
2.86622e+12 2.27213e+13
1.87409e+12 7.02954e+12
7.67502e+12 1.64856e+13
1.16881e+13 2.2333e+13
913
1.84392e+12 1.95301e+13
1.93458e+12 1.98536e+13
2.72672e+12 2.23473e+13
1.85108e+12 6.71664e+12
7.58323e+12 1.59732e+13
1.14108e+13 2.15167e+13
914
1.81885e+12 1.96648e+13
1.91023e+12 1.99972e+13
2.67363e+12 2.2446e+13
1.83346e+12 6.70231e+12
7.42344e+12 1.57642e+13
1.12121e+13 2.12698e+13
915
1.82622e+12 1.97243e+13
1.92133e+12 2.00676e+13
2.79696e+12 2.2842e+13
1.83308e+12 7.08027e+12
7.50475e+12 1.6459e+13
1.15049e+13 2.23375e+13
916
1.74585e+12 1.9332e+13
1.82956e+12 1.96412e+13
2.51955e+12 2.18766e+13
1.76669e+12 6.3548e+12
7.23573e+12 1.51321e+13
1.07673e+13 2.02277e+13
917
1.7539e+12 1.91652e+13
1.84365e+12 1.94943e+13
2.62888e+12 2.20232e+13
1.76416e+12 6.68111e+12
7.16258e+12 1.55472e+13
1.09114e+13 2.10457e+13
918
1.75709e+12 1.88589e+13
1.84602e+12 1.91769e+13
2.63545e+12 2.16699e+13
1.75157e+12 6.59598e+12
7.11742e+12 1.53723e+13
1.08307e+13 2.08065e+13
919
1.76819e+12 1.85458e+13
1.85786e+12 1.88632e+13
2.63915e+12 2.12941e+13
1.76372e+12 6.48421e+12
7.10442e+12 1.51306e+13
1.0803e+13 2.05006e+13
920
1.77607e+12 1.84318e+13
1.86497e+12 1.87452e+13
2.64871e+12 2.11777e+13
1.77126e+12 6.46634e+12
7.16314e+12 1.51882e+13
1.08801e+13 2.05741e+13
921
1.80061e+12 1.86078e+13
1.89201e+12 1.89343e+13
2.70306e+12 2.14761e+13
1.79032e+12 6.62712e+12
7.2248e+12 1.54745e+13
1.10363e+13 2.10206e+13
922
1.842e+12 1.87532e+13
1.935e+12 1.90837e+13
2.77492e+12 2.16782e+13
1.82234e+12 6.70923e+12
7.35259e+12 1.56766e+13
1.1239e+13 2.13065e+13
923
1.89336e+12 1.87669e+13
1.98397e+12 1.90775e+13
2.74732e+12 2.14134e+13
1.85599e+12 6.45065e+12
7.45548e+12 1.53405e+13
1.11553e+13 2.0616e+13
924
2.02277e+12 1.92443e+13
2.12141e+12 1.95743e+13
3.03108e+12 2.22425e+13
1.96602e+12 6.9566e+12
7.91998e+12 1.64813e+13
1.2005e+13 2.23527e+13
925
2.08089e+12 1.99955e+13
2.18553e+12 2.03506e+13
3.18246e+12 2.32965e+13
2.07692e+12 7.38542e+12
8.42485e+12 1.7599e+13
1.27858e+13 2.39169e+13
926
2.06524e+12 2.12107e+13
2.16872e+12 2.15779e+13
3.14532e+12 2.46244e+13
2.06442e+12 7.69121e+12
8.52952e+12 1.83993e+13
1.29625e+13 2.49171e+13
927
1.966e+12 2.15212e+13
2.05131e+12 2.18296e+13
2.74283e+12 2.40603e+13
1.98653e+12 6.73133e+12
8.26557e+12 1.65835e+13
1.19897e+13 2.18682e+13
928
2.00137e+12 2.15627e+13
2.09892e+12 2.19151e+13
2.95474e+12 2.46358e+13
2.02343e+12 7.39384e+12
8.18185e+12 1.73812e+13
1.23395e+13 2.34267e+13
929
1.95424e+12 2.1339e+13
2.04541e+12 2.16691e+13
2.81233e+12 2.41297e+13
1.97134e+12 7.00585e+12
8.17117e+12 1.69412e+13
1.20869e+13 2.25804e+13
930
1.93048e+12 2.11783e+13
2.02274e+12 2.15138e+13
2.81216e+12 2.40518e+13
1.95453e+12 7.08789e+12
8.03289e+12 1.68993e+13
1.199e+13 2.26275e+13
931
1.7723e+12 2.10757e+13
1.86386e+12 2.14379e+13
2.70867e+12 2.43674e+13
1.85077e+12 7.55196e+12
7.80712e+12 1.74566e+13
1.20714e+13 2.37129e+13
932
1.7469e+12 2.06275e+13
1.83159e+12 2.09636e+13
2.60962e+12 2.36618e+13
1.74782e+12 6.97382e+12
7.21606e+12 1.58144e+13
1.08619e+13 2.10805e+13
933
1.78894e+12 1.86747e+13
1.88243e+12 1.89991e+13
2.78734e+12 2.17761e+13
1.7807e+12 6.92051e+12
7.34166e+12 1.61106e+13
1.12856e+13 2.19047e+13
934
1.77017e+12 1.84386e+13
1.85862e+12 1.87524e+13
2.65155e+12 2.1228e+13
1.76949e+12 6.52021e+12
7.16518e+12 1.52993e+13
1.08929e+13 2.07214e+13
935
1.76463e+12 1.84202e+13
1.84863e+12 1.87181e+13
2.56154e+12 2.09551e+13
1.76148e+12 6.23037e+12
7.16e+12 1.48646e+13
1.06985e+13 1.99476e+13
936
1.80073e+12 1.85534e+13
1.88827e+12 1.88623e+13
2.63909e+12 2.1215e+13
1.79117e+12 6.38306e+12
7.26861e+12 1.51727e+13
1.09108e+13 2.04116e+13
937
1.84741e+12 1.88425e+13
1.94102e+12 1.9171e+13
2.79654e+12 2.18067e+13
1.84541e+12 6.78545e+12
7.47321e+12 1.5919e+13
1.14023e+13 2.16137e+13
938
1.86819e+12 1.91511e+13
1.96266e+12 1.94845e+13
2.82059e+12 2.21507e+13
1.86503e+12 6.89269e+12
7.55254e+12 1.61646e+13
1.15091e+13 2.19219e+13
939
1.89289e+12 1.94321e+13
1.99094e+12 1.97774e+13
2.88601e+12 2.25521e+13
1.89631e+12 7.08264e+12
7.64431e+12 1.64911e+13
1.1749e+13 2.24714e+13
940
1.89776e+12 1.95905e+13
1.99167e+12 1.99231e+13
2.81465e+12 2.25024e+13
1.89158e+12 6.86846e+12
7.64478e+12 1.61603e+13
1.15528e+13 2.18041e+13
941
1.92646e+12 1.97704e+13
2.02228e+12 2.01097e+13
2.85568e+12 2.27126e+13
1.91677e+12 6.95889e+12
7.72876e+12 1.63742e+13
1.17227e+13 2.21681e+13
942
2.0079e+12 2.00855e+13
2.11108e+12 2.04391e+13
3.03208e+12 2.32123e+13
1.99225e+12 7.22686e+12
7.99506e+12 1.69258e+13
1.22273e+13 2.30495e+13
943
1.89262e+12 2.04137e+13
1.99069e+12 2.07691e+13
2.85633e+12 2.35127e+13
1.96452e+12 7.29619e+12
7.99135e+12 1.71998e+13
1.21944e+13 2.33604e+13
944
1.75673e+12 2.08938e+13
1.84103e+12 2.12197e+13
2.53852e+12 2.35842e+13
1.81029e+12 6.8345e+12
7.45419e+12 1.61053e+13
1.1127e+13 2.14995e+13
945
1.7302e+12 1.97584e+13
1.81802e+12 2.00829e+13
2.61822e+12 2.26791e+13
1.76134e+12 6.90542e+12
7.20883e+12 1.59341e+13
1.09935e+13 2.15201e+13
946
1.79435e+12 1.87231e+13
1.88523e+12 1.90384e+13
2.73557e+12 2.16451e+13
1.76801e+12 6.73694e+12
7.16773e+12 1.5617e+13
1.09615e+13 2.11784e+13
947
1.82818e+12 1.81965e+13
1.92181e+12 1.85155e+13
2.79772e+12 2.11511e+13
1.82745e+12 6.70387e+12
7.4541e+12 1.58391e+13
1.14091e+13 2.15682e+13
948
1.84898e+12 1.89157e+13
1.94604e+12 1.9261e+13
2.8446e+12 2.20532e+13
1.85752e+12 7.0092e+12
7.45927e+12 1.62338e+13
1.15205e+13 2.21807e+13
949
1.82541e+12 1.90908e+13
1.91791e+12 1.94196e+13
2.72518e+12 2.19475e+13
1.84557e+12 6.74974e+12
7.45537e+12 1.58367e+13
1.13419e+13 2.14696e+13
950
1.81358e+12 1.92838e+13
1.90502e+12 1.9616e+13
2.71733e+12 2.22134e+13
1.82954e+12 6.83471e+12
7.45404e+12 1.60363e+13
1.13279e+13 2.16888e+13
951
1.81267e+12 1.92117e+13
1.9044e+12 1.95387e+13
2.74019e+12 2.2158e+13
1.82382e+12 6.8581e+12
7.46187e+12 1.60811e+13
1.13811e+13 2.17992e+13
952
1.80854e+12 1.91105e+13
1.9022e+12 1.94451e+13
2.75807e+12 2.21293e+13
1.82542e+12 6.92045e+12
7.40136e+12 1.60877e+13
1.13683e+13 2.18993e+13
953
1.78803e+12 1.89828e+13
1.87809e+12 1.93052e+13
2.67338e+12 2.18138e+13
1.80424e+12 6.69997e+12
7.30492e+12 1.56673e+13
1.11101e+13 2.12119e+13
954
1.77953e+12 1.88827e+13
1.87033e+12 1.92071e+13
2.66307e+12 2.17043e+13
1.79608e+12 6.66782e+12
7.26437e+12 1.55933e+13
1.10875e+13 2.11651e+13
955
1.79813e+12 1.88296e+13
1.88578e+12 1.915e+13
2.7232e+12 2.17884e+13
1.7966e+12 6.80851e+12
7.38071e+12 1.59711e+13
1.12459e+13 2.16227e+13
956
1.85275e+12 1.86665e+13
1.94179e+12 1.89726e+13
2.71426e+12 2.13246e+13
1.84232e+12 6.43983e+12
7.47728e+12 1.53046e+13
1.12048e+13 2.05768e+13
957
1.90496e+12 1.919e+13
1.99856e+12 1.95103e+13
2.78891e+12 2.19675e+13
1.89806e+12 6.71939e+12
7.63269e+12 1.59078e+13
1.14835e+13 2.14535e+13
958
1.99018e+12 1.97885e+13
2.09244e+12 2.01327e+13
2.96595e+12 2.27466e+13
2.00027e+12 7.01895e+12
7.98539e+12 1.66038e+13
1.20743e+13 2.24818e+13
959
1.9066e+12 2.05618e+13
2.0069e+12 2.09441e+13
2.90749e+12 2.39299e+13
1.95585e+12 7.63679e+12
8.02974e+12 1.78324e+13
1.23245e+13 2.4208e+13
960
1.8739e+12 2.05433e+13
1.96715e+12 2.08717e+13
2.76141e+12 2.33696e+13
1.89803e+12 6.95911e+12
7.7203e+12 1.63344e+13
1.16292e+13 2.19912e+13
961
1.85066e+12 1.98634e+13
1.94042e+12 2.01937e+13
2.71059e+12 2.2679e+13
1.87246e+12 6.80131e+12
7.67421e+12 1.61764e+13
1.1485e+13 2.17029e+13
962
1.84029e+12 1.9719e+13
1.93199e+12 2.00513e+13
2.73786e+12 2.26217e+13
1.86286e+12 6.91234e+12
7.61448e+12 1.6281e+13
1.15095e+13 2.19498e+13
963
1.8223e+12 1.95552e+13
1.91461e+12 1.9886e+13
2.74874e+12 2.25335e+13
1.84195e+12 6.97986e+12
7.58258e+12 1.64118e+13
1.15485e+13 2.22302e+13
964
1.77262e+12 1.9184e+13
1.862e+12 1.95061e+13
2.5901e+12 2.1831e+13
1.80366e+12 6.55316e+12
7.26206e+12 1.5395e+13
1.09803e+13 2.07938e+13
965
1.75252e+12 1.89594e+13
1.8391e+12 1.92728e+13
2.59333e+12 2.16772e+13
1.77933e+12 6.58393e+12
7.25876e+12 1.55011e+13
1.09577e+13 2.08897e+13
966
1.72576e+12 1.87057e+13
1.81714e+12 1.90362e+13
2.61728e+12 2.15806e+13
1.76066e+12 6.70218e+12
7.17476e+12 1.55987e+13
1.10074e+13 2.12152e+13
967
1.70824e+12 1.8369e+13
1.79605e+12 1.86849e+13
2.58094e+12 2.11748e+13
1.7172e+12 6.55908e+12
7.0498e+12 1.53445e+13
1.07499e+13 2.07873e+13
968
1.72974e+12 1.78702e+13
1.81716e+12 1.81778e+13
2.61433e+12 2.06524e+13
1.73322e+12 6.45033e+12
7.15336e+12 1.52744e+13
1.08971e+13 2.07192e+13
969
1.75898e+12 1.80176e+13
1.85179e+12 1.83349e+13
2.65473e+12 2.0775e+13
1.80393e+12 6.45614e+12
7.41373e+12 1.53018e+13
1.1257e+13 2.07649e+13
970
1.64463e+12 1.8857e+13
1.72933e+12 1.91837e+13
2.472e+12 2.1642e+13
1.69228e+12 6.58836e+12
6.99859e+12 1.54229e+13
1.06478e+13 2.08127e+13
971
1.56636e+12 1.78524e+13
1.65189e+12 1.81689e+13
2.45232e+12 2.07503e+13
1.60841e+12 6.57709e+12
6.69789e+12 1.51836e+13
1.04134e+13 2.074e+13
972
1.46207e+12 1.66183e+13
1.53643e+12 1.68907e+13
2.17593e+12 1.89518e+13
1.49996e+12 5.69959e+12
6.21973e+12 1.34334e+13
9.39366e+12 1.80829e+13
973
1.40828e+12 1.57946e+13
1.47972e+12 1.60567e+13
2.14589e+12 1.81955e+13
1.44273e+12 5.62219e+12
6.0116e+12 1.31817e+13
9.12785e+12 1.77757e+13
974
1.32898e+12 1.49889e+13
1.39517e+12 1.52316e+13
1.95195e+12 1.70315e+13
1.36158e+12 5.08817e+12
5.60135e+12 1.2007e+13
8.43365e+12 1.61435e+13
975
1.28829e+12 1.43769e+13
1.35304e+12 1.46142e+13
1.96539e+12 1.6577e+13
1.31696e+12 5.13674e+12
5.4939e+12 1.20436e+13
8.32666e+12 1.62139e+13
976
1.23157e+12 1.37245e+13
1.29372e+12 1.3952e+13
1.88352e+12 1.58392e+13
1.26044e+12 4.91668e+12
5.2836e+12 1.15767e+13
8.02942e+12 1.56182e+13
977
1.18551e+12 1.31601e+13
1.24546e+12 1.3379e+13
1.84357e+12 1.5284e+13
1.20758e+12 4.81711e+12
5.15943e+12 1.13913e+13
7.81546e+12 1.53168e+13
978
1.13288e+12 1.25675e+13
1.19058e+12 1.27784e+13
1.76559e+12 1.46106e+13
1.15729e+12 4.62226e+12
4.93932e+12 1.09178e+13
7.48258e+12 1.46814e+13
979
1.06108e+12 1.19245e+13
1.11054e+12 1.21061e+13
1.56134e+12 1.35634e+13
1.08267e+12 4.06016e+12
4.57842e+12 9.74271e+12
6.73934e+12 1.28901e+13
980
1.02275e+12 1.14282e+13
1.07245e+12 1.16109e+13
1.57871e+12 1.32326e+13
1.04282e+12 4.13296e+12
4.53883e+12 9.92605e+12
6.75123e+12 1.31922e+13
981
9.7906e+11 1.08823e+13
1.02679e+12 1.1057e+13
1.52558e+12 1.2647e+13
9.97354e+11 3.98595e+12
4.36419e+12 9.57351e+12
6.48968e+12 1.2713e+13
982
9.23508e+11 1.03339e+13
9.68251e+11 1.04984e+13
1.41038e+12 1.1918e+13
9.44136e+11 3.70204e+12
4.03996e+12 8.82424e+12
6.02419e+12 1.17491e+13
983
8.80619e+11 9.83945e+12
9.2225e+11 9.99207e+12
1.36817e+12 1.14141e+13
9.00016e+11 3.5925e+12
3.97464e+12 8.68001e+12
5.81078e+12 1.13896e+13
984
8.4045e+11 9.35633e+12
8.82714e+11 9.51146e+12
1.35463e+12 1.10118e+13
8.5993e+11 3.57076e+12
3.82844e+12 8.55632e+12
5.72976e+12 1.13858e+13
985
7.91326e+11 8.83263e+12
8.31983e+11 8.98135e+12
1.25685e+12 1.0333e+13
8.1336e+11 3.33242e+12
3.49003e+12 7.8169e+12
5.29867e+12 1.05064e+13
986
7.40035e+11 8.33011e+12
7.76389e+11 8.46385e+12
1.17833e+12 9.74609e+12
7.56358e+11 3.1167e+12
3.3777e+12 7.51295e+12
5.01096e+12 9.94291e+12
987
6.96227e+11 7.81498e+12
7.31458e+11 7.94466e+12
1.12789e+12 9.21139e+12
7.15913e+11 3.00244e+12
3.19268e+12 7.18043e+12
4.76946e+12 9.53923e+12
988
6.51642e+11 7.30264e+12
6.83172e+11 7.41824e+12
1.05354e+12 8.5919e+12
6.69831e+11 2.77779e+12
3.03103e+12 6.73058e+12
4.44554e+12 8.83233e+12
989
5.99195e+11 6.82792e+12
6.26831e+11 6.93117e+12
9.31128e+11 7.91876e+12
6.15262e+11 2.48118e+12
2.76577e+12 6.05132e+12
4.00585e+12 7.88491e+12
990
5.55491e+11 6.35237e+12
5.81436e+11 6.44866e+12
8.7878e+11 7.40401e+12
5.74077e+11 2.35375e+12
2.59574e+12 5.72639e+12
3.77569e+12 7.47488e+12
991
5.20264e+11 5.89721e+12
5.45653e+11 5.99015e+12
8.51124e+11 6.95244e+12
5.35674e+11 2.2668e+12
2.45879e+12 5.50843e+12
3.57982e+12 7.18531e+12
992
4.70894e+11 5.46734e+12
4.93664e+11 5.55532e+12
7.84643e+11 6.5141e+12
4.84283e+11 2.14894e+12
2.37984e+12 5.36991e+12
3.36207e+12 6.85624e+12
993
4.04344e+11 4.8917e+12
4.23478e+11 4.96296e+12
6.56109e+11 5.71701e+12
4.23452e+11 1.82256e+12
2.00309e+12 4.52983e+12
2.83432e+12 5.80144e+12
994
3.3838e+11 4.30695e+12
3.54092e+11 4.37213e+12
5.52134e+11 5.05838e+12
3.58969e+11 1.59657e+12
1.73307e+12 3.89998e+12
2.46089e+12 4.98364e+12
995
2.782e+11 3.61599e+12
2.92022e+11 3.66728e+12
4.68302e+11 4.25069e+12
2.95147e+11 1.36752e+12
1.47133e+12 3.40866e+12
2.04815e+12 4.29681e+12
996
2.07557e+11 2.96118e+12
2.17688e+11 3.00527e+12
3.58796e+11 3.52015e+12
2.28006e+11 1.12536e+12
1.19693e+12 2.8001e+12
1.64882e+12 3.4994e+12
997
1.2664e+11 2.22623e+12
1.33118e+11 2.25498e+12
2.275e+11 2.61008e+12
1.49105e+11 8.30468e+11
8.16144e+11 2.05116e+12
1.11684e+12 2.54107e+12
998
5.33583e+10 1.41822e+12
5.60842e+10 1.43335e+12
9.87353e+10 1.62812e+12
6.58136e+10 5.02518e+11
3.88373e+11 1.15925e+12
5.31623e+11 1.40733e+12
999
5.73522e+09 6.01052e+11
6.25306e+09 6.06781e+11
1.62415e+10 6.82382e+11
1.59587e+10 2.05298e+11
1.20726e+11 4.57103e+11
1.65087e+11 5.45058e+11
